GHO (CODE),GHO (DISPLAY),GHO (URL),YEAR (DISPLAY),STARTYEAR,ENDYEAR,REGION (CODE),REGION (DISPLAY),COUNTRY (CODE),COUNTRY (DISPLAY),DIMENSION (TYPE),DIMENSION (CODE),DIMENSION (NAME),Numeric,Value,Low,High
NCD_BMI_MINUS2C,"Thinness among children and adolescents, BMI-for-age < -2 standard deviations below the median (%)",https://www.who.int/data/gho/data/indicators/indicator-details/GHO/prevalence-of-thinness-among-children-and-adolescents-bmi--2-standard-deviations-below-the-median-%28crude-estimate%29-%28-%29,1991,1991,1991,EMR,Eastern Mediterranean,ARE,United Arab Emirates,SEX,SEX_FMLE,Female,4.3476041,4.3 [1.4-9.7],1.369179,9.729366
NCD_BMI_18A,"Underweight among adults, BMI < 18.5 kg/m2 (age-standardized estimate) (%)",https://www.who.int/data/gho/data/indicators/indicator-details/GHO/prevalence-of-underweight-among-adults-bmi-18-%28age-standardized-estimate%29-%28-%29,1993,1993,1993,EMR,Eastern Mediterranean,ARE,United Arab Emirates,SEX,SEX_BTSX,Both sexes,4.1594647,4.2 [2.8-5.9],2.8078187,5.8511764
NCD_BMI_PLUS2C,"Obesity among children and adolescents, BMI-for-age > +2 standard deviations above the median (crude estimate) (%)",https://www.who.int/data/gho/data/indicators/indicator-details/GHO/prevalence-of-obesity-among-children-and-adolescents-bmi-2-standard-deviations-above-the-median-%28crude-estimate%29-%28-%29,1992,1992,1992,EMR,Eastern Mediterranean,ARE,United Arab Emirates,SEX,SEX_FMLE,Female,8.0650121,8.1 [4.1-13.6],4.0604722,13.565499
NCD_BMI_25C,"Overweight among adults, BMI ≥ 25 kg/m2 (crude estimate) (%)",https://www.who.int/data/gho/data/indicators/indicator-details/GHO/prevalence-of-overweight-among-adults-bmi-greaterequal-25-%28crude-estimate%29-%28-%29,2004,2004,2004,EMR,Eastern Mediterranean,ARE,United Arab Emirates,SEX,SEX_FMLE,Female,64.784127,64.8 [62.1-67.4],62.082231,67.441183
NCD_BMI_PLUS1C,"Overweight among children and adolescents, BMI-for-age > +1 standard deviations above the median (crude estimate) (%)",https://www.who.int/data/gho/data/indicators/indicator-details/GHO/prevalence-of-overweight-among-children-and-adolescents-bmi-1-standard-deviations-above-the-median-%28crude-estimate%29-%28-%29,2010,2010,2010,EMR,Eastern Mediterranean,ARE,United Arab Emirates,SEX,SEX_MLE,Male,41.104326,41.1 [36.7-45.6],36.70755,45.563069
NCD_BMI_PLUS2C,"Obesity among children and adolescents, BMI-for-age > +2 standard deviations above the median (crude estimate) (%)",https://www.who.int/data/gho/data/indicators/indicator-details/GHO/prevalence-of-obesity-among-children-and-adolescents-bmi-2-standard-deviations-above-the-median-%28crude-estimate%29-%28-%29,2004,2004,2004,EMR,Eastern Mediterranean,ARE,United Arab Emirates,SEX,SEX_FMLE,Female,11.713266,11.7 [6.0-19.2],6.0026947,19.232389
NCD_BMI_25A,"Overweight among adults, BMI ≥ 25 kg/m2 (age-standardized estimate) (%)",https://www.who.int/data/gho/data/indicators/indicator-details/GHO/prevalence-of-overweight-among-adults-bmi--25-%28age-standardized-estimate%29-%28-%29,1980,1980,1980,EMR,Eastern Mediterranean,ARE,United Arab Emirates,SEX,SEX_MLE,Male,43.571359,43.6 [32.9-54.3],32.90247,54.274446
NCD_BMI_25A,"Overweight among adults, BMI ≥ 25 kg/m2 (age-standardized estimate) (%)",https://www.who.int/data/gho/data/indicators/indicator-details/GHO/prevalence-of-overweight-among-adults-bmi--25-%28age-standardized-estimate%29-%28-%29,1981,1981,1981,EMR,Eastern Mediterranean,ARE,United Arab Emirates,SEX,SEX_MLE,Male,44.579145,44.6 [34.4-54.7],34.395173,54.739964
NCD_BMI_25A,"Overweight among adults, BMI ≥ 25 kg/m2 (age-standardized estimate) (%)",https://www.who.int/data/gho/data/indicators/indicator-details/GHO/prevalence-of-overweight-among-adults-bmi--25-%28age-standardized-estimate%29-%28-%29,1982,1982,1982,EMR,Eastern Mediterranean,ARE,United Arab Emirates,SEX,SEX_MLE,Male,45.604387,45.6 [36.0-55.2],36.030722,55.152887
NCD_BMI_25A,"Overweight among adults, BMI ≥ 25 kg/m2 (age-standardized estimate) (%)",https://www.who.int/data/gho/data/indicators/indicator-details/GHO/prevalence-of-overweight-among-adults-bmi--25-%28age-standardized-estimate%29-%28-%29,1983,1983,1983,EMR,Eastern Mediterranean,ARE,United Arab Emirates,SEX,SEX_MLE,Male,46.648404,46.6 [37.6-55.5],37.589943,55.541486
NCD_BMI_25A,"Overweight among adults, BMI ≥ 25 kg/m2 (age-standardized estimate) (%)",https://www.who.int/data/gho/data/indicators/indicator-details/GHO/prevalence-of-overweight-among-adults-bmi--25-%28age-standardized-estimate%29-%28-%29,1984,1984,1984,EMR,Eastern Mediterranean,ARE,United Arab Emirates,SEX,SEX_MLE,Male,47.710234,47.7 [39.2-56.0],39.170393,56.038421
NCD_BMI_25A,"Overweight among adults, BMI ≥ 25 kg/m2 (age-standardized estimate) (%)",https://www.who.int/data/gho/data/indicators/indicator-details/GHO/prevalence-of-overweight-among-adults-bmi--25-%28age-standardized-estimate%29-%28-%29,1986,1986,1986,EMR,Eastern Mediterranean,ARE,United Arab Emirates,SEX,SEX_MLE,Male,49.862632,49.9 [42.4-57.2],42.44301,57.211745
NCD_BMI_25A,"Overweight among adults, BMI ≥ 25 kg/m2 (age-standardized estimate) (%)",https://www.who.int/data/gho/data/indicators/indicator-details/GHO/prevalence-of-overweight-among-adults-bmi--25-%28age-standardized-estimate%29-%28-%29,1987,1987,1987,EMR,Eastern Mediterranean,ARE,United Arab Emirates,SEX,SEX_MLE,Male,50.946099,50.9 [44.0-57.8],43.982756,57.812232
NCD_BMI_25A,"Overweight among adults, BMI ≥ 25 kg/m2 (age-standardized estimate) (%)",https://www.who.int/data/gho/data/indicators/indicator-details/GHO/prevalence-of-overweight-among-adults-bmi--25-%28age-standardized-estimate%29-%28-%29,1988,1988,1988,EMR,Eastern Mediterranean,ARE,United Arab Emirates,SEX,SEX_MLE,Male,52.034485,52.0 [45.5-58.4],45.511362,58.429164
NCD_BMI_25A,"Overweight among adults, BMI ≥ 25 kg/m2 (age-standardized estimate) (%)",https://www.who.int/data/gho/data/indicators/indicator-details/GHO/prevalence-of-overweight-among-adults-bmi--25-%28age-standardized-estimate%29-%28-%29,1989,1989,1989,EMR,Eastern Mediterranean,ARE,United Arab Emirates,SEX,SEX_MLE,Male,53.127897,53.1 [47.0-59.1],47.021672,59.094268
NCD_BMI_25A,"Overweight among adults, BMI ≥ 25 kg/m2 (age-standardized estimate) (%)",https://www.who.int/data/gho/data/indicators/indicator-details/GHO/prevalence-of-overweight-among-adults-bmi--25-%28age-standardized-estimate%29-%28-%29,2023,2023,2023,EMR,Eastern Mediterranean,ARE,United Arab Emirates,SEX,SEX_MLE,Male,70.791024,70.8 [65.3-76.1],65.291709,76.056343
NCD_BMI_25A,"Overweight among adults, BMI ≥ 25 kg/m2 (age-standardized estimate) (%)",https://www.who.int/data/gho/data/indicators/indicator-details/GHO/prevalence-of-overweight-among-adults-bmi--25-%28age-standardized-estimate%29-%28-%29,2024,2024,2024,EMR,Eastern Mediterranean,ARE,United Arab Emirates,SEX,SEX_MLE,Male,70.674694,70.7 [64.5-76.5],64.507377,76.491588
NCD_BMI_25A,"Overweight among adults, BMI ≥ 25 kg/m2 (age-standardized estimate) (%)",https://www.who.int/data/gho/data/indicators/indicator-details/GHO/prevalence-of-overweight-among-adults-bmi--25-%28age-standardized-estimate%29-%28-%29,1980,1980,1980,EMR,Eastern Mediterranean,ARE,United Arab Emirates,SEX,SEX_FMLE,Female,55.319059,55.3 [44.8-66.1],44.780892,66.146249
NCD_BMI_25A,"Overweight among adults, BMI ≥ 25 kg/m2 (age-standardized estimate) (%)",https://www.who.int/data/gho/data/indicators/indicator-details/GHO/prevalence-of-overweight-among-adults-bmi--25-%28age-standardized-estimate%29-%28-%29,1981,1981,1981,EMR,Eastern Mediterranean,ARE,United Arab Emirates,SEX,SEX_FMLE,Female,55.858803,55.9 [45.8-66.1],45.837417,66.12159
NCD_BMI_25A,"Overweight among adults, BMI ≥ 25 kg/m2 (age-standardized estimate) (%)",https://www.who.int/data/gho/data/indicators/indicator-details/GHO/prevalence-of-overweight-among-adults-bmi--25-%28age-standardized-estimate%29-%28-%29,1982,1982,1982,EMR,Eastern Mediterranean,ARE,United Arab Emirates,SEX,SEX_FMLE,Female,56.401646,56.4 [46.9-66.0],46.908703,66.034502
NCD_BMI_25A,"Overweight among adults, BMI ≥ 25 kg/m2 (age-standardized estimate) (%)",https://www.who.int/data/gho/data/indicators/indicator-details/GHO/prevalence-of-overweight-among-adults-bmi--25-%28age-standardized-estimate%29-%28-%29,1983,1983,1983,EMR,Eastern Mediterranean,ARE,United Arab Emirates,SEX,SEX_FMLE,Female,56.945986,56.9 [48.0-65.9],48.019242,65.948874
NCD_BMI_25A,"Overweight among adults, BMI ≥ 25 kg/m2 (age-standardized estimate) (%)",https://www.who.int/data/gho/data/indicators/indicator-details/GHO/prevalence-of-overweight-among-adults-bmi--25-%28age-standardized-estimate%29-%28-%29,1984,1984,1984,EMR,Eastern Mediterranean,ARE,United Arab Emirates,SEX,SEX_FMLE,Female,57.488543,57.5 [49.1-65.8],49.087617,65.804917
NCD_BMI_25A,"Overweight among adults, BMI ≥ 25 kg/m2 (age-standardized estimate) (%)",https://www.who.int/data/gho/data/indicators/indicator-details/GHO/prevalence-of-overweight-among-adults-bmi--25-%28age-standardized-estimate%29-%28-%29,1986,1986,1986,EMR,Eastern Mediterranean,ARE,United Arab Emirates,SEX,SEX_FMLE,Female,58.572775,58.6 [51.3-65.7],51.258451,65.670204
NCD_BMI_25A,"Overweight among adults, BMI ≥ 25 kg/m2 (age-standardized estimate) (%)",https://www.who.int/data/gho/data/indicators/indicator-details/GHO/prevalence-of-overweight-among-adults-bmi--25-%28age-standardized-estimate%29-%28-%29,1987,1987,1987,EMR,Eastern Mediterranean,ARE,United Arab Emirates,SEX,SEX_FMLE,Female,59.112459,59.1 [52.3-65.8],52.293843,65.778303
NCD_BMI_25A,"Overweight among adults, BMI ≥ 25 kg/m2 (age-standardized estimate) (%)",https://www.who.int/data/gho/data/indicators/indicator-details/GHO/prevalence-of-overweight-among-adults-bmi--25-%28age-standardized-estimate%29-%28-%29,1988,1988,1988,EMR,Eastern Mediterranean,ARE,United Arab Emirates,SEX,SEX_FMLE,Female,59.651619,59.7 [53.3-65.8],53.27335,65.823007
NCD_BMI_25A,"Overweight among adults, BMI ≥ 25 kg/m2 (age-standardized estimate) (%)",https://www.who.int/data/gho/data/indicators/indicator-details/GHO/prevalence-of-overweight-among-adults-bmi--25-%28age-standardized-estimate%29-%28-%29,1989,1989,1989,EMR,Eastern Mediterranean,ARE,United Arab Emirates,SEX,SEX_FMLE,Female,60.189539,60.2 [54.2-66.0],54.24549,65.975845
NCD_BMI_25A,"Overweight among adults, BMI ≥ 25 kg/m2 (age-standardized estimate) (%)",https://www.who.int/data/gho/data/indicators/indicator-details/GHO/prevalence-of-overweight-among-adults-bmi--25-%28age-standardized-estimate%29-%28-%29,2023,2023,2023,EMR,Eastern Mediterranean,ARE,United Arab Emirates,SEX,SEX_FMLE,Female,69.060594,69.1 [64.3-73.8],64.262849,73.802245
NCD_BMI_25A,"Overweight among adults, BMI ≥ 25 kg/m2 (age-standardized estimate) (%)",https://www.who.int/data/gho/data/indicators/indicator-details/GHO/prevalence-of-overweight-among-adults-bmi--25-%28age-standardized-estimate%29-%28-%29,2024,2024,2024,EMR,Eastern Mediterranean,ARE,United Arab Emirates,SEX,SEX_FMLE,Female,68.968433,69.0 [63.8-74.1],63.783097,74.057871
NCD_BMI_25A,"Overweight among adults, BMI ≥ 25 kg/m2 (age-standardized estimate) (%)",https://www.who.int/data/gho/data/indicators/indicator-details/GHO/prevalence-of-overweight-among-adults-bmi--25-%28age-standardized-estimate%29-%28-%29,1980,1980,1980,EMR,Eastern Mediterranean,ARE,United Arab Emirates,SEX,SEX_BTSX,Both sexes,46.494138,46.5 [38.1-55.1],38.065931,55.098528
NCD_BMI_25A,"Overweight among adults, BMI ≥ 25 kg/m2 (age-standardized estimate) (%)",https://www.who.int/data/gho/data/indicators/indicator-details/GHO/prevalence-of-overweight-among-adults-bmi--25-%28age-standardized-estimate%29-%28-%29,1981,1981,1981,EMR,Eastern Mediterranean,ARE,United Arab Emirates,SEX,SEX_BTSX,Both sexes,47.447383,47.4 [39.4-55.5],39.427868,55.529714
NCD_BMI_25A,"Overweight among adults, BMI ≥ 25 kg/m2 (age-standardized estimate) (%)",https://www.who.int/data/gho/data/indicators/indicator-details/GHO/prevalence-of-overweight-among-adults-bmi--25-%28age-standardized-estimate%29-%28-%29,1982,1982,1982,EMR,Eastern Mediterranean,ARE,United Arab Emirates,SEX,SEX_BTSX,Both sexes,48.439395,48.4 [41.0-56.0],40.971288,56.014931
NCD_BMI_25A,"Overweight among adults, BMI ≥ 25 kg/m2 (age-standardized estimate) (%)",https://www.who.int/data/gho/data/indicators/indicator-details/GHO/prevalence-of-overweight-among-adults-bmi--25-%28age-standardized-estimate%29-%28-%29,1983,1983,1983,EMR,Eastern Mediterranean,ARE,United Arab Emirates,SEX,SEX_BTSX,Both sexes,49.436897,49.4 [42.5-56.5],42.451096,56.519705
NCD_BMI_25A,"Overweight among adults, BMI ≥ 25 kg/m2 (age-standardized estimate) (%)",https://www.who.int/data/gho/data/indicators/indicator-details/GHO/prevalence-of-overweight-among-adults-bmi--25-%28age-standardized-estimate%29-%28-%29,1984,1984,1984,EMR,Eastern Mediterranean,ARE,United Arab Emirates,SEX,SEX_BTSX,Both sexes,50.438643,50.4 [43.9-57.0],43.854326,57.041776
NCD_BMI_25A,"Overweight among adults, BMI ≥ 25 kg/m2 (age-standardized estimate) (%)",https://www.who.int/data/gho/data/indicators/indicator-details/GHO/prevalence-of-overweight-among-adults-bmi--25-%28age-standardized-estimate%29-%28-%29,1986,1986,1986,EMR,Eastern Mediterranean,ARE,United Arab Emirates,SEX,SEX_BTSX,Both sexes,52.381855,52.4 [46.6-58.1],46.601453,58.126831
NCD_BMI_25A,"Overweight among adults, BMI ≥ 25 kg/m2 (age-standardized estimate) (%)",https://www.who.int/data/gho/data/indicators/indicator-details/GHO/prevalence-of-overweight-among-adults-bmi--25-%28age-standardized-estimate%29-%28-%29,1987,1987,1987,EMR,Eastern Mediterranean,ARE,United Arab Emirates,SEX,SEX_BTSX,Both sexes,53.282374,53.3 [47.9-58.7],47.890022,58.670431
NCD_BMI_25A,"Overweight among adults, BMI ≥ 25 kg/m2 (age-standardized estimate) (%)",https://www.who.int/data/gho/data/indicators/indicator-details/GHO/prevalence-of-overweight-among-adults-bmi--25-%28age-standardized-estimate%29-%28-%29,1988,1988,1988,EMR,Eastern Mediterranean,ARE,United Arab Emirates,SEX,SEX_BTSX,Both sexes,54.194319,54.2 [49.1-59.2],49.138448,59.217864
NCD_BMI_25A,"Overweight among adults, BMI ≥ 25 kg/m2 (age-standardized estimate) (%)",https://www.who.int/data/gho/data/indicators/indicator-details/GHO/prevalence-of-overweight-among-adults-bmi--25-%28age-standardized-estimate%29-%28-%29,1989,1989,1989,EMR,Eastern Mediterranean,ARE,United Arab Emirates,SEX,SEX_BTSX,Both sexes,55.118775,55.1 [50.3-59.8],50.314718,59.78505
NCD_BMI_25A,"Overweight among adults, BMI ≥ 25 kg/m2 (age-standardized estimate) (%)",https://www.who.int/data/gho/data/indicators/indicator-details/GHO/prevalence-of-overweight-among-adults-bmi--25-%28age-standardized-estimate%29-%28-%29,2023,2023,2023,EMR,Eastern Mediterranean,ARE,United Arab Emirates,SEX,SEX_BTSX,Both sexes,70.248961,70.2 [66.3-74.0],66.272593,73.985839
NCD_BMI_25A,"Overweight among adults, BMI ≥ 25 kg/m2 (age-standardized estimate) (%)",https://www.who.int/data/gho/data/indicators/indicator-details/GHO/prevalence-of-overweight-among-adults-bmi--25-%28age-standardized-estimate%29-%28-%29,2024,2024,2024,EMR,Eastern Mediterranean,ARE,United Arab Emirates,SEX,SEX_BTSX,Both sexes,70.113194,70.1 [65.7-74.2],65.724528,74.229115
NCD_BMI_18A,"Underweight among adults, BMI < 18.5 kg/m2 (age-standardized estimate) (%)",https://www.who.int/data/gho/data/indicators/indicator-details/GHO/prevalence-of-underweight-among-adults-bmi-18-%28age-standardized-estimate%29-%28-%29,1980,1980,1980,EMR,Eastern Mediterranean,ARE,United Arab Emirates,SEX,SEX_MLE,Male,7.1608789,7.2 [2.6-14.4],2.6029855,14.410198
NCD_BMI_18A,"Underweight among adults, BMI < 18.5 kg/m2 (age-standardized estimate) (%)",https://www.who.int/data/gho/data/indicators/indicator-details/GHO/prevalence-of-underweight-among-adults-bmi-18-%28age-standardized-estimate%29-%28-%29,1981,1981,1981,EMR,Eastern Mediterranean,ARE,United Arab Emirates,SEX,SEX_MLE,Male,6.9263175,6.9 [2.7-13.5],2.6573382,13.488729
NCD_BMI_18A,"Underweight among adults, BMI < 18.5 kg/m2 (age-standardized estimate) (%)",https://www.who.int/data/gho/data/indicators/indicator-details/GHO/prevalence-of-underweight-among-adults-bmi-18-%28age-standardized-estimate%29-%28-%29,1982,1982,1982,EMR,Eastern Mediterranean,ARE,United Arab Emirates,SEX,SEX_MLE,Male,6.6978425,6.7 [2.7-12.7],2.7214242,12.730658
NCD_BMI_18A,"Underweight among adults, BMI < 18.5 kg/m2 (age-standardized estimate) (%)",https://www.who.int/data/gho/data/indicators/indicator-details/GHO/prevalence-of-underweight-among-adults-bmi-18-%28age-standardized-estimate%29-%28-%29,1983,1983,1983,EMR,Eastern Mediterranean,ARE,United Arab Emirates,SEX,SEX_MLE,Male,6.4773344,6.5 [2.8-12.0],2.7716132,11.963766
NCD_BMI_18A,"Underweight among adults, BMI < 18.5 kg/m2 (age-standardized estimate) (%)",https://www.who.int/data/gho/data/indicators/indicator-details/GHO/prevalence-of-underweight-among-adults-bmi-18-%28age-standardized-estimate%29-%28-%29,1984,1984,1984,EMR,Eastern Mediterranean,ARE,United Arab Emirates,SEX,SEX_MLE,Male,6.2634043,6.3 [2.8-11.3],2.8279237,11.278567
NCD_BMI_18A,"Underweight among adults, BMI < 18.5 kg/m2 (age-standardized estimate) (%)",https://www.who.int/data/gho/data/indicators/indicator-details/GHO/prevalence-of-underweight-among-adults-bmi-18-%28age-standardized-estimate%29-%28-%29,1985,1985,1985,EMR,Eastern Mediterranean,ARE,United Arab Emirates,SEX,SEX_MLE,Male,6.0564868,6.1 [2.8-10.6],2.8441312,10.611532
NCD_BMI_18A,"Underweight among adults, BMI < 18.5 kg/m2 (age-standardized estimate) (%)",https://www.who.int/data/gho/data/indicators/indicator-details/GHO/prevalence-of-underweight-among-adults-bmi-18-%28age-standardized-estimate%29-%28-%29,1986,1986,1986,EMR,Eastern Mediterranean,ARE,United Arab Emirates,SEX,SEX_MLE,Male,5.8580507,5.9 [2.9-10.0],2.8780039,10.015958
NCD_BMI_18A,"Underweight among adults, BMI < 18.5 kg/m2 (age-standardized estimate) (%)",https://www.who.int/data/gho/data/indicators/indicator-details/GHO/prevalence-of-underweight-among-adults-bmi-18-%28age-standardized-estimate%29-%28-%29,1987,1987,1987,EMR,Eastern Mediterranean,ARE,United Arab Emirates,SEX,SEX_MLE,Male,5.6667574,5.7 [2.9-9.4],2.8890068,9.4324663
NCD_BMI_18A,"Underweight among adults, BMI < 18.5 kg/m2 (age-standardized estimate) (%)",https://www.who.int/data/gho/data/indicators/indicator-details/GHO/prevalence-of-underweight-among-adults-bmi-18-%28age-standardized-estimate%29-%28-%29,1988,1988,1988,EMR,Eastern Mediterranean,ARE,United Arab Emirates,SEX,SEX_MLE,Male,5.4823924,5.5 [2.9-9.0],2.9040022,8.9751385
NCD_BMI_18A,"Underweight among adults, BMI < 18.5 kg/m2 (age-standardized estimate) (%)",https://www.who.int/data/gho/data/indicators/indicator-details/GHO/prevalence-of-underweight-among-adults-bmi-18-%28age-standardized-estimate%29-%28-%29,1989,1989,1989,EMR,Eastern Mediterranean,ARE,United Arab Emirates,SEX,SEX_MLE,Male,5.3046718,5.3 [2.9-8.5],2.9041493,8.5175827
NCD_BMI_18A,"Underweight among adults, BMI < 18.5 kg/m2 (age-standardized estimate) (%)",https://www.who.int/data/gho/data/indicators/indicator-details/GHO/prevalence-of-underweight-among-adults-bmi-18-%28age-standardized-estimate%29-%28-%29,2023,2023,2023,EMR,Eastern Mediterranean,ARE,United Arab Emirates,SEX,SEX_MLE,Male,2.9393407,2.9 [1.5-5.0],1.474591,4.9954966
NCD_BMI_18A,"Underweight among adults, BMI < 18.5 kg/m2 (age-standardized estimate) (%)",https://www.who.int/data/gho/data/indicators/indicator-details/GHO/prevalence-of-underweight-among-adults-bmi-18-%28age-standardized-estimate%29-%28-%29,2024,2024,2024,EMR,Eastern Mediterranean,ARE,United Arab Emirates,SEX,SEX_MLE,Male,2.9687621,3.0 [1.4-5.2],1.4001312,5.2049112
NCD_BMI_18A,"Underweight among adults, BMI < 18.5 kg/m2 (age-standardized estimate) (%)",https://www.who.int/data/gho/data/indicators/indicator-details/GHO/prevalence-of-underweight-among-adults-bmi-18-%28age-standardized-estimate%29-%28-%29,1980,1980,1980,EMR,Eastern Mediterranean,ARE,United Arab Emirates,SEX,SEX_FMLE,Female,4.4307053,4.4 [1.5-9.1],1.5175514,9.1249891
NCD_BMI_18A,"Underweight among adults, BMI < 18.5 kg/m2 (age-standardized estimate) (%)",https://www.who.int/data/gho/data/indicators/indicator-details/GHO/prevalence-of-underweight-among-adults-bmi-18-%28age-standardized-estimate%29-%28-%29,1981,1981,1981,EMR,Eastern Mediterranean,ARE,United Arab Emirates,SEX,SEX_FMLE,Female,4.2892449,4.3 [1.6-8.6],1.5558105,8.6291239
NCD_BMI_18A,"Underweight among adults, BMI < 18.5 kg/m2 (age-standardized estimate) (%)",https://www.who.int/data/gho/data/indicators/indicator-details/GHO/prevalence-of-underweight-among-adults-bmi-18-%28age-standardized-estimate%29-%28-%29,1982,1982,1982,EMR,Eastern Mediterranean,ARE,United Arab Emirates,SEX,SEX_FMLE,Female,4.1531008,4.2 [1.6-8.1],1.5967108,8.118701
NCD_BMI_18A,"Underweight among adults, BMI < 18.5 kg/m2 (age-standardized estimate) (%)",https://www.who.int/data/gho/data/indicators/indicator-details/GHO/prevalence-of-underweight-among-adults-bmi-18-%28age-standardized-estimate%29-%28-%29,1983,1983,1983,EMR,Eastern Mediterranean,ARE,United Arab Emirates,SEX,SEX_FMLE,Female,4.0221147,4.0 [1.6-7.7],1.6363977,7.681226
NCD_BMI_18A,"Underweight among adults, BMI < 18.5 kg/m2 (age-standardized estimate) (%)",https://www.who.int/data/gho/data/indicators/indicator-details/GHO/prevalence-of-underweight-among-adults-bmi-18-%28age-standardized-estimate%29-%28-%29,1984,1984,1984,EMR,Eastern Mediterranean,ARE,United Arab Emirates,SEX,SEX_FMLE,Female,3.8965348,3.9 [1.7-7.3],1.6768498,7.2924294
NCD_BMI_18A,"Underweight among adults, BMI < 18.5 kg/m2 (age-standardized estimate) (%)",https://www.who.int/data/gho/data/indicators/indicator-details/GHO/prevalence-of-underweight-among-adults-bmi-18-%28age-standardized-estimate%29-%28-%29,1985,1985,1985,EMR,Eastern Mediterranean,ARE,United Arab Emirates,SEX,SEX_FMLE,Female,3.7756983,3.8 [1.7-6.9],1.7085858,6.9223851
NCD_BMI_18A,"Underweight among adults, BMI < 18.5 kg/m2 (age-standardized estimate) (%)",https://www.who.int/data/gho/data/indicators/indicator-details/GHO/prevalence-of-underweight-among-adults-bmi-18-%28age-standardized-estimate%29-%28-%29,1986,1986,1986,EMR,Eastern Mediterranean,ARE,United Arab Emirates,SEX,SEX_FMLE,Female,3.6599729,3.7 [1.7-6.5],1.7391266,6.533511
NCD_BMI_18A,"Underweight among adults, BMI < 18.5 kg/m2 (age-standardized estimate) (%)",https://www.who.int/data/gho/data/indicators/indicator-details/GHO/prevalence-of-underweight-among-adults-bmi-18-%28age-standardized-estimate%29-%28-%29,1987,1987,1987,EMR,Eastern Mediterranean,ARE,United Arab Emirates,SEX,SEX_FMLE,Female,3.5491657,3.5 [1.8-6.2],1.7519044,6.1900128
NCD_BMI_18A,"Underweight among adults, BMI < 18.5 kg/m2 (age-standardized estimate) (%)",https://www.who.int/data/gho/data/indicators/indicator-details/GHO/prevalence-of-underweight-among-adults-bmi-18-%28age-standardized-estimate%29-%28-%29,1988,1988,1988,EMR,Eastern Mediterranean,ARE,United Arab Emirates,SEX,SEX_FMLE,Female,3.443604,3.4 [1.8-5.8],1.7688671,5.8457617
NCD_BMI_18A,"Underweight among adults, BMI < 18.5 kg/m2 (age-standardized estimate) (%)",https://www.who.int/data/gho/data/indicators/indicator-details/GHO/prevalence-of-underweight-among-adults-bmi-18-%28age-standardized-estimate%29-%28-%29,1989,1989,1989,EMR,Eastern Mediterranean,ARE,United Arab Emirates,SEX,SEX_FMLE,Female,3.3436876,3.3 [1.8-5.5],1.8032154,5.5399541
NCD_BMI_18A,"Underweight among adults, BMI < 18.5 kg/m2 (age-standardized estimate) (%)",https://www.who.int/data/gho/data/indicators/indicator-details/GHO/prevalence-of-underweight-among-adults-bmi-18-%28age-standardized-estimate%29-%28-%29,2023,2023,2023,EMR,Eastern Mediterranean,ARE,United Arab Emirates,SEX,SEX_FMLE,Female,2.8481577,2.8 [1.6-4.5],1.6080756,4.5242731
NCD_BMI_18A,"Underweight among adults, BMI < 18.5 kg/m2 (age-standardized estimate) (%)",https://www.who.int/data/gho/data/indicators/indicator-details/GHO/prevalence-of-underweight-among-adults-bmi-18-%28age-standardized-estimate%29-%28-%29,2024,2024,2024,EMR,Eastern Mediterranean,ARE,United Arab Emirates,SEX,SEX_FMLE,Female,2.897875,2.9 [1.6-4.7],1.5766617,4.7422204
NCD_BMI_18A,"Underweight among adults, BMI < 18.5 kg/m2 (age-standardized estimate) (%)",https://www.who.int/data/gho/data/indicators/indicator-details/GHO/prevalence-of-underweight-among-adults-bmi-18-%28age-standardized-estimate%29-%28-%29,1980,1980,1980,EMR,Eastern Mediterranean,ARE,United Arab Emirates,SEX,SEX_BTSX,Both sexes,6.3985772,6.4 [2.9-11.8],2.9148456,11.751634
NCD_BMI_18A,"Underweight among adults, BMI < 18.5 kg/m2 (age-standardized estimate) (%)",https://www.who.int/data/gho/data/indicators/indicator-details/GHO/prevalence-of-underweight-among-adults-bmi-18-%28age-standardized-estimate%29-%28-%29,1981,1981,1981,EMR,Eastern Mediterranean,ARE,United Arab Emirates,SEX,SEX_BTSX,Both sexes,6.1838772,6.2 [3.0-11.0],2.9549224,10.975186
NCD_BMI_18A,"Underweight among adults, BMI < 18.5 kg/m2 (age-standardized estimate) (%)",https://www.who.int/data/gho/data/indicators/indicator-details/GHO/prevalence-of-underweight-among-adults-bmi-18-%28age-standardized-estimate%29-%28-%29,1982,1982,1982,EMR,Eastern Mediterranean,ARE,United Arab Emirates,SEX,SEX_BTSX,Both sexes,5.9676141,6.0 [3.0-10.4],2.9820861,10.35953
NCD_BMI_18A,"Underweight among adults, BMI < 18.5 kg/m2 (age-standardized estimate) (%)",https://www.who.int/data/gho/data/indicators/indicator-details/GHO/prevalence-of-underweight-among-adults-bmi-18-%28age-standardized-estimate%29-%28-%29,1983,1983,1983,EMR,Eastern Mediterranean,ARE,United Arab Emirates,SEX,SEX_BTSX,Both sexes,5.7583671,5.8 [3.0-9.7],2.9725464,9.7309418
NCD_BMI_18A,"Underweight among adults, BMI < 18.5 kg/m2 (age-standardized estimate) (%)",https://www.who.int/data/gho/data/indicators/indicator-details/GHO/prevalence-of-underweight-among-adults-bmi-18-%28age-standardized-estimate%29-%28-%29,1984,1984,1984,EMR,Eastern Mediterranean,ARE,United Arab Emirates,SEX,SEX_BTSX,Both sexes,5.5552561,5.6 [3.0-9.1],2.9862648,9.1309071
NCD_BMI_18A,"Underweight among adults, BMI < 18.5 kg/m2 (age-standardized estimate) (%)",https://www.who.int/data/gho/data/indicators/indicator-details/GHO/prevalence-of-underweight-among-adults-bmi-18-%28age-standardized-estimate%29-%28-%29,1985,1985,1985,EMR,Eastern Mediterranean,ARE,United Arab Emirates,SEX,SEX_BTSX,Both sexes,5.3587548,5.4 [3.0-8.6],2.9937111,8.5780725
NCD_BMI_18A,"Underweight among adults, BMI < 18.5 kg/m2 (age-standardized estimate) (%)",https://www.who.int/data/gho/data/indicators/indicator-details/GHO/prevalence-of-underweight-among-adults-bmi-18-%28age-standardized-estimate%29-%28-%29,1986,1986,1986,EMR,Eastern Mediterranean,ARE,United Arab Emirates,SEX,SEX_BTSX,Both sexes,5.1813234,5.2 [3.0-8.1],2.9763568,8.1074767
NCD_BMI_18A,"Underweight among adults, BMI < 18.5 kg/m2 (age-standardized estimate) (%)",https://www.who.int/data/gho/data/indicators/indicator-details/GHO/prevalence-of-underweight-among-adults-bmi-18-%28age-standardized-estimate%29-%28-%29,1987,1987,1987,EMR,Eastern Mediterranean,ARE,United Arab Emirates,SEX,SEX_BTSX,Both sexes,5.0202277,5.0 [3.0-7.7],2.9851012,7.7351257
NCD_BMI_18A,"Underweight among adults, BMI < 18.5 kg/m2 (age-standardized estimate) (%)",https://www.who.int/data/gho/data/indicators/indicator-details/GHO/prevalence-of-underweight-among-adults-bmi-18-%28age-standardized-estimate%29-%28-%29,1988,1988,1988,EMR,Eastern Mediterranean,ARE,United Arab Emirates,SEX,SEX_BTSX,Both sexes,4.8648681,4.9 [3.0-7.4],2.9543072,7.3544994
NCD_BMI_18A,"Underweight among adults, BMI < 18.5 kg/m2 (age-standardized estimate) (%)",https://www.who.int/data/gho/data/indicators/indicator-details/GHO/prevalence-of-underweight-among-adults-bmi-18-%28age-standardized-estimate%29-%28-%29,1989,1989,1989,EMR,Eastern Mediterranean,ARE,United Arab Emirates,SEX,SEX_BTSX,Both sexes,4.7144946,4.7 [2.9-7.0],2.9385692,7.0340596
NCD_BMI_18A,"Underweight among adults, BMI < 18.5 kg/m2 (age-standardized estimate) (%)",https://www.who.int/data/gho/data/indicators/indicator-details/GHO/prevalence-of-underweight-among-adults-bmi-18-%28age-standardized-estimate%29-%28-%29,2023,2023,2023,EMR,Eastern Mediterranean,ARE,United Arab Emirates,SEX,SEX_BTSX,Both sexes,2.8977459,2.9 [1.8-4.3],1.8463131,4.2914905
NCD_BMI_18A,"Underweight among adults, BMI < 18.5 kg/m2 (age-standardized estimate) (%)",https://www.who.int/data/gho/data/indicators/indicator-details/GHO/prevalence-of-underweight-among-adults-bmi-18-%28age-standardized-estimate%29-%28-%29,2024,2024,2024,EMR,Eastern Mediterranean,ARE,United Arab Emirates,SEX,SEX_BTSX,Both sexes,2.9364204,2.9 [1.8-4.5],1.8165987,4.4740207
NCD_BMI_18C,"Underweight among adults, BMI < 18.5 kg/m2 (crude estimate) (%)",https://www.who.int/data/gho/data/indicators/indicator-details/GHO/prevalence-of-underweight-among-adults-bmi-18-%28crude-estimate%29-%28-%29,1980,1980,1980,EMR,Eastern Mediterranean,ARE,United Arab Emirates,SEX,SEX_MLE,Male,6.4766034,6.5 [2.1-13.6],2.1367792,13.649376
NCD_BMI_18C,"Underweight among adults, BMI < 18.5 kg/m2 (crude estimate) (%)",https://www.who.int/data/gho/data/indicators/indicator-details/GHO/prevalence-of-underweight-among-adults-bmi-18-%28crude-estimate%29-%28-%29,1981,1981,1981,EMR,Eastern Mediterranean,ARE,United Arab Emirates,SEX,SEX_MLE,Male,6.2066991,6.2 [2.2-12.7],2.1829983,12.696631
NCD_BMI_18C,"Underweight among adults, BMI < 18.5 kg/m2 (crude estimate) (%)",https://www.who.int/data/gho/data/indicators/indicator-details/GHO/prevalence-of-underweight-among-adults-bmi-18-%28crude-estimate%29-%28-%29,1982,1982,1982,EMR,Eastern Mediterranean,ARE,United Arab Emirates,SEX,SEX_MLE,Male,5.9688866,6.0 [2.2-11.9],2.2287535,11.875942
NCD_BMI_18C,"Underweight among adults, BMI < 18.5 kg/m2 (crude estimate) (%)",https://www.who.int/data/gho/data/indicators/indicator-details/GHO/prevalence-of-underweight-among-adults-bmi-18-%28crude-estimate%29-%28-%29,1983,1983,1983,EMR,Eastern Mediterranean,ARE,United Arab Emirates,SEX,SEX_MLE,Male,5.7399031,5.7 [2.3-11.1],2.2667283,11.069804
NCD_BMI_18C,"Underweight among adults, BMI < 18.5 kg/m2 (crude estimate) (%)",https://www.who.int/data/gho/data/indicators/indicator-details/GHO/prevalence-of-underweight-among-adults-bmi-18-%28crude-estimate%29-%28-%29,1984,1984,1984,EMR,Eastern Mediterranean,ARE,United Arab Emirates,SEX,SEX_MLE,Male,5.5130962,5.5 [2.3-10.4],2.309211,10.365153
NCD_BMI_18C,"Underweight among adults, BMI < 18.5 kg/m2 (crude estimate) (%)",https://www.who.int/data/gho/data/indicators/indicator-details/GHO/prevalence-of-underweight-among-adults-bmi-18-%28crude-estimate%29-%28-%29,1985,1985,1985,EMR,Eastern Mediterranean,ARE,United Arab Emirates,SEX,SEX_MLE,Male,5.2857023,5.3 [2.3-9.6],2.3244731,9.6416578
NCD_BMI_18C,"Underweight among adults, BMI < 18.5 kg/m2 (crude estimate) (%)",https://www.who.int/data/gho/data/indicators/indicator-details/GHO/prevalence-of-underweight-among-adults-bmi-18-%28crude-estimate%29-%28-%29,1986,1986,1986,EMR,Eastern Mediterranean,ARE,United Arab Emirates,SEX,SEX_MLE,Male,5.1154498,5.1 [2.4-9.0],2.3652585,9.0470754
NCD_BMI_18C,"Underweight among adults, BMI < 18.5 kg/m2 (crude estimate) (%)",https://www.who.int/data/gho/data/indicators/indicator-details/GHO/prevalence-of-underweight-among-adults-bmi-18-%28crude-estimate%29-%28-%29,1987,1987,1987,EMR,Eastern Mediterranean,ARE,United Arab Emirates,SEX,SEX_MLE,Male,5.0123956,5.0 [2.4-8.7],2.4285538,8.6524442
NCD_BMI_18C,"Underweight among adults, BMI < 18.5 kg/m2 (crude estimate) (%)",https://www.who.int/data/gho/data/indicators/indicator-details/GHO/prevalence-of-underweight-among-adults-bmi-18-%28crude-estimate%29-%28-%29,1988,1988,1988,EMR,Eastern Mediterranean,ARE,United Arab Emirates,SEX,SEX_MLE,Male,4.9235944,4.9 [2.5-8.3],2.4941694,8.3445132
NCD_BMI_18C,"Underweight among adults, BMI < 18.5 kg/m2 (crude estimate) (%)",https://www.who.int/data/gho/data/indicators/indicator-details/GHO/prevalence-of-underweight-among-adults-bmi-18-%28crude-estimate%29-%28-%29,1989,1989,1989,EMR,Eastern Mediterranean,ARE,United Arab Emirates,SEX,SEX_MLE,Male,4.8316803,4.8 [2.5-8.0],2.5372868,7.9863094
NCD_BMI_18C,"Underweight among adults, BMI < 18.5 kg/m2 (crude estimate) (%)",https://www.who.int/data/gho/data/indicators/indicator-details/GHO/prevalence-of-underweight-among-adults-bmi-18-%28crude-estimate%29-%28-%29,2023,2023,2023,EMR,Eastern Mediterranean,ARE,United Arab Emirates,SEX,SEX_MLE,Male,2.5258262,2.5 [1.2-4.4],1.2270761,4.4304583
NCD_BMI_18C,"Underweight among adults, BMI < 18.5 kg/m2 (crude estimate) (%)",https://www.who.int/data/gho/data/indicators/indicator-details/GHO/prevalence-of-underweight-among-adults-bmi-18-%28crude-estimate%29-%28-%29,2024,2024,2024,EMR,Eastern Mediterranean,ARE,United Arab Emirates,SEX,SEX_MLE,Male,2.4853513,2.5 [1.1-4.5],1.1354975,4.4890583
NCD_BMI_18C,"Underweight among adults, BMI < 18.5 kg/m2 (crude estimate) (%)",https://www.who.int/data/gho/data/indicators/indicator-details/GHO/prevalence-of-underweight-among-adults-bmi-18-%28crude-estimate%29-%28-%29,1980,1980,1980,EMR,Eastern Mediterranean,ARE,United Arab Emirates,SEX,SEX_FMLE,Female,5.0559085,5.1 [1.7-10.7],1.6706219,10.712019
NCD_BMI_18C,"Underweight among adults, BMI < 18.5 kg/m2 (crude estimate) (%)",https://www.who.int/data/gho/data/indicators/indicator-details/GHO/prevalence-of-underweight-among-adults-bmi-18-%28crude-estimate%29-%28-%29,1981,1981,1981,EMR,Eastern Mediterranean,ARE,United Arab Emirates,SEX,SEX_FMLE,Female,4.9046651,4.9 [1.7-10.1],1.7113511,10.095962
NCD_BMI_18C,"Underweight among adults, BMI < 18.5 kg/m2 (crude estimate) (%)",https://www.who.int/data/gho/data/indicators/indicator-details/GHO/prevalence-of-underweight-among-adults-bmi-18-%28crude-estimate%29-%28-%29,1982,1982,1982,EMR,Eastern Mediterranean,ARE,United Arab Emirates,SEX,SEX_FMLE,Female,4.778209,4.8 [1.8-9.6],1.7821131,9.5620021
NCD_BMI_18C,"Underweight among adults, BMI < 18.5 kg/m2 (crude estimate) (%)",https://www.who.int/data/gho/data/indicators/indicator-details/GHO/prevalence-of-underweight-among-adults-bmi-18-%28crude-estimate%29-%28-%29,1983,1983,1983,EMR,Eastern Mediterranean,ARE,United Arab Emirates,SEX,SEX_FMLE,Female,4.6393976,4.6 [1.8-9.1],1.8405261,9.0703502
NCD_BMI_18C,"Underweight among adults, BMI < 18.5 kg/m2 (crude estimate) (%)",https://www.who.int/data/gho/data/indicators/indicator-details/GHO/prevalence-of-underweight-among-adults-bmi-18-%28crude-estimate%29-%28-%29,1984,1984,1984,EMR,Eastern Mediterranean,ARE,United Arab Emirates,SEX,SEX_FMLE,Female,4.4832971,4.5 [1.9-8.5],1.8841056,8.5134774
NCD_BMI_18C,"Underweight among adults, BMI < 18.5 kg/m2 (crude estimate) (%)",https://www.who.int/data/gho/data/indicators/indicator-details/GHO/prevalence-of-underweight-among-adults-bmi-18-%28crude-estimate%29-%28-%29,1985,1985,1985,EMR,Eastern Mediterranean,ARE,United Arab Emirates,SEX,SEX_FMLE,Female,4.3090284,4.3 [1.9-8.0],1.9091543,8.0072314
NCD_BMI_18C,"Underweight among adults, BMI < 18.5 kg/m2 (crude estimate) (%)",https://www.who.int/data/gho/data/indicators/indicator-details/GHO/prevalence-of-underweight-among-adults-bmi-18-%28crude-estimate%29-%28-%29,1986,1986,1986,EMR,Eastern Mediterranean,ARE,United Arab Emirates,SEX,SEX_FMLE,Female,4.1593693,4.2 [1.9-7.5],1.9297445,7.5357094
NCD_BMI_18C,"Underweight among adults, BMI < 18.5 kg/m2 (crude estimate) (%)",https://www.who.int/data/gho/data/indicators/indicator-details/GHO/prevalence-of-underweight-among-adults-bmi-18-%28crude-estimate%29-%28-%29,1987,1987,1987,EMR,Eastern Mediterranean,ARE,United Arab Emirates,SEX,SEX_FMLE,Female,4.0528424,4.1 [2.0-7.2],1.9748962,7.1718834
NCD_BMI_18C,"Underweight among adults, BMI < 18.5 kg/m2 (crude estimate) (%)",https://www.who.int/data/gho/data/indicators/indicator-details/GHO/prevalence-of-underweight-among-adults-bmi-18-%28crude-estimate%29-%28-%29,1988,1988,1988,EMR,Eastern Mediterranean,ARE,United Arab Emirates,SEX,SEX_FMLE,Female,3.9681505,4.0 [2.0-6.9],2.016389,6.8514012
NCD_BMI_18C,"Underweight among adults, BMI < 18.5 kg/m2 (crude estimate) (%)",https://www.who.int/data/gho/data/indicators/indicator-details/GHO/prevalence-of-underweight-among-adults-bmi-18-%28crude-estimate%29-%28-%29,1989,1989,1989,EMR,Eastern Mediterranean,ARE,United Arab Emirates,SEX,SEX_FMLE,Female,3.8962226,3.9 [2.0-6.6],2.0497816,6.5630116
NCD_BMI_18C,"Underweight among adults, BMI < 18.5 kg/m2 (crude estimate) (%)",https://www.who.int/data/gho/data/indicators/indicator-details/GHO/prevalence-of-underweight-among-adults-bmi-18-%28crude-estimate%29-%28-%29,2023,2023,2023,EMR,Eastern Mediterranean,ARE,United Arab Emirates,SEX,SEX_FMLE,Female,2.9418875,2.9 [1.7-4.7],1.6632868,4.6916526
NCD_BMI_18C,"Underweight among adults, BMI < 18.5 kg/m2 (crude estimate) (%)",https://www.who.int/data/gho/data/indicators/indicator-details/GHO/prevalence-of-underweight-among-adults-bmi-18-%28crude-estimate%29-%28-%29,2024,2024,2024,EMR,Eastern Mediterranean,ARE,United Arab Emirates,SEX,SEX_FMLE,Female,2.913891,2.9 [1.6-4.8],1.5766386,4.7839817
NCD_BMI_18C,"Underweight among adults, BMI < 18.5 kg/m2 (crude estimate) (%)",https://www.who.int/data/gho/data/indicators/indicator-details/GHO/prevalence-of-underweight-among-adults-bmi-18-%28crude-estimate%29-%28-%29,1980,1980,1980,EMR,Eastern Mediterranean,ARE,United Arab Emirates,SEX,SEX_BTSX,Both sexes,6.1876781,6.2 [2.6-11.9],2.5881836,11.936976
NCD_BMI_18C,"Underweight among adults, BMI < 18.5 kg/m2 (crude estimate) (%)",https://www.who.int/data/gho/data/indicators/indicator-details/GHO/prevalence-of-underweight-among-adults-bmi-18-%28crude-estimate%29-%28-%29,1981,1981,1981,EMR,Eastern Mediterranean,ARE,United Arab Emirates,SEX,SEX_BTSX,Both sexes,5.9341736,5.9 [2.6-11.1],2.6227482,11.117502
NCD_BMI_18C,"Underweight among adults, BMI < 18.5 kg/m2 (crude estimate) (%)",https://www.who.int/data/gho/data/indicators/indicator-details/GHO/prevalence-of-underweight-among-adults-bmi-18-%28crude-estimate%29-%28-%29,1982,1982,1982,EMR,Eastern Mediterranean,ARE,United Arab Emirates,SEX,SEX_BTSX,Both sexes,5.7076924,5.7 [2.7-10.4],2.6604375,10.419657
NCD_BMI_18C,"Underweight among adults, BMI < 18.5 kg/m2 (crude estimate) (%)",https://www.who.int/data/gho/data/indicators/indicator-details/GHO/prevalence-of-underweight-among-adults-bmi-18-%28crude-estimate%29-%28-%29,1983,1983,1983,EMR,Eastern Mediterranean,ARE,United Arab Emirates,SEX,SEX_BTSX,Both sexes,5.4877359,5.5 [2.7-9.7],2.695976,9.6748196
NCD_BMI_18C,"Underweight among adults, BMI < 18.5 kg/m2 (crude estimate) (%)",https://www.who.int/data/gho/data/indicators/indicator-details/GHO/prevalence-of-underweight-among-adults-bmi-18-%28crude-estimate%29-%28-%29,1984,1984,1984,EMR,Eastern Mediterranean,ARE,United Arab Emirates,SEX,SEX_BTSX,Both sexes,5.2675545,5.3 [2.7-9.0],2.6897471,9.0005986
NCD_BMI_18C,"Underweight among adults, BMI < 18.5 kg/m2 (crude estimate) (%)",https://www.who.int/data/gho/data/indicators/indicator-details/GHO/prevalence-of-underweight-among-adults-bmi-18-%28crude-estimate%29-%28-%29,1985,1985,1985,EMR,Eastern Mediterranean,ARE,United Arab Emirates,SEX,SEX_BTSX,Both sexes,5.0444033,5.0 [2.7-8.4],2.6902998,8.4045477
NCD_BMI_18C,"Underweight among adults, BMI < 18.5 kg/m2 (crude estimate) (%)",https://www.who.int/data/gho/data/indicators/indicator-details/GHO/prevalence-of-underweight-among-adults-bmi-18-%28crude-estimate%29-%28-%29,1986,1986,1986,EMR,Eastern Mediterranean,ARE,United Arab Emirates,SEX,SEX_BTSX,Both sexes,4.8759576,4.9 [2.7-7.9],2.700465,7.9414427
NCD_BMI_18C,"Underweight among adults, BMI < 18.5 kg/m2 (crude estimate) (%)",https://www.who.int/data/gho/data/indicators/indicator-details/GHO/prevalence-of-underweight-among-adults-bmi-18-%28crude-estimate%29-%28-%29,1987,1987,1987,EMR,Eastern Mediterranean,ARE,United Arab Emirates,SEX,SEX_BTSX,Both sexes,4.7732677,4.8 [2.7-7.6],2.7233673,7.5758621
NCD_BMI_18C,"Underweight among adults, BMI < 18.5 kg/m2 (crude estimate) (%)",https://www.who.int/data/gho/data/indicators/indicator-details/GHO/prevalence-of-underweight-among-adults-bmi-18-%28crude-estimate%29-%28-%29,1988,1988,1988,EMR,Eastern Mediterranean,ARE,United Arab Emirates,SEX,SEX_BTSX,Both sexes,4.6868116,4.7 [2.7-7.3],2.7437158,7.2588049
NCD_BMI_18C,"Underweight among adults, BMI < 18.5 kg/m2 (crude estimate) (%)",https://www.who.int/data/gho/data/indicators/indicator-details/GHO/prevalence-of-underweight-among-adults-bmi-18-%28crude-estimate%29-%28-%29,1989,1989,1989,EMR,Eastern Mediterranean,ARE,United Arab Emirates,SEX,SEX_BTSX,Both sexes,4.6009637,4.6 [2.8-7.0],2.7757393,6.9692425
NCD_BMI_18C,"Underweight among adults, BMI < 18.5 kg/m2 (crude estimate) (%)",https://www.who.int/data/gho/data/indicators/indicator-details/GHO/prevalence-of-underweight-among-adults-bmi-18-%28crude-estimate%29-%28-%29,2023,2023,2023,EMR,Eastern Mediterranean,ARE,United Arab Emirates,SEX,SEX_BTSX,Both sexes,2.662695,2.7 [1.7-4.0],1.6644407,4.0319722
NCD_BMI_18C,"Underweight among adults, BMI < 18.5 kg/m2 (crude estimate) (%)",https://www.who.int/data/gho/data/indicators/indicator-details/GHO/prevalence-of-underweight-among-adults-bmi-18-%28crude-estimate%29-%28-%29,2024,2024,2024,EMR,Eastern Mediterranean,ARE,United Arab Emirates,SEX,SEX_BTSX,Both sexes,2.6269391,2.6 [1.6-4.1],1.5769022,4.0960182
NCD_BMI_25A,"Overweight among adults, BMI ≥ 25 kg/m2 (age-standardized estimate) (%)",https://www.who.int/data/gho/data/indicators/indicator-details/GHO/prevalence-of-overweight-among-adults-bmi--25-%28age-standardized-estimate%29-%28-%29,1985,1985,1985,EMR,Eastern Mediterranean,ARE,United Arab Emirates,SEX,SEX_MLE,Male,48.782468,48.8 [40.8-56.6],40.848899,56.628245
NCD_BMI_25A,"Overweight among adults, BMI ≥ 25 kg/m2 (age-standardized estimate) (%)",https://www.who.int/data/gho/data/indicators/indicator-details/GHO/prevalence-of-overweight-among-adults-bmi--25-%28age-standardized-estimate%29-%28-%29,1985,1985,1985,EMR,Eastern Mediterranean,ARE,United Arab Emirates,SEX,SEX_FMLE,Female,58.031505,58.0 [50.2-65.8],50.231647,65.760958
NCD_BMI_25A,"Overweight among adults, BMI ≥ 25 kg/m2 (age-standardized estimate) (%)",https://www.who.int/data/gho/data/indicators/indicator-details/GHO/prevalence-of-overweight-among-adults-bmi--25-%28age-standardized-estimate%29-%28-%29,1985,1985,1985,EMR,Eastern Mediterranean,ARE,United Arab Emirates,SEX,SEX_BTSX,Both sexes,51.438707,51.4 [45.3-57.6],45.297298,57.564139
NCD_BMI_25C,"Overweight among adults, BMI ≥ 25 kg/m2 (crude estimate) (%)",https://www.who.int/data/gho/data/indicators/indicator-details/GHO/prevalence-of-overweight-among-adults-bmi-greaterequal-25-%28crude-estimate%29-%28-%29,1980,1980,1980,EMR,Eastern Mediterranean,ARE,United Arab Emirates,SEX,SEX_MLE,Male,40.554798,40.6 [29.8-51.5],29.761496,51.498616
NCD_BMI_25C,"Overweight among adults, BMI ≥ 25 kg/m2 (crude estimate) (%)",https://www.who.int/data/gho/data/indicators/indicator-details/GHO/prevalence-of-overweight-among-adults-bmi-greaterequal-25-%28crude-estimate%29-%28-%29,1981,1981,1981,EMR,Eastern Mediterranean,ARE,United Arab Emirates,SEX,SEX_MLE,Male,42.051959,42.1 [31.7-52.4],31.731474,52.367407
NCD_BMI_25C,"Overweight among adults, BMI ≥ 25 kg/m2 (crude estimate) (%)",https://www.who.int/data/gho/data/indicators/indicator-details/GHO/prevalence-of-overweight-among-adults-bmi-greaterequal-25-%28crude-estimate%29-%28-%29,1982,1982,1982,EMR,Eastern Mediterranean,ARE,United Arab Emirates,SEX,SEX_MLE,Male,43.484682,43.5 [33.7-53.2],33.687869,53.231454
NCD_BMI_25C,"Overweight among adults, BMI ≥ 25 kg/m2 (crude estimate) (%)",https://www.who.int/data/gho/data/indicators/indicator-details/GHO/prevalence-of-overweight-among-adults-bmi-greaterequal-25-%28crude-estimate%29-%28-%29,1983,1983,1983,EMR,Eastern Mediterranean,ARE,United Arab Emirates,SEX,SEX_MLE,Male,44.914106,44.9 [35.7-54.0],35.672006,54.00905
NCD_BMI_25C,"Overweight among adults, BMI ≥ 25 kg/m2 (crude estimate) (%)",https://www.who.int/data/gho/data/indicators/indicator-details/GHO/prevalence-of-overweight-among-adults-bmi-greaterequal-25-%28crude-estimate%29-%28-%29,1984,1984,1984,EMR,Eastern Mediterranean,ARE,United Arab Emirates,SEX,SEX_MLE,Male,46.363565,46.4 [37.7-54.9],37.724504,54.893309
NCD_BMI_25C,"Overweight among adults, BMI ≥ 25 kg/m2 (crude estimate) (%)",https://www.who.int/data/gho/data/indicators/indicator-details/GHO/prevalence-of-overweight-among-adults-bmi-greaterequal-25-%28crude-estimate%29-%28-%29,1985,1985,1985,EMR,Eastern Mediterranean,ARE,United Arab Emirates,SEX,SEX_MLE,Male,47.843099,47.8 [39.7-55.8],39.653379,55.845863
NCD_BMI_25C,"Overweight among adults, BMI ≥ 25 kg/m2 (crude estimate) (%)",https://www.who.int/data/gho/data/indicators/indicator-details/GHO/prevalence-of-overweight-among-adults-bmi-greaterequal-25-%28crude-estimate%29-%28-%29,1986,1986,1986,EMR,Eastern Mediterranean,ARE,United Arab Emirates,SEX,SEX_MLE,Male,49.102166,49.1 [41.4-56.6],41.398993,56.615132
NCD_BMI_25C,"Overweight among adults, BMI ≥ 25 kg/m2 (crude estimate) (%)",https://www.who.int/data/gho/data/indicators/indicator-details/GHO/prevalence-of-overweight-among-adults-bmi-greaterequal-25-%28crude-estimate%29-%28-%29,1987,1987,1987,EMR,Eastern Mediterranean,ARE,United Arab Emirates,SEX,SEX_MLE,Male,50.07965,50.1 [42.9-57.1],42.894599,57.074618
NCD_BMI_25C,"Overweight among adults, BMI ≥ 25 kg/m2 (crude estimate) (%)",https://www.who.int/data/gho/data/indicators/indicator-details/GHO/prevalence-of-overweight-among-adults-bmi-greaterequal-25-%28crude-estimate%29-%28-%29,1988,1988,1988,EMR,Eastern Mediterranean,ARE,United Arab Emirates,SEX,SEX_MLE,Male,51.000816,51.0 [44.3-57.6],44.295377,57.559651
NCD_BMI_25C,"Overweight among adults, BMI ≥ 25 kg/m2 (crude estimate) (%)",https://www.who.int/data/gho/data/indicators/indicator-details/GHO/prevalence-of-overweight-among-adults-bmi-greaterequal-25-%28crude-estimate%29-%28-%29,1989,1989,1989,EMR,Eastern Mediterranean,ARE,United Arab Emirates,SEX,SEX_MLE,Male,51.942056,51.9 [45.7-58.2],45.696357,58.17225
NCD_BMI_25C,"Overweight among adults, BMI ≥ 25 kg/m2 (crude estimate) (%)",https://www.who.int/data/gho/data/indicators/indicator-details/GHO/prevalence-of-overweight-among-adults-bmi-greaterequal-25-%28crude-estimate%29-%28-%29,2023,2023,2023,EMR,Eastern Mediterranean,ARE,United Arab Emirates,SEX,SEX_MLE,Male,71.516103,71.5 [65.9-76.8],65.900213,76.809663
NCD_BMI_25C,"Overweight among adults, BMI ≥ 25 kg/m2 (crude estimate) (%)",https://www.who.int/data/gho/data/indicators/indicator-details/GHO/prevalence-of-overweight-among-adults-bmi-greaterequal-25-%28crude-estimate%29-%28-%29,2024,2024,2024,EMR,Eastern Mediterranean,ARE,United Arab Emirates,SEX,SEX_MLE,Male,71.569943,71.6 [65.5-77.4],65.452564,77.391756
NCD_BMI_25C,"Overweight among adults, BMI ≥ 25 kg/m2 (crude estimate) (%)",https://www.who.int/data/gho/data/indicators/indicator-details/GHO/prevalence-of-overweight-among-adults-bmi-greaterequal-25-%28crude-estimate%29-%28-%29,1980,1980,1980,EMR,Eastern Mediterranean,ARE,United Arab Emirates,SEX,SEX_FMLE,Female,50.743419,50.7 [40.2-62.0],40.178576,61.962813
NCD_BMI_25C,"Overweight among adults, BMI ≥ 25 kg/m2 (crude estimate) (%)",https://www.who.int/data/gho/data/indicators/indicator-details/GHO/prevalence-of-overweight-among-adults-bmi-greaterequal-25-%28crude-estimate%29-%28-%29,1981,1981,1981,EMR,Eastern Mediterranean,ARE,United Arab Emirates,SEX,SEX_FMLE,Female,51.260942,51.3 [41.2-61.9],41.2489,61.932147
NCD_BMI_25C,"Overweight among adults, BMI ≥ 25 kg/m2 (crude estimate) (%)",https://www.who.int/data/gho/data/indicators/indicator-details/GHO/prevalence-of-overweight-among-adults-bmi-greaterequal-25-%28crude-estimate%29-%28-%29,1982,1982,1982,EMR,Eastern Mediterranean,ARE,United Arab Emirates,SEX,SEX_FMLE,Female,51.731026,51.7 [42.3-61.8],42.255598,61.786258
NCD_BMI_25C,"Overweight among adults, BMI ≥ 25 kg/m2 (crude estimate) (%)",https://www.who.int/data/gho/data/indicators/indicator-details/GHO/prevalence-of-overweight-among-adults-bmi-greaterequal-25-%28crude-estimate%29-%28-%29,1983,1983,1983,EMR,Eastern Mediterranean,ARE,United Arab Emirates,SEX,SEX_FMLE,Female,52.273834,52.3 [43.2-61.6],43.221414,61.628509
NCD_BMI_25C,"Overweight among adults, BMI ≥ 25 kg/m2 (crude estimate) (%)",https://www.who.int/data/gho/data/indicators/indicator-details/GHO/prevalence-of-overweight-among-adults-bmi-greaterequal-25-%28crude-estimate%29-%28-%29,1984,1984,1984,EMR,Eastern Mediterranean,ARE,United Arab Emirates,SEX,SEX_FMLE,Female,52.910769,52.9 [44.4-61.7],44.381356,61.667144
NCD_BMI_25C,"Overweight among adults, BMI ≥ 25 kg/m2 (crude estimate) (%)",https://www.who.int/data/gho/data/indicators/indicator-details/GHO/prevalence-of-overweight-among-adults-bmi-greaterequal-25-%28crude-estimate%29-%28-%29,1985,1985,1985,EMR,Eastern Mediterranean,ARE,United Arab Emirates,SEX,SEX_FMLE,Female,53.651994,53.7 [45.7-61.8],45.671073,61.773592
NCD_BMI_25C,"Overweight among adults, BMI ≥ 25 kg/m2 (crude estimate) (%)",https://www.who.int/data/gho/data/indicators/indicator-details/GHO/prevalence-of-overweight-among-adults-bmi-greaterequal-25-%28crude-estimate%29-%28-%29,1986,1986,1986,EMR,Eastern Mediterranean,ARE,United Arab Emirates,SEX,SEX_FMLE,Female,54.338598,54.3 [46.8-61.9],46.802938,61.905617
NCD_BMI_25C,"Overweight among adults, BMI ≥ 25 kg/m2 (crude estimate) (%)",https://www.who.int/data/gho/data/indicators/indicator-details/GHO/prevalence-of-overweight-among-adults-bmi-greaterequal-25-%28crude-estimate%29-%28-%29,1987,1987,1987,EMR,Eastern Mediterranean,ARE,United Arab Emirates,SEX,SEX_FMLE,Female,54.883736,54.9 [47.8-61.9],47.760898,61.902863
NCD_BMI_25C,"Overweight among adults, BMI ≥ 25 kg/m2 (crude estimate) (%)",https://www.who.int/data/gho/data/indicators/indicator-details/GHO/prevalence-of-overweight-among-adults-bmi-greaterequal-25-%28crude-estimate%29-%28-%29,1988,1988,1988,EMR,Eastern Mediterranean,ARE,United Arab Emirates,SEX,SEX_FMLE,Female,55.353463,55.4 [48.7-61.9],48.729137,61.853892
NCD_BMI_25C,"Overweight among adults, BMI ≥ 25 kg/m2 (crude estimate) (%)",https://www.who.int/data/gho/data/indicators/indicator-details/GHO/prevalence-of-overweight-among-adults-bmi-greaterequal-25-%28crude-estimate%29-%28-%29,1989,1989,1989,EMR,Eastern Mediterranean,ARE,United Arab Emirates,SEX,SEX_FMLE,Female,55.782861,55.8 [49.5-61.9],49.529427,61.867368
NCD_BMI_25C,"Overweight among adults, BMI ≥ 25 kg/m2 (crude estimate) (%)",https://www.who.int/data/gho/data/indicators/indicator-details/GHO/prevalence-of-overweight-among-adults-bmi-greaterequal-25-%28crude-estimate%29-%28-%29,2023,2023,2023,EMR,Eastern Mediterranean,ARE,United Arab Emirates,SEX,SEX_FMLE,Female,66.711885,66.7 [61.7-71.6],61.719888,71.623361
NCD_BMI_25C,"Overweight among adults, BMI ≥ 25 kg/m2 (crude estimate) (%)",https://www.who.int/data/gho/data/indicators/indicator-details/GHO/prevalence-of-overweight-among-adults-bmi-greaterequal-25-%28crude-estimate%29-%28-%29,2024,2024,2024,EMR,Eastern Mediterranean,ARE,United Arab Emirates,SEX,SEX_FMLE,Female,66.872817,66.9 [61.4-72.2],61.447477,72.208357
NCD_BMI_25C,"Overweight among adults, BMI ≥ 25 kg/m2 (crude estimate) (%)",https://www.who.int/data/gho/data/indicators/indicator-details/GHO/prevalence-of-overweight-among-adults-bmi-greaterequal-25-%28crude-estimate%29-%28-%29,1980,1980,1980,EMR,Eastern Mediterranean,ARE,United Arab Emirates,SEX,SEX_BTSX,Both sexes,42.626849,42.6 [33.8-51.7],33.809879,51.746237
NCD_BMI_25C,"Overweight among adults, BMI ≥ 25 kg/m2 (crude estimate) (%)",https://www.who.int/data/gho/data/indicators/indicator-details/GHO/prevalence-of-overweight-among-adults-bmi-greaterequal-25-%28crude-estimate%29-%28-%29,1981,1981,1981,EMR,Eastern Mediterranean,ARE,United Arab Emirates,SEX,SEX_BTSX,Both sexes,43.979469,44.0 [35.7-52.6],35.702381,52.567983
NCD_BMI_25C,"Overweight among adults, BMI ≥ 25 kg/m2 (crude estimate) (%)",https://www.who.int/data/gho/data/indicators/indicator-details/GHO/prevalence-of-overweight-among-adults-bmi-greaterequal-25-%28crude-estimate%29-%28-%29,1982,1982,1982,EMR,Eastern Mediterranean,ARE,United Arab Emirates,SEX,SEX_BTSX,Both sexes,45.29365,45.3 [37.5-53.3],37.47991,53.253585
NCD_BMI_25C,"Overweight among adults, BMI ≥ 25 kg/m2 (crude estimate) (%)",https://www.who.int/data/gho/data/indicators/indicator-details/GHO/prevalence-of-overweight-among-adults-bmi-greaterequal-25-%28crude-estimate%29-%28-%29,1983,1983,1983,EMR,Eastern Mediterranean,ARE,United Arab Emirates,SEX,SEX_BTSX,Both sexes,46.600497,46.6 [39.3-54.1],39.258555,54.061359
NCD_BMI_25C,"Overweight among adults, BMI ≥ 25 kg/m2 (crude estimate) (%)",https://www.who.int/data/gho/data/indicators/indicator-details/GHO/prevalence-of-overweight-among-adults-bmi-greaterequal-25-%28crude-estimate%29-%28-%29,1984,1984,1984,EMR,Eastern Mediterranean,ARE,United Arab Emirates,SEX,SEX_BTSX,Both sexes,47.924659,47.9 [41.0-54.9],41.034836,54.886097
NCD_BMI_25C,"Overweight among adults, BMI ≥ 25 kg/m2 (crude estimate) (%)",https://www.who.int/data/gho/data/indicators/indicator-details/GHO/prevalence-of-overweight-among-adults-bmi-greaterequal-25-%28crude-estimate%29-%28-%29,1985,1985,1985,EMR,Eastern Mediterranean,ARE,United Arab Emirates,SEX,SEX_BTSX,Both sexes,49.278256,49.3 [42.8-55.8],42.829761,55.751193
NCD_BMI_25C,"Overweight among adults, BMI ≥ 25 kg/m2 (crude estimate) (%)",https://www.who.int/data/gho/data/indicators/indicator-details/GHO/prevalence-of-overweight-among-adults-bmi-greaterequal-25-%28crude-estimate%29-%28-%29,1986,1986,1986,EMR,Eastern Mediterranean,ARE,United Arab Emirates,SEX,SEX_BTSX,Both sexes,50.413859,50.4 [44.3-56.4],44.29616,56.426853
NCD_BMI_25C,"Overweight among adults, BMI ≥ 25 kg/m2 (crude estimate) (%)",https://www.who.int/data/gho/data/indicators/indicator-details/GHO/prevalence-of-overweight-among-adults-bmi-greaterequal-25-%28crude-estimate%29-%28-%29,1987,1987,1987,EMR,Eastern Mediterranean,ARE,United Arab Emirates,SEX,SEX_BTSX,Both sexes,51.276863,51.3 [45.6-56.8],45.629507,56.807488
NCD_BMI_25C,"Overweight among adults, BMI ≥ 25 kg/m2 (crude estimate) (%)",https://www.who.int/data/gho/data/indicators/indicator-details/GHO/prevalence-of-overweight-among-adults-bmi-greaterequal-25-%28crude-estimate%29-%28-%29,1988,1988,1988,EMR,Eastern Mediterranean,ARE,United Arab Emirates,SEX,SEX_BTSX,Both sexes,52.079511,52.1 [46.7-57.3],46.725503,57.26881
NCD_BMI_25C,"Overweight among adults, BMI ≥ 25 kg/m2 (crude estimate) (%)",https://www.who.int/data/gho/data/indicators/indicator-details/GHO/prevalence-of-overweight-among-adults-bmi-greaterequal-25-%28crude-estimate%29-%28-%29,1989,1989,1989,EMR,Eastern Mediterranean,ARE,United Arab Emirates,SEX,SEX_BTSX,Both sexes,52.889335,52.9 [47.9-57.8],47.855452,57.807034
NCD_BMI_25C,"Overweight among adults, BMI ≥ 25 kg/m2 (crude estimate) (%)",https://www.who.int/data/gho/data/indicators/indicator-details/GHO/prevalence-of-overweight-among-adults-bmi-greaterequal-25-%28crude-estimate%29-%28-%29,2023,2023,2023,EMR,Eastern Mediterranean,ARE,United Arab Emirates,SEX,SEX_BTSX,Both sexes,69.935691,69.9 [65.8-73.9],65.827811,73.879397
NCD_BMI_25C,"Overweight among adults, BMI ≥ 25 kg/m2 (crude estimate) (%)",https://www.who.int/data/gho/data/indicators/indicator-details/GHO/prevalence-of-overweight-among-adults-bmi-greaterequal-25-%28crude-estimate%29-%28-%29,2024,2024,2024,EMR,Eastern Mediterranean,ARE,United Arab Emirates,SEX,SEX_BTSX,Both sexes,70.018029,70.0 [65.5-74.3],65.516847,74.282128
NCD_BMI_30A,"Obesity among adults, BMI ≥ 30 kg/m2 (age-standardized estimate) (%)",https://www.who.int/data/gho/data/indicators/indicator-details/GHO/prevalence-of-obesity-among-adults-bmi--30-%28age-standardized-estimate%29-%28-%29,1980,1980,1980,EMR,Eastern Mediterranean,ARE,United Arab Emirates,SEX,SEX_MLE,Male,8.9178465,8.9 [4.5-14.9],4.4775113,14.926198
NCD_BMI_30A,"Obesity among adults, BMI ≥ 30 kg/m2 (age-standardized estimate) (%)",https://www.who.int/data/gho/data/indicators/indicator-details/GHO/prevalence-of-obesity-among-adults-bmi--30-%28age-standardized-estimate%29-%28-%29,1981,1981,1981,EMR,Eastern Mediterranean,ARE,United Arab Emirates,SEX,SEX_MLE,Male,9.3674786,9.4 [5.0-15.2],4.9914811,15.161848
NCD_BMI_30A,"Obesity among adults, BMI ≥ 30 kg/m2 (age-standardized estimate) (%)",https://www.who.int/data/gho/data/indicators/indicator-details/GHO/prevalence-of-obesity-among-adults-bmi--30-%28age-standardized-estimate%29-%28-%29,1982,1982,1982,EMR,Eastern Mediterranean,ARE,United Arab Emirates,SEX,SEX_MLE,Male,9.8421223,9.8 [5.6-15.4],5.5546984,15.37986
NCD_BMI_30A,"Obesity among adults, BMI ≥ 30 kg/m2 (age-standardized estimate) (%)",https://www.who.int/data/gho/data/indicators/indicator-details/GHO/prevalence-of-obesity-among-adults-bmi--30-%28age-standardized-estimate%29-%28-%29,1983,1983,1983,EMR,Eastern Mediterranean,ARE,United Arab Emirates,SEX,SEX_MLE,Male,10.342243,10.3 [6.1-15.7],6.1341017,15.685616
NCD_BMI_30A,"Obesity among adults, BMI ≥ 30 kg/m2 (age-standardized estimate) (%)",https://www.who.int/data/gho/data/indicators/indicator-details/GHO/prevalence-of-obesity-among-adults-bmi--30-%28age-standardized-estimate%29-%28-%29,1984,1984,1984,EMR,Eastern Mediterranean,ARE,United Arab Emirates,SEX,SEX_MLE,Male,10.867772,10.9 [6.8-16.1],6.776201,16.08555
NCD_BMI_30A,"Obesity among adults, BMI ≥ 30 kg/m2 (age-standardized estimate) (%)",https://www.who.int/data/gho/data/indicators/indicator-details/GHO/prevalence-of-obesity-among-adults-bmi--30-%28age-standardized-estimate%29-%28-%29,1985,1985,1985,EMR,Eastern Mediterranean,ARE,United Arab Emirates,SEX,SEX_MLE,Male,11.415927,11.4 [7.4-16.4],7.416942,16.39933
NCD_BMI_30A,"Obesity among adults, BMI ≥ 30 kg/m2 (age-standardized estimate) (%)",https://www.who.int/data/gho/data/indicators/indicator-details/GHO/prevalence-of-obesity-among-adults-bmi--30-%28age-standardized-estimate%29-%28-%29,1986,1986,1986,EMR,Eastern Mediterranean,ARE,United Arab Emirates,SEX,SEX_MLE,Male,11.987107,12.0 [8.1-16.7],8.1021026,16.693775
NCD_BMI_30A,"Obesity among adults, BMI ≥ 30 kg/m2 (age-standardized estimate) (%)",https://www.who.int/data/gho/data/indicators/indicator-details/GHO/prevalence-of-obesity-among-adults-bmi--30-%28age-standardized-estimate%29-%28-%29,1987,1987,1987,EMR,Eastern Mediterranean,ARE,United Arab Emirates,SEX,SEX_MLE,Male,12.579855,12.6 [8.8-17.0],8.8128649,16.985998
NCD_BMI_30A,"Obesity among adults, BMI ≥ 30 kg/m2 (age-standardized estimate) (%)",https://www.who.int/data/gho/data/indicators/indicator-details/GHO/prevalence-of-obesity-among-adults-bmi--30-%28age-standardized-estimate%29-%28-%29,1988,1988,1988,EMR,Eastern Mediterranean,ARE,United Arab Emirates,SEX,SEX_MLE,Male,13.193871,13.2 [9.5-17.4],9.5082276,17.424729
NCD_BMI_30A,"Obesity among adults, BMI ≥ 30 kg/m2 (age-standardized estimate) (%)",https://www.who.int/data/gho/data/indicators/indicator-details/GHO/prevalence-of-obesity-among-adults-bmi--30-%28age-standardized-estimate%29-%28-%29,1989,1989,1989,EMR,Eastern Mediterranean,ARE,United Arab Emirates,SEX,SEX_MLE,Male,13.828805,13.8 [10.3-17.9],10.268191,17.923671
NCD_BMI_30A,"Obesity among adults, BMI ≥ 30 kg/m2 (age-standardized estimate) (%)",https://www.who.int/data/gho/data/indicators/indicator-details/GHO/prevalence-of-obesity-among-adults-bmi--30-%28age-standardized-estimate%29-%28-%29,2023,2023,2023,EMR,Eastern Mediterranean,ARE,United Arab Emirates,SEX,SEX_MLE,Male,27.868292,27.9 [22.2-33.8],22.21144,33.805642
NCD_BMI_30A,"Obesity among adults, BMI ≥ 30 kg/m2 (age-standardized estimate) (%)",https://www.who.int/data/gho/data/indicators/indicator-details/GHO/prevalence-of-obesity-among-adults-bmi--30-%28age-standardized-estimate%29-%28-%29,2024,2024,2024,EMR,Eastern Mediterranean,ARE,United Arab Emirates,SEX,SEX_MLE,Male,27.820173,27.8 [21.5-34.4],21.510971,34.392285
NCD_BMI_30A,"Obesity among adults, BMI ≥ 30 kg/m2 (age-standardized estimate) (%)",https://www.who.int/data/gho/data/indicators/indicator-details/GHO/prevalence-of-obesity-among-adults-bmi--30-%28age-standardized-estimate%29-%28-%29,1980,1980,1980,EMR,Eastern Mediterranean,ARE,United Arab Emirates,SEX,SEX_FMLE,Female,25.54422,25.5 [17.3-34.7],17.288277,34.691465
NCD_BMI_30A,"Obesity among adults, BMI ≥ 30 kg/m2 (age-standardized estimate) (%)",https://www.who.int/data/gho/data/indicators/indicator-details/GHO/prevalence-of-obesity-among-adults-bmi--30-%28age-standardized-estimate%29-%28-%29,1981,1981,1981,EMR,Eastern Mediterranean,ARE,United Arab Emirates,SEX,SEX_FMLE,Female,26.033762,26.0 [18.1-34.8],18.099831,34.834868
NCD_BMI_30A,"Obesity among adults, BMI ≥ 30 kg/m2 (age-standardized estimate) (%)",https://www.who.int/data/gho/data/indicators/indicator-details/GHO/prevalence-of-obesity-among-adults-bmi--30-%28age-standardized-estimate%29-%28-%29,1982,1982,1982,EMR,Eastern Mediterranean,ARE,United Arab Emirates,SEX,SEX_FMLE,Female,26.535296,26.5 [19.0-34.8],19.019604,34.810826
NCD_BMI_30A,"Obesity among adults, BMI ≥ 30 kg/m2 (age-standardized estimate) (%)",https://www.who.int/data/gho/data/indicators/indicator-details/GHO/prevalence-of-obesity-among-adults-bmi--30-%28age-standardized-estimate%29-%28-%29,1983,1983,1983,EMR,Eastern Mediterranean,ARE,United Arab Emirates,SEX,SEX_FMLE,Female,27.048695,27.0 [19.9-34.9],19.894144,34.870374
NCD_BMI_30A,"Obesity among adults, BMI ≥ 30 kg/m2 (age-standardized estimate) (%)",https://www.who.int/data/gho/data/indicators/indicator-details/GHO/prevalence-of-obesity-among-adults-bmi--30-%28age-standardized-estimate%29-%28-%29,1984,1984,1984,EMR,Eastern Mediterranean,ARE,United Arab Emirates,SEX,SEX_FMLE,Female,27.57026,27.6 [20.8-34.9],20.793405,34.94561
NCD_BMI_30A,"Obesity among adults, BMI ≥ 30 kg/m2 (age-standardized estimate) (%)",https://www.who.int/data/gho/data/indicators/indicator-details/GHO/prevalence-of-obesity-among-adults-bmi--30-%28age-standardized-estimate%29-%28-%29,1985,1985,1985,EMR,Eastern Mediterranean,ARE,United Arab Emirates,SEX,SEX_FMLE,Female,28.102759,28.1 [21.7-35.0],21.708581,35.000497
NCD_BMI_30A,"Obesity among adults, BMI ≥ 30 kg/m2 (age-standardized estimate) (%)",https://www.who.int/data/gho/data/indicators/indicator-details/GHO/prevalence-of-obesity-among-adults-bmi--30-%28age-standardized-estimate%29-%28-%29,1986,1986,1986,EMR,Eastern Mediterranean,ARE,United Arab Emirates,SEX,SEX_FMLE,Female,28.643325,28.6 [22.6-35.1],22.577047,35.096923
NCD_BMI_30A,"Obesity among adults, BMI ≥ 30 kg/m2 (age-standardized estimate) (%)",https://www.who.int/data/gho/data/indicators/indicator-details/GHO/prevalence-of-obesity-among-adults-bmi--30-%28age-standardized-estimate%29-%28-%29,1987,1987,1987,EMR,Eastern Mediterranean,ARE,United Arab Emirates,SEX,SEX_FMLE,Female,29.188794,29.2 [23.4-35.3],23.415826,35.319448
NCD_BMI_30A,"Obesity among adults, BMI ≥ 30 kg/m2 (age-standardized estimate) (%)",https://www.who.int/data/gho/data/indicators/indicator-details/GHO/prevalence-of-obesity-among-adults-bmi--30-%28age-standardized-estimate%29-%28-%29,1988,1988,1988,EMR,Eastern Mediterranean,ARE,United Arab Emirates,SEX,SEX_FMLE,Female,29.740041,29.7 [24.3-35.5],24.308747,35.483724
NCD_BMI_30A,"Obesity among adults, BMI ≥ 30 kg/m2 (age-standardized estimate) (%)",https://www.who.int/data/gho/data/indicators/indicator-details/GHO/prevalence-of-obesity-among-adults-bmi--30-%28age-standardized-estimate%29-%28-%29,1989,1989,1989,EMR,Eastern Mediterranean,ARE,United Arab Emirates,SEX,SEX_FMLE,Female,30.296755,30.3 [25.2-35.7],25.178716,35.695893
NCD_BMI_30A,"Obesity among adults, BMI ≥ 30 kg/m2 (age-standardized estimate) (%)",https://www.who.int/data/gho/data/indicators/indicator-details/GHO/prevalence-of-obesity-among-adults-bmi--30-%28age-standardized-estimate%29-%28-%29,2023,2023,2023,EMR,Eastern Mediterranean,ARE,United Arab Emirates,SEX,SEX_FMLE,Female,38.527209,38.5 [33.4-43.8],33.406067,43.806472
NCD_BMI_30A,"Obesity among adults, BMI ≥ 30 kg/m2 (age-standardized estimate) (%)",https://www.who.int/data/gho/data/indicators/indicator-details/GHO/prevalence-of-obesity-among-adults-bmi--30-%28age-standardized-estimate%29-%28-%29,2024,2024,2024,EMR,Eastern Mediterranean,ARE,United Arab Emirates,SEX,SEX_FMLE,Female,38.405374,38.4 [32.9-44.1],32.858282,44.14016
NCD_BMI_30A,"Obesity among adults, BMI ≥ 30 kg/m2 (age-standardized estimate) (%)",https://www.who.int/data/gho/data/indicators/indicator-details/GHO/prevalence-of-obesity-among-adults-bmi--30-%28age-standardized-estimate%29-%28-%29,1980,1980,1980,EMR,Eastern Mediterranean,ARE,United Arab Emirates,SEX,SEX_BTSX,Both sexes,12.776726,12.8 [8.7-17.7],8.690875,17.736943
NCD_BMI_30A,"Obesity among adults, BMI ≥ 30 kg/m2 (age-standardized estimate) (%)",https://www.who.int/data/gho/data/indicators/indicator-details/GHO/prevalence-of-obesity-among-adults-bmi--30-%28age-standardized-estimate%29-%28-%29,1981,1981,1981,EMR,Eastern Mediterranean,ARE,United Arab Emirates,SEX,SEX_BTSX,Both sexes,13.279523,13.3 [9.3-18.0],9.3065336,17.971921
NCD_BMI_30A,"Obesity among adults, BMI ≥ 30 kg/m2 (age-standardized estimate) (%)",https://www.who.int/data/gho/data/indicators/indicator-details/GHO/prevalence-of-obesity-among-adults-bmi--30-%28age-standardized-estimate%29-%28-%29,1982,1982,1982,EMR,Eastern Mediterranean,ARE,United Arab Emirates,SEX,SEX_BTSX,Both sexes,13.857964,13.9 [10.0-18.4],10.039248,18.389028
NCD_BMI_30A,"Obesity among adults, BMI ≥ 30 kg/m2 (age-standardized estimate) (%)",https://www.who.int/data/gho/data/indicators/indicator-details/GHO/prevalence-of-obesity-among-adults-bmi--30-%28age-standardized-estimate%29-%28-%29,1983,1983,1983,EMR,Eastern Mediterranean,ARE,United Arab Emirates,SEX,SEX_BTSX,Both sexes,14.463326,14.5 [10.8-18.8],10.779434,18.818235
NCD_BMI_30A,"Obesity among adults, BMI ≥ 30 kg/m2 (age-standardized estimate) (%)",https://www.who.int/data/gho/data/indicators/indicator-details/GHO/prevalence-of-obesity-among-adults-bmi--30-%28age-standardized-estimate%29-%28-%29,1984,1984,1984,EMR,Eastern Mediterranean,ARE,United Arab Emirates,SEX,SEX_BTSX,Both sexes,15.094648,15.1 [11.5-19.2],11.525786,19.221435
NCD_BMI_30A,"Obesity among adults, BMI ≥ 30 kg/m2 (age-standardized estimate) (%)",https://www.who.int/data/gho/data/indicators/indicator-details/GHO/prevalence-of-obesity-among-adults-bmi--30-%28age-standardized-estimate%29-%28-%29,1985,1985,1985,EMR,Eastern Mediterranean,ARE,United Arab Emirates,SEX,SEX_BTSX,Both sexes,15.748838,15.7 [12.3-19.7],12.285523,19.68928
NCD_BMI_30A,"Obesity among adults, BMI ≥ 30 kg/m2 (age-standardized estimate) (%)",https://www.who.int/data/gho/data/indicators/indicator-details/GHO/prevalence-of-obesity-among-adults-bmi--30-%28age-standardized-estimate%29-%28-%29,1986,1986,1986,EMR,Eastern Mediterranean,ARE,United Arab Emirates,SEX,SEX_BTSX,Both sexes,16.347985,16.3 [13.0-20.2],13.024521,20.154077
NCD_BMI_30A,"Obesity among adults, BMI ≥ 30 kg/m2 (age-standardized estimate) (%)",https://www.who.int/data/gho/data/indicators/indicator-details/GHO/prevalence-of-obesity-among-adults-bmi--30-%28age-standardized-estimate%29-%28-%29,1987,1987,1987,EMR,Eastern Mediterranean,ARE,United Arab Emirates,SEX,SEX_BTSX,Both sexes,16.896649,16.9 [13.7-20.5],13.715276,20.541446
NCD_BMI_30A,"Obesity among adults, BMI ≥ 30 kg/m2 (age-standardized estimate) (%)",https://www.who.int/data/gho/data/indicators/indicator-details/GHO/prevalence-of-obesity-among-adults-bmi--30-%28age-standardized-estimate%29-%28-%29,1988,1988,1988,EMR,Eastern Mediterranean,ARE,United Arab Emirates,SEX,SEX_BTSX,Both sexes,17.465788,17.5 [14.4-21.0],14.418404,20.957769
NCD_BMI_30A,"Obesity among adults, BMI ≥ 30 kg/m2 (age-standardized estimate) (%)",https://www.who.int/data/gho/data/indicators/indicator-details/GHO/prevalence-of-obesity-among-adults-bmi--30-%28age-standardized-estimate%29-%28-%29,1989,1989,1989,EMR,Eastern Mediterranean,ARE,United Arab Emirates,SEX,SEX_BTSX,Both sexes,18.057032,18.1 [15.1-21.4],15.099017,21.427478
NCD_BMI_30A,"Obesity among adults, BMI ≥ 30 kg/m2 (age-standardized estimate) (%)",https://www.who.int/data/gho/data/indicators/indicator-details/GHO/prevalence-of-obesity-among-adults-bmi--30-%28age-standardized-estimate%29-%28-%29,2023,2023,2023,EMR,Eastern Mediterranean,ARE,United Arab Emirates,SEX,SEX_BTSX,Both sexes,31.707385,31.7 [27.5-36.1],27.549329,36.067432
NCD_BMI_30A,"Obesity among adults, BMI ≥ 30 kg/m2 (age-standardized estimate) (%)",https://www.who.int/data/gho/data/indicators/indicator-details/GHO/prevalence-of-obesity-among-adults-bmi--30-%28age-standardized-estimate%29-%28-%29,2024,2024,2024,EMR,Eastern Mediterranean,ARE,United Arab Emirates,SEX,SEX_BTSX,Both sexes,31.609392,31.6 [27.1-36.3],27.094015,36.323455
NCD_BMI_30C,"Obesity among adults, BMI ≥ 30 kg/m2 (crude estimate) (%)",https://www.who.int/data/gho/data/indicators/indicator-details/GHO/prevalence-of-obesity-among-adults-bmi--30-%28crude-estimate%29-%28-%29,1980,1980,1980,EMR,Eastern Mediterranean,ARE,United Arab Emirates,SEX,SEX_MLE,Male,8.5024208,8.5 [4.2-14.7],4.1914221,14.699022
NCD_BMI_30C,"Obesity among adults, BMI ≥ 30 kg/m2 (crude estimate) (%)",https://www.who.int/data/gho/data/indicators/indicator-details/GHO/prevalence-of-obesity-among-adults-bmi--30-%28crude-estimate%29-%28-%29,1981,1981,1981,EMR,Eastern Mediterranean,ARE,United Arab Emirates,SEX,SEX_MLE,Male,9.062238,9.1 [4.8-15.0],4.7543675,15.049656
NCD_BMI_30C,"Obesity among adults, BMI ≥ 30 kg/m2 (crude estimate) (%)",https://www.who.int/data/gho/data/indicators/indicator-details/GHO/prevalence-of-obesity-among-adults-bmi--30-%28crude-estimate%29-%28-%29,1982,1982,1982,EMR,Eastern Mediterranean,ARE,United Arab Emirates,SEX,SEX_MLE,Male,9.6346028,9.6 [5.3-15.4],5.3433336,15.410604
NCD_BMI_30C,"Obesity among adults, BMI ≥ 30 kg/m2 (crude estimate) (%)",https://www.who.int/data/gho/data/indicators/indicator-details/GHO/prevalence-of-obesity-among-adults-bmi--30-%28crude-estimate%29-%28-%29,1983,1983,1983,EMR,Eastern Mediterranean,ARE,United Arab Emirates,SEX,SEX_MLE,Male,10.232468,10.2 [6.0-15.8],5.9590288,15.840249
NCD_BMI_30C,"Obesity among adults, BMI ≥ 30 kg/m2 (crude estimate) (%)",https://www.who.int/data/gho/data/indicators/indicator-details/GHO/prevalence-of-obesity-among-adults-bmi--30-%28crude-estimate%29-%28-%29,1984,1984,1984,EMR,Eastern Mediterranean,ARE,United Arab Emirates,SEX,SEX_MLE,Male,10.861462,10.9 [6.6-16.3],6.6022865,16.28705
NCD_BMI_30C,"Obesity among adults, BMI ≥ 30 kg/m2 (crude estimate) (%)",https://www.who.int/data/gho/data/indicators/indicator-details/GHO/prevalence-of-obesity-among-adults-bmi--30-%28crude-estimate%29-%28-%29,1986,1986,1986,EMR,Eastern Mediterranean,ARE,United Arab Emirates,SEX,SEX_MLE,Male,12.153715,12.2 [8.1-17.1],8.1191748,17.068444
NCD_BMI_30C,"Obesity among adults, BMI ≥ 30 kg/m2 (crude estimate) (%)",https://www.who.int/data/gho/data/indicators/indicator-details/GHO/prevalence-of-obesity-among-adults-bmi--30-%28crude-estimate%29-%28-%29,1987,1987,1987,EMR,Eastern Mediterranean,ARE,United Arab Emirates,SEX,SEX_MLE,Male,12.727113,12.7 [8.8-17.4],8.7550193,17.38454
NCD_BMI_30C,"Obesity among adults, BMI ≥ 30 kg/m2 (crude estimate) (%)",https://www.who.int/data/gho/data/indicators/indicator-details/GHO/prevalence-of-obesity-among-adults-bmi--30-%28crude-estimate%29-%28-%29,1988,1988,1988,EMR,Eastern Mediterranean,ARE,United Arab Emirates,SEX,SEX_MLE,Male,13.299671,13.3 [9.5-17.8],9.4750732,17.776971
NCD_BMI_30C,"Obesity among adults, BMI ≥ 30 kg/m2 (crude estimate) (%)",https://www.who.int/data/gho/data/indicators/indicator-details/GHO/prevalence-of-obesity-among-adults-bmi--30-%28crude-estimate%29-%28-%29,1989,1989,1989,EMR,Eastern Mediterranean,ARE,United Arab Emirates,SEX,SEX_MLE,Male,13.891575,13.9 [10.2-18.2],10.209516,18.153384
NCD_BMI_30C,"Obesity among adults, BMI ≥ 30 kg/m2 (crude estimate) (%)",https://www.who.int/data/gho/data/indicators/indicator-details/GHO/prevalence-of-obesity-among-adults-bmi--30-%28crude-estimate%29-%28-%29,2023,2023,2023,EMR,Eastern Mediterranean,ARE,United Arab Emirates,SEX,SEX_MLE,Male,28.021529,28.0 [22.3-34.0],22.29241,33.983013
NCD_BMI_30C,"Obesity among adults, BMI ≥ 30 kg/m2 (crude estimate) (%)",https://www.who.int/data/gho/data/indicators/indicator-details/GHO/prevalence-of-obesity-among-adults-bmi--30-%28crude-estimate%29-%28-%29,2024,2024,2024,EMR,Eastern Mediterranean,ARE,United Arab Emirates,SEX,SEX_MLE,Male,28.02017,28.0 [21.7-34.7],21.740632,34.719488
NCD_BMI_30C,"Obesity among adults, BMI ≥ 30 kg/m2 (crude estimate) (%)",https://www.who.int/data/gho/data/indicators/indicator-details/GHO/prevalence-of-obesity-among-adults-bmi--30-%28crude-estimate%29-%28-%29,1980,1980,1980,EMR,Eastern Mediterranean,ARE,United Arab Emirates,SEX,SEX_FMLE,Female,22.755377,22.8 [14.9-32.0],14.878871,31.969592
NCD_BMI_30C,"Obesity among adults, BMI ≥ 30 kg/m2 (crude estimate) (%)",https://www.who.int/data/gho/data/indicators/indicator-details/GHO/prevalence-of-obesity-among-adults-bmi--30-%28crude-estimate%29-%28-%29,1981,1981,1981,EMR,Eastern Mediterranean,ARE,United Arab Emirates,SEX,SEX_FMLE,Female,23.179093,23.2 [15.6-31.9],15.617724,31.926763
NCD_BMI_30C,"Obesity among adults, BMI ≥ 30 kg/m2 (crude estimate) (%)",https://www.who.int/data/gho/data/indicators/indicator-details/GHO/prevalence-of-obesity-among-adults-bmi--30-%28crude-estimate%29-%28-%29,1982,1982,1982,EMR,Eastern Mediterranean,ARE,United Arab Emirates,SEX,SEX_FMLE,Female,23.572338,23.6 [16.4-31.9],16.384275,31.85015
NCD_BMI_30C,"Obesity among adults, BMI ≥ 30 kg/m2 (crude estimate) (%)",https://www.who.int/data/gho/data/indicators/indicator-details/GHO/prevalence-of-obesity-among-adults-bmi--30-%28crude-estimate%29-%28-%29,1983,1983,1983,EMR,Eastern Mediterranean,ARE,United Arab Emirates,SEX,SEX_FMLE,Female,24.023882,24.0 [17.2-31.8],17.203869,31.832826
NCD_BMI_30C,"Obesity among adults, BMI ≥ 30 kg/m2 (crude estimate) (%)",https://www.who.int/data/gho/data/indicators/indicator-details/GHO/prevalence-of-obesity-among-adults-bmi--30-%28crude-estimate%29-%28-%29,1984,1984,1984,EMR,Eastern Mediterranean,ARE,United Arab Emirates,SEX,SEX_FMLE,Female,24.549425,24.5 [18.1-31.9],18.065473,31.885684
NCD_BMI_30C,"Obesity among adults, BMI ≥ 30 kg/m2 (crude estimate) (%)",https://www.who.int/data/gho/data/indicators/indicator-details/GHO/prevalence-of-obesity-among-adults-bmi--30-%28crude-estimate%29-%28-%29,1986,1986,1986,EMR,Eastern Mediterranean,ARE,United Arab Emirates,SEX,SEX_FMLE,Female,25.751665,25.8 [19.9-32.3],19.876647,32.275215
NCD_BMI_30C,"Obesity among adults, BMI ≥ 30 kg/m2 (crude estimate) (%)",https://www.who.int/data/gho/data/indicators/indicator-details/GHO/prevalence-of-obesity-among-adults-bmi--30-%28crude-estimate%29-%28-%29,1987,1987,1987,EMR,Eastern Mediterranean,ARE,United Arab Emirates,SEX,SEX_FMLE,Female,26.254117,26.3 [20.7-32.4],20.728801,32.413819
NCD_BMI_30C,"Obesity among adults, BMI ≥ 30 kg/m2 (crude estimate) (%)",https://www.who.int/data/gho/data/indicators/indicator-details/GHO/prevalence-of-obesity-among-adults-bmi--30-%28crude-estimate%29-%28-%29,1988,1988,1988,EMR,Eastern Mediterranean,ARE,United Arab Emirates,SEX,SEX_FMLE,Female,26.705691,26.7 [21.5-32.4],21.457541,32.432225
NCD_BMI_30C,"Obesity among adults, BMI ≥ 30 kg/m2 (crude estimate) (%)",https://www.who.int/data/gho/data/indicators/indicator-details/GHO/prevalence-of-obesity-among-adults-bmi--30-%28crude-estimate%29-%28-%29,1989,1989,1989,EMR,Eastern Mediterranean,ARE,United Arab Emirates,SEX,SEX_FMLE,Female,27.129272,27.1 [22.2-32.5],22.155961,32.532501
NCD_BMI_30C,"Obesity among adults, BMI ≥ 30 kg/m2 (crude estimate) (%)",https://www.who.int/data/gho/data/indicators/indicator-details/GHO/prevalence-of-obesity-among-adults-bmi--30-%28crude-estimate%29-%28-%29,2023,2023,2023,EMR,Eastern Mediterranean,ARE,United Arab Emirates,SEX,SEX_FMLE,Female,34.84959,34.8 [29.9-40.1],29.915506,40.089774
NCD_BMI_30C,"Obesity among adults, BMI ≥ 30 kg/m2 (crude estimate) (%)",https://www.who.int/data/gho/data/indicators/indicator-details/GHO/prevalence-of-obesity-among-adults-bmi--30-%28crude-estimate%29-%28-%29,2024,2024,2024,EMR,Eastern Mediterranean,ARE,United Arab Emirates,SEX,SEX_FMLE,Female,34.866261,34.9 [29.6-40.6],29.554906,40.631434
NCD_BMI_30C,"Obesity among adults, BMI ≥ 30 kg/m2 (crude estimate) (%)",https://www.who.int/data/gho/data/indicators/indicator-details/GHO/prevalence-of-obesity-among-adults-bmi--30-%28crude-estimate%29-%28-%29,1980,1980,1980,EMR,Eastern Mediterranean,ARE,United Arab Emirates,SEX,SEX_BTSX,Both sexes,11.401032,11.4 [7.5-16.4],7.4610703,16.398661
NCD_BMI_30C,"Obesity among adults, BMI ≥ 30 kg/m2 (crude estimate) (%)",https://www.who.int/data/gho/data/indicators/indicator-details/GHO/prevalence-of-obesity-among-adults-bmi--30-%28crude-estimate%29-%28-%29,1981,1981,1981,EMR,Eastern Mediterranean,ARE,United Arab Emirates,SEX,SEX_BTSX,Both sexes,12.017001,12.0 [8.1-16.9],8.1373975,16.87787
NCD_BMI_30C,"Obesity among adults, BMI ≥ 30 kg/m2 (crude estimate) (%)",https://www.who.int/data/gho/data/indicators/indicator-details/GHO/prevalence-of-obesity-among-adults-bmi--30-%28crude-estimate%29-%28-%29,1982,1982,1982,EMR,Eastern Mediterranean,ARE,United Arab Emirates,SEX,SEX_BTSX,Both sexes,12.69207,12.7 [8.9-17.4],8.9025013,17.353787
NCD_BMI_30C,"Obesity among adults, BMI ≥ 30 kg/m2 (crude estimate) (%)",https://www.who.int/data/gho/data/indicators/indicator-details/GHO/prevalence-of-obesity-among-adults-bmi--30-%28crude-estimate%29-%28-%29,1983,1983,1983,EMR,Eastern Mediterranean,ARE,United Arab Emirates,SEX,SEX_BTSX,Both sexes,13.3926,13.4 [9.7-17.9],9.6747875,17.877451
NCD_BMI_30C,"Obesity among adults, BMI ≥ 30 kg/m2 (crude estimate) (%)",https://www.who.int/data/gho/data/indicators/indicator-details/GHO/prevalence-of-obesity-among-adults-bmi--30-%28crude-estimate%29-%28-%29,1984,1984,1984,EMR,Eastern Mediterranean,ARE,United Arab Emirates,SEX,SEX_BTSX,Both sexes,14.125171,14.1 [10.5-18.4],10.504409,18.43894
NCD_BMI_30C,"Obesity among adults, BMI ≥ 30 kg/m2 (crude estimate) (%)",https://www.who.int/data/gho/data/indicators/indicator-details/GHO/prevalence-of-obesity-among-adults-bmi--30-%28crude-estimate%29-%28-%29,1986,1986,1986,EMR,Eastern Mediterranean,ARE,United Arab Emirates,SEX,SEX_BTSX,Both sexes,15.559918,15.6 [12.2-19.5],12.183474,19.485803
NCD_BMI_30C,"Obesity among adults, BMI ≥ 30 kg/m2 (crude estimate) (%)",https://www.who.int/data/gho/data/indicators/indicator-details/GHO/prevalence-of-obesity-among-adults-bmi--30-%28crude-estimate%29-%28-%29,1987,1987,1987,EMR,Eastern Mediterranean,ARE,United Arab Emirates,SEX,SEX_BTSX,Both sexes,16.098148,16.1 [12.8-19.8],12.84682,19.840918
NCD_BMI_30C,"Obesity among adults, BMI ≥ 30 kg/m2 (crude estimate) (%)",https://www.who.int/data/gho/data/indicators/indicator-details/GHO/prevalence-of-obesity-among-adults-bmi--30-%28crude-estimate%29-%28-%29,1988,1988,1988,EMR,Eastern Mediterranean,ARE,United Arab Emirates,SEX,SEX_BTSX,Both sexes,16.622016,16.6 [13.5-20.2],13.474548,20.219278
NCD_BMI_30C,"Obesity among adults, BMI ≥ 30 kg/m2 (crude estimate) (%)",https://www.who.int/data/gho/data/indicators/indicator-details/GHO/prevalence-of-obesity-among-adults-bmi--30-%28crude-estimate%29-%28-%29,1989,1989,1989,EMR,Eastern Mediterranean,ARE,United Arab Emirates,SEX,SEX_BTSX,Both sexes,17.156453,17.2 [14.2-20.6],14.157206,20.637195
NCD_BMI_30C,"Obesity among adults, BMI ≥ 30 kg/m2 (crude estimate) (%)",https://www.who.int/data/gho/data/indicators/indicator-details/GHO/prevalence-of-obesity-among-adults-bmi--30-%28crude-estimate%29-%28-%29,2023,2023,2023,EMR,Eastern Mediterranean,ARE,United Arab Emirates,SEX,SEX_BTSX,Both sexes,30.267709,30.3 [26.0-34.7],26.046532,34.735146
NCD_BMI_30C,"Obesity among adults, BMI ≥ 30 kg/m2 (crude estimate) (%)",https://www.who.int/data/gho/data/indicators/indicator-details/GHO/prevalence-of-obesity-among-adults-bmi--30-%28crude-estimate%29-%28-%29,2024,2024,2024,EMR,Eastern Mediterranean,ARE,United Arab Emirates,SEX,SEX_BTSX,Both sexes,30.282092,30.3 [25.7-35.2],25.69156,35.169265
NCD_BMI_30C,"Obesity among adults, BMI ≥ 30 kg/m2 (crude estimate) (%)",https://www.who.int/data/gho/data/indicators/indicator-details/GHO/prevalence-of-obesity-among-adults-bmi--30-%28crude-estimate%29-%28-%29,1985,1985,1985,EMR,Eastern Mediterranean,ARE,United Arab Emirates,SEX,SEX_MLE,Male,11.523938,11.5 [7.4-16.7],7.3707856,16.736703
NCD_BMI_30C,"Obesity among adults, BMI ≥ 30 kg/m2 (crude estimate) (%)",https://www.who.int/data/gho/data/indicators/indicator-details/GHO/prevalence-of-obesity-among-adults-bmi--30-%28crude-estimate%29-%28-%29,1985,1985,1985,EMR,Eastern Mediterranean,ARE,United Arab Emirates,SEX,SEX_FMLE,Female,25.160852,25.2 [19.0-32.1],18.978502,32.106307
NCD_BMI_30C,"Obesity among adults, BMI ≥ 30 kg/m2 (crude estimate) (%)",https://www.who.int/data/gho/data/indicators/indicator-details/GHO/prevalence-of-obesity-among-adults-bmi--30-%28crude-estimate%29-%28-%29,1985,1985,1985,EMR,Eastern Mediterranean,ARE,United Arab Emirates,SEX,SEX_BTSX,Both sexes,14.893106,14.9 [11.4-19.0],11.385484,19.010521
NCD_BMI_MINUS2C,"Thinness among children and adolescents, BMI-for-age < -2 standard deviations below the median (%)",https://www.who.int/data/gho/data/indicators/indicator-details/GHO/prevalence-of-thinness-among-children-and-adolescents-bmi--2-standard-deviations-below-the-median-%28crude-estimate%29-%28-%29,1980,1980,1980,EMR,Eastern Mediterranean,ARE,United Arab Emirates,SEX,SEX_MLE,Male,6.6027716,6.6 [1.7-14.9],1.6997479,14.898629
NCD_BMI_MINUS2C,"Thinness among children and adolescents, BMI-for-age < -2 standard deviations below the median (%)",https://www.who.int/data/gho/data/indicators/indicator-details/GHO/prevalence-of-thinness-among-children-and-adolescents-bmi--2-standard-deviations-below-the-median-%28crude-estimate%29-%28-%29,1980,1980,1980,EMR,Eastern Mediterranean,ARE,United Arab Emirates,SEX,SEX_MLE,Male,7.5862043,7.6 [2.1-16.6],2.1160372,16.637549
NCD_BMI_MINUS2C,"Thinness among children and adolescents, BMI-for-age < -2 standard deviations below the median (%)",https://www.who.int/data/gho/data/indicators/indicator-details/GHO/prevalence-of-thinness-among-children-and-adolescents-bmi--2-standard-deviations-below-the-median-%28crude-estimate%29-%28-%29,1980,1980,1980,EMR,Eastern Mediterranean,ARE,United Arab Emirates,SEX,SEX_MLE,Male,5.2153781,5.2 [0.9-13.7],0.94545912,13.682485
NCD_BMI_MINUS2C,"Thinness among children and adolescents, BMI-for-age < -2 standard deviations below the median (%)",https://www.who.int/data/gho/data/indicators/indicator-details/GHO/prevalence-of-thinness-among-children-and-adolescents-bmi--2-standard-deviations-below-the-median-%28crude-estimate%29-%28-%29,1983,1983,1983,EMR,Eastern Mediterranean,ARE,United Arab Emirates,SEX,SEX_MLE,Male,7.1830638,7.2 [2.6-14.3],2.6317408,14.329849
NCD_BMI_MINUS2C,"Thinness among children and adolescents, BMI-for-age < -2 standard deviations below the median (%)",https://www.who.int/data/gho/data/indicators/indicator-details/GHO/prevalence-of-thinness-among-children-and-adolescents-bmi--2-standard-deviations-below-the-median-%28crude-estimate%29-%28-%29,1983,1983,1983,EMR,Eastern Mediterranean,ARE,United Arab Emirates,SEX,SEX_MLE,Male,6.1924666,6.2 [2.1-12.8],2.0727227,12.765062
NCD_BMI_MINUS2C,"Thinness among children and adolescents, BMI-for-age < -2 standard deviations below the median (%)",https://www.who.int/data/gho/data/indicators/indicator-details/GHO/prevalence-of-thinness-among-children-and-adolescents-bmi--2-standard-deviations-below-the-median-%28crude-estimate%29-%28-%29,1983,1983,1983,EMR,Eastern Mediterranean,ARE,United Arab Emirates,SEX,SEX_MLE,Male,4.926056,4.9 [1.1-12.2],1.1162601,12.222292
NCD_BMI_MINUS2C,"Thinness among children and adolescents, BMI-for-age < -2 standard deviations below the median (%)",https://www.who.int/data/gho/data/indicators/indicator-details/GHO/prevalence-of-thinness-among-children-and-adolescents-bmi--2-standard-deviations-below-the-median-%28crude-estimate%29-%28-%29,1987,1987,1987,EMR,Eastern Mediterranean,ARE,United Arab Emirates,SEX,SEX_MLE,Male,5.9072964,5.9 [2.5-10.9],2.5233902,10.878617
NCD_BMI_MINUS2C,"Thinness among children and adolescents, BMI-for-age < -2 standard deviations below the median (%)",https://www.who.int/data/gho/data/indicators/indicator-details/GHO/prevalence-of-thinness-among-children-and-adolescents-bmi--2-standard-deviations-below-the-median-%28crude-estimate%29-%28-%29,1987,1987,1987,EMR,Eastern Mediterranean,ARE,United Arab Emirates,SEX,SEX_MLE,Male,4.5986138,4.6 [1.3-10.6],1.3070666,10.598359
NCD_BMI_MINUS2C,"Thinness among children and adolescents, BMI-for-age < -2 standard deviations below the median (%)",https://www.who.int/data/gho/data/indicators/indicator-details/GHO/prevalence-of-thinness-among-children-and-adolescents-bmi--2-standard-deviations-below-the-median-%28crude-estimate%29-%28-%29,1987,1987,1987,EMR,Eastern Mediterranean,ARE,United Arab Emirates,SEX,SEX_MLE,Male,6.7602925,6.8 [3.1-11.9],3.1141492,11.936762
NCD_BMI_MINUS2C,"Thinness among children and adolescents, BMI-for-age < -2 standard deviations below the median (%)",https://www.who.int/data/gho/data/indicators/indicator-details/GHO/prevalence-of-thinness-among-children-and-adolescents-bmi--2-standard-deviations-below-the-median-%28crude-estimate%29-%28-%29,1988,1988,1988,EMR,Eastern Mediterranean,ARE,United Arab Emirates,SEX,SEX_MLE,Male,5.8844026,5.9 [2.7-10.6],2.6724434,10.588668
NCD_BMI_MINUS2C,"Thinness among children and adolescents, BMI-for-age < -2 standard deviations below the median (%)",https://www.who.int/data/gho/data/indicators/indicator-details/GHO/prevalence-of-thinness-among-children-and-adolescents-bmi--2-standard-deviations-below-the-median-%28crude-estimate%29-%28-%29,1988,1988,1988,EMR,Eastern Mediterranean,ARE,United Arab Emirates,SEX,SEX_MLE,Male,6.6844121,6.7 [3.2-11.5],3.1858966,11.49756
NCD_BMI_MINUS2C,"Thinness among children and adolescents, BMI-for-age < -2 standard deviations below the median (%)",https://www.who.int/data/gho/data/indicators/indicator-details/GHO/prevalence-of-thinness-among-children-and-adolescents-bmi--2-standard-deviations-below-the-median-%28crude-estimate%29-%28-%29,1988,1988,1988,EMR,Eastern Mediterranean,ARE,United Arab Emirates,SEX,SEX_MLE,Male,4.5242324,4.5 [1.3-10.2],1.3239769,10.216181
NCD_BMI_MINUS2C,"Thinness among children and adolescents, BMI-for-age < -2 standard deviations below the median (%)",https://www.who.int/data/gho/data/indicators/indicator-details/GHO/prevalence-of-thinness-among-children-and-adolescents-bmi--2-standard-deviations-below-the-median-%28crude-estimate%29-%28-%29,1989,1989,1989,EMR,Eastern Mediterranean,ARE,United Arab Emirates,SEX,SEX_MLE,Male,6.6023633,6.6 [3.3-11.1],3.2943774,11.144357
NCD_BMI_MINUS2C,"Thinness among children and adolescents, BMI-for-age < -2 standard deviations below the median (%)",https://www.who.int/data/gho/data/indicators/indicator-details/GHO/prevalence-of-thinness-among-children-and-adolescents-bmi--2-standard-deviations-below-the-median-%28crude-estimate%29-%28-%29,1989,1989,1989,EMR,Eastern Mediterranean,ARE,United Arab Emirates,SEX,SEX_MLE,Male,5.8295831,5.8 [2.8-10.3],2.750019,10.301468
NCD_BMI_MINUS2C,"Thinness among children and adolescents, BMI-for-age < -2 standard deviations below the median (%)",https://www.who.int/data/gho/data/indicators/indicator-details/GHO/prevalence-of-thinness-among-children-and-adolescents-bmi--2-standard-deviations-below-the-median-%28crude-estimate%29-%28-%29,1989,1989,1989,EMR,Eastern Mediterranean,ARE,United Arab Emirates,SEX,SEX_MLE,Male,4.4533726,4.5 [1.3-10.0],1.3404552,9.9885814
NCD_BMI_MINUS2C,"Thinness among children and adolescents, BMI-for-age < -2 standard deviations below the median (%)",https://www.who.int/data/gho/data/indicators/indicator-details/GHO/prevalence-of-thinness-among-children-and-adolescents-bmi--2-standard-deviations-below-the-median-%28crude-estimate%29-%28-%29,2023,2023,2023,EMR,Eastern Mediterranean,ARE,United Arab Emirates,SEX,SEX_MLE,Male,3.5227083,3.5 [1.0-8.1],0.96910307,8.1028081
NCD_BMI_MINUS2C,"Thinness among children and adolescents, BMI-for-age < -2 standard deviations below the median (%)",https://www.who.int/data/gho/data/indicators/indicator-details/GHO/prevalence-of-thinness-among-children-and-adolescents-bmi--2-standard-deviations-below-the-median-%28crude-estimate%29-%28-%29,2023,2023,2023,EMR,Eastern Mediterranean,ARE,United Arab Emirates,SEX,SEX_MLE,Male,5.1369965,5.1 [2.5-8.9],2.4798688,8.883772
NCD_BMI_MINUS2C,"Thinness among children and adolescents, BMI-for-age < -2 standard deviations below the median (%)",https://www.who.int/data/gho/data/indicators/indicator-details/GHO/prevalence-of-thinness-among-children-and-adolescents-bmi--2-standard-deviations-below-the-median-%28crude-estimate%29-%28-%29,2023,2023,2023,EMR,Eastern Mediterranean,ARE,United Arab Emirates,SEX,SEX_MLE,Male,4.5550574,4.6 [2.0-8.2],2.0456867,8.2296804
NCD_BMI_MINUS2C,"Thinness among children and adolescents, BMI-for-age < -2 standard deviations below the median (%)",https://www.who.int/data/gho/data/indicators/indicator-details/GHO/prevalence-of-thinness-among-children-and-adolescents-bmi--2-standard-deviations-below-the-median-%28crude-estimate%29-%28-%29,2024,2024,2024,EMR,Eastern Mediterranean,ARE,United Arab Emirates,SEX,SEX_MLE,Male,4.6427924,4.6 [1.9-8.8],1.9025568,8.7950476
NCD_BMI_MINUS2C,"Thinness among children and adolescents, BMI-for-age < -2 standard deviations below the median (%)",https://www.who.int/data/gho/data/indicators/indicator-details/GHO/prevalence-of-thinness-among-children-and-adolescents-bmi--2-standard-deviations-below-the-median-%28crude-estimate%29-%28-%29,2024,2024,2024,EMR,Eastern Mediterranean,ARE,United Arab Emirates,SEX,SEX_MLE,Male,5.220947,5.2 [2.3-9.5],2.2574333,9.4796225
NCD_BMI_MINUS2C,"Thinness among children and adolescents, BMI-for-age < -2 standard deviations below the median (%)",https://www.who.int/data/gho/data/indicators/indicator-details/GHO/prevalence-of-thinness-among-children-and-adolescents-bmi--2-standard-deviations-below-the-median-%28crude-estimate%29-%28-%29,2024,2024,2024,EMR,Eastern Mediterranean,ARE,United Arab Emirates,SEX,SEX_MLE,Male,3.6022712,3.6 [0.9-8.5],0.91432706,8.4909573
NCD_BMI_MINUS2C,"Thinness among children and adolescents, BMI-for-age < -2 standard deviations below the median (%)",https://www.who.int/data/gho/data/indicators/indicator-details/GHO/prevalence-of-thinness-among-children-and-adolescents-bmi--2-standard-deviations-below-the-median-%28crude-estimate%29-%28-%29,1980,1980,1980,EMR,Eastern Mediterranean,ARE,United Arab Emirates,SEX,SEX_FMLE,Female,5.9469357,5.9 [1.2-15.2],1.1984133,15.211684
NCD_BMI_MINUS2C,"Thinness among children and adolescents, BMI-for-age < -2 standard deviations below the median (%)",https://www.who.int/data/gho/data/indicators/indicator-details/GHO/prevalence-of-thinness-among-children-and-adolescents-bmi--2-standard-deviations-below-the-median-%28crude-estimate%29-%28-%29,1980,1980,1980,EMR,Eastern Mediterranean,ARE,United Arab Emirates,SEX,SEX_FMLE,Female,6.1358854,6.1 [1.6-14.5],1.6305013,14.489003
NCD_BMI_MINUS2C,"Thinness among children and adolescents, BMI-for-age < -2 standard deviations below the median (%)",https://www.who.int/data/gho/data/indicators/indicator-details/GHO/prevalence-of-thinness-among-children-and-adolescents-bmi--2-standard-deviations-below-the-median-%28crude-estimate%29-%28-%29,1980,1980,1980,EMR,Eastern Mediterranean,ARE,United Arab Emirates,SEX,SEX_FMLE,Female,6.2919185,6.3 [1.8-14.3],1.816857,14.325018
NCD_BMI_MINUS2C,"Thinness among children and adolescents, BMI-for-age < -2 standard deviations below the median (%)",https://www.who.int/data/gho/data/indicators/indicator-details/GHO/prevalence-of-thinness-among-children-and-adolescents-bmi--2-standard-deviations-below-the-median-%28crude-estimate%29-%28-%29,1983,1983,1983,EMR,Eastern Mediterranean,ARE,United Arab Emirates,SEX,SEX_FMLE,Female,5.7895295,5.8 [2.0-12.2],1.9927161,12.205182
NCD_BMI_MINUS2C,"Thinness among children and adolescents, BMI-for-age < -2 standard deviations below the median (%)",https://www.who.int/data/gho/data/indicators/indicator-details/GHO/prevalence-of-thinness-among-children-and-adolescents-bmi--2-standard-deviations-below-the-median-%28crude-estimate%29-%28-%29,1983,1983,1983,EMR,Eastern Mediterranean,ARE,United Arab Emirates,SEX,SEX_FMLE,Female,5.6357637,5.6 [1.8-12.4],1.785497,12.384969
NCD_BMI_MINUS2C,"Thinness among children and adolescents, BMI-for-age < -2 standard deviations below the median (%)",https://www.who.int/data/gho/data/indicators/indicator-details/GHO/prevalence-of-thinness-among-children-and-adolescents-bmi--2-standard-deviations-below-the-median-%28crude-estimate%29-%28-%29,1983,1983,1983,EMR,Eastern Mediterranean,ARE,United Arab Emirates,SEX,SEX_FMLE,Female,5.4551315,5.5 [1.3-13.4],1.3040288,13.413817
NCD_BMI_MINUS2C,"Thinness among children and adolescents, BMI-for-age < -2 standard deviations below the median (%)",https://www.who.int/data/gho/data/indicators/indicator-details/GHO/prevalence-of-thinness-among-children-and-adolescents-bmi--2-standard-deviations-below-the-median-%28crude-estimate%29-%28-%29,1987,1987,1987,EMR,Eastern Mediterranean,ARE,United Arab Emirates,SEX,SEX_FMLE,Female,5.0630838,5.1 [2.0-10.2],1.957719,10.232651
NCD_BMI_MINUS2C,"Thinness among children and adolescents, BMI-for-age < -2 standard deviations below the median (%)",https://www.who.int/data/gho/data/indicators/indicator-details/GHO/prevalence-of-thinness-among-children-and-adolescents-bmi--2-standard-deviations-below-the-median-%28crude-estimate%29-%28-%29,1987,1987,1987,EMR,Eastern Mediterranean,ARE,United Arab Emirates,SEX,SEX_FMLE,Female,5.2216168,5.2 [2.2-10.0],2.2174153,10.034183
NCD_BMI_MINUS2C,"Thinness among children and adolescents, BMI-for-age < -2 standard deviations below the median (%)",https://www.who.int/data/gho/data/indicators/indicator-details/GHO/prevalence-of-thinness-among-children-and-adolescents-bmi--2-standard-deviations-below-the-median-%28crude-estimate%29-%28-%29,1987,1987,1987,EMR,Eastern Mediterranean,ARE,United Arab Emirates,SEX,SEX_FMLE,Female,4.8683286,4.9 [1.4-11.2],1.3878737,11.211906
NCD_BMI_MINUS2C,"Thinness among children and adolescents, BMI-for-age < -2 standard deviations below the median (%)",https://www.who.int/data/gho/data/indicators/indicator-details/GHO/prevalence-of-thinness-among-children-and-adolescents-bmi--2-standard-deviations-below-the-median-%28crude-estimate%29-%28-%29,1988,1988,1988,EMR,Eastern Mediterranean,ARE,United Arab Emirates,SEX,SEX_FMLE,Female,4.7341477,4.7 [1.4-10.8],1.3877846,10.835589
NCD_BMI_MINUS2C,"Thinness among children and adolescents, BMI-for-age < -2 standard deviations below the median (%)",https://www.who.int/data/gho/data/indicators/indicator-details/GHO/prevalence-of-thinness-among-children-and-adolescents-bmi--2-standard-deviations-below-the-median-%28crude-estimate%29-%28-%29,1988,1988,1988,EMR,Eastern Mediterranean,ARE,United Arab Emirates,SEX,SEX_FMLE,Female,5.067258,5.1 [2.3-9.5],2.2543784,9.5242471
NCD_BMI_MINUS2C,"Thinness among children and adolescents, BMI-for-age < -2 standard deviations below the median (%)",https://www.who.int/data/gho/data/indicators/indicator-details/GHO/prevalence-of-thinness-among-children-and-adolescents-bmi--2-standard-deviations-below-the-median-%28crude-estimate%29-%28-%29,1988,1988,1988,EMR,Eastern Mediterranean,ARE,United Arab Emirates,SEX,SEX_FMLE,Female,4.9231328,4.9 [2.0-9.8],2.0112148,9.7909048
NCD_BMI_MINUS2C,"Thinness among children and adolescents, BMI-for-age < -2 standard deviations below the median (%)",https://www.who.int/data/gho/data/indicators/indicator-details/GHO/prevalence-of-thinness-among-children-and-adolescents-bmi--2-standard-deviations-below-the-median-%28crude-estimate%29-%28-%29,1989,1989,1989,EMR,Eastern Mediterranean,ARE,United Arab Emirates,SEX,SEX_FMLE,Female,4.6029177,4.6 [1.4-10.4],1.3888823,10.406055
NCD_BMI_MINUS2C,"Thinness among children and adolescents, BMI-for-age < -2 standard deviations below the median (%)",https://www.who.int/data/gho/data/indicators/indicator-details/GHO/prevalence-of-thinness-among-children-and-adolescents-bmi--2-standard-deviations-below-the-median-%28crude-estimate%29-%28-%29,1989,1989,1989,EMR,Eastern Mediterranean,ARE,United Arab Emirates,SEX,SEX_FMLE,Female,4.7834154,4.8 [2.0-9.3],2.0316744,9.3095809
NCD_BMI_MINUS2C,"Thinness among children and adolescents, BMI-for-age < -2 standard deviations below the median (%)",https://www.who.int/data/gho/data/indicators/indicator-details/GHO/prevalence-of-thinness-among-children-and-adolescents-bmi--2-standard-deviations-below-the-median-%28crude-estimate%29-%28-%29,1989,1989,1989,EMR,Eastern Mediterranean,ARE,United Arab Emirates,SEX,SEX_FMLE,Female,4.9145743,4.9 [2.3-9.0],2.2736836,9.027791
NCD_BMI_MINUS2C,"Thinness among children and adolescents, BMI-for-age < -2 standard deviations below the median (%)",https://www.who.int/data/gho/data/indicators/indicator-details/GHO/prevalence-of-thinness-among-children-and-adolescents-bmi--2-standard-deviations-below-the-median-%28crude-estimate%29-%28-%29,2023,2023,2023,EMR,Eastern Mediterranean,ARE,United Arab Emirates,SEX,SEX_FMLE,Female,3.0378763,3.0 [1.3-5.7],1.3420486,5.7056796
NCD_BMI_MINUS2C,"Thinness among children and adolescents, BMI-for-age < -2 standard deviations below the median (%)",https://www.who.int/data/gho/data/indicators/indicator-details/GHO/prevalence-of-thinness-among-children-and-adolescents-bmi--2-standard-deviations-below-the-median-%28crude-estimate%29-%28-%29,2023,2023,2023,EMR,Eastern Mediterranean,ARE,United Arab Emirates,SEX,SEX_FMLE,Female,3.0981131,3.1 [1.5-5.5],1.4917874,5.5268463
NCD_BMI_MINUS2C,"Thinness among children and adolescents, BMI-for-age < -2 standard deviations below the median (%)",https://www.who.int/data/gho/data/indicators/indicator-details/GHO/prevalence-of-thinness-among-children-and-adolescents-bmi--2-standard-deviations-below-the-median-%28crude-estimate%29-%28-%29,2023,2023,2023,EMR,Eastern Mediterranean,ARE,United Arab Emirates,SEX,SEX_FMLE,Female,2.9369986,2.9 [0.9-6.8],0.86173769,6.7626759
NCD_BMI_MINUS2C,"Thinness among children and adolescents, BMI-for-age < -2 standard deviations below the median (%)",https://www.who.int/data/gho/data/indicators/indicator-details/GHO/prevalence-of-thinness-among-children-and-adolescents-bmi--2-standard-deviations-below-the-median-%28crude-estimate%29-%28-%29,2024,2024,2024,EMR,Eastern Mediterranean,ARE,United Arab Emirates,SEX,SEX_FMLE,Female,3.07515,3.1 [1.3-6.0],1.2806674,6.0215365
NCD_BMI_MINUS2C,"Thinness among children and adolescents, BMI-for-age < -2 standard deviations below the median (%)",https://www.who.int/data/gho/data/indicators/indicator-details/GHO/prevalence-of-thinness-among-children-and-adolescents-bmi--2-standard-deviations-below-the-median-%28crude-estimate%29-%28-%29,2024,2024,2024,EMR,Eastern Mediterranean,ARE,United Arab Emirates,SEX,SEX_FMLE,Female,3.1406309,3.1 [1.4-5.8],1.3995857,5.8317751
NCD_BMI_MINUS2C,"Thinness among children and adolescents, BMI-for-age < -2 standard deviations below the median (%)",https://www.who.int/data/gho/data/indicators/indicator-details/GHO/prevalence-of-thinness-among-children-and-adolescents-bmi--2-standard-deviations-below-the-median-%28crude-estimate%29-%28-%29,2024,2024,2024,EMR,Eastern Mediterranean,ARE,United Arab Emirates,SEX,SEX_FMLE,Female,2.9630283,3.0 [0.8-6.9],0.84000379,6.9139764
NCD_BMI_MINUS2C,"Thinness among children and adolescents, BMI-for-age < -2 standard deviations below the median (%)",https://www.who.int/data/gho/data/indicators/indicator-details/GHO/prevalence-of-thinness-among-children-and-adolescents-bmi--2-standard-deviations-below-the-median-%28crude-estimate%29-%28-%29,1980,1980,1980,EMR,Eastern Mediterranean,ARE,United Arab Emirates,SEX,SEX_BTSX,Both sexes,7.0474543,7.0 [3.0-13.0],2.9770918,12.9628
NCD_BMI_MINUS2C,"Thinness among children and adolescents, BMI-for-age < -2 standard deviations below the median (%)",https://www.who.int/data/gho/data/indicators/indicator-details/GHO/prevalence-of-thinness-among-children-and-adolescents-bmi--2-standard-deviations-below-the-median-%28crude-estimate%29-%28-%29,1980,1980,1980,EMR,Eastern Mediterranean,ARE,United Arab Emirates,SEX,SEX_BTSX,Both sexes,5.5473361,5.5 [1.9-11.5],1.8978948,11.462267
NCD_BMI_MINUS2C,"Thinness among children and adolescents, BMI-for-age < -2 standard deviations below the median (%)",https://www.who.int/data/gho/data/indicators/indicator-details/GHO/prevalence-of-thinness-among-children-and-adolescents-bmi--2-standard-deviations-below-the-median-%28crude-estimate%29-%28-%29,1980,1980,1980,EMR,Eastern Mediterranean,ARE,United Arab Emirates,SEX,SEX_BTSX,Both sexes,6.4008795,6.4 [2.6-12.0],2.6175009,12.01027
NCD_BMI_MINUS2C,"Thinness among children and adolescents, BMI-for-age < -2 standard deviations below the median (%)",https://www.who.int/data/gho/data/indicators/indicator-details/GHO/prevalence-of-thinness-among-children-and-adolescents-bmi--2-standard-deviations-below-the-median-%28crude-estimate%29-%28-%29,1983,1983,1983,EMR,Eastern Mediterranean,ARE,United Arab Emirates,SEX,SEX_BTSX,Both sexes,6.5757625,6.6 [3.2-11.2],3.2216128,11.202197
NCD_BMI_MINUS2C,"Thinness among children and adolescents, BMI-for-age < -2 standard deviations below the median (%)",https://www.who.int/data/gho/data/indicators/indicator-details/GHO/prevalence-of-thinness-among-children-and-adolescents-bmi--2-standard-deviations-below-the-median-%28crude-estimate%29-%28-%29,1983,1983,1983,EMR,Eastern Mediterranean,ARE,United Arab Emirates,SEX,SEX_BTSX,Both sexes,5.9446402,5.9 [2.8-10.4],2.7839737,10.433877
NCD_BMI_MINUS2C,"Thinness among children and adolescents, BMI-for-age < -2 standard deviations below the median (%)",https://www.who.int/data/gho/data/indicators/indicator-details/GHO/prevalence-of-thinness-among-children-and-adolescents-bmi--2-standard-deviations-below-the-median-%28crude-estimate%29-%28-%29,1983,1983,1983,EMR,Eastern Mediterranean,ARE,United Arab Emirates,SEX,SEX_BTSX,Both sexes,5.1676858,5.2 [2.0-10.1],1.9724408,10.110144
NCD_BMI_MINUS2C,"Thinness among children and adolescents, BMI-for-age < -2 standard deviations below the median (%)",https://www.who.int/data/gho/data/indicators/indicator-details/GHO/prevalence-of-thinness-among-children-and-adolescents-bmi--2-standard-deviations-below-the-median-%28crude-estimate%29-%28-%29,1987,1987,1987,EMR,Eastern Mediterranean,ARE,United Arab Emirates,SEX,SEX_BTSX,Both sexes,6.1358482,6.1 [3.5-9.6],3.518207,9.5863581
NCD_BMI_MINUS2C,"Thinness among children and adolescents, BMI-for-age < -2 standard deviations below the median (%)",https://www.who.int/data/gho/data/indicators/indicator-details/GHO/prevalence-of-thinness-among-children-and-adolescents-bmi--2-standard-deviations-below-the-median-%28crude-estimate%29-%28-%29,1987,1987,1987,EMR,Eastern Mediterranean,ARE,United Arab Emirates,SEX,SEX_BTSX,Both sexes,5.5454627,5.5 [3.0-9.0],3.0021561,9.047246
NCD_BMI_MINUS2C,"Thinness among children and adolescents, BMI-for-age < -2 standard deviations below the median (%)",https://www.who.int/data/gho/data/indicators/indicator-details/GHO/prevalence-of-thinness-among-children-and-adolescents-bmi--2-standard-deviations-below-the-median-%28crude-estimate%29-%28-%29,1987,1987,1987,EMR,Eastern Mediterranean,ARE,United Arab Emirates,SEX,SEX_BTSX,Both sexes,4.722774,4.7 [2.0-8.9],2.0272957,8.854381
NCD_BMI_MINUS2C,"Thinness among children and adolescents, BMI-for-age < -2 standard deviations below the median (%)",https://www.who.int/data/gho/data/indicators/indicator-details/GHO/prevalence-of-thinness-among-children-and-adolescents-bmi--2-standard-deviations-below-the-median-%28crude-estimate%29-%28-%29,1988,1988,1988,EMR,Eastern Mediterranean,ARE,United Arab Emirates,SEX,SEX_BTSX,Both sexes,4.6213198,4.6 [2.0-8.6],2.0228278,8.5738443
NCD_BMI_MINUS2C,"Thinness among children and adolescents, BMI-for-age < -2 standard deviations below the median (%)",https://www.who.int/data/gho/data/indicators/indicator-details/GHO/prevalence-of-thinness-among-children-and-adolescents-bmi--2-standard-deviations-below-the-median-%28crude-estimate%29-%28-%29,1988,1988,1988,EMR,Eastern Mediterranean,ARE,United Arab Emirates,SEX,SEX_BTSX,Both sexes,6.0393125,6.0 [3.5-9.3],3.5459314,9.3003348
NCD_BMI_MINUS2C,"Thinness among children and adolescents, BMI-for-age < -2 standard deviations below the median (%)",https://www.who.int/data/gho/data/indicators/indicator-details/GHO/prevalence-of-thinness-among-children-and-adolescents-bmi--2-standard-deviations-below-the-median-%28crude-estimate%29-%28-%29,1988,1988,1988,EMR,Eastern Mediterranean,ARE,United Arab Emirates,SEX,SEX_BTSX,Both sexes,5.4766852,5.5 [3.1-8.8],3.0791465,8.7881759
NCD_BMI_MINUS2C,"Thinness among children and adolescents, BMI-for-age < -2 standard deviations below the median (%)",https://www.who.int/data/gho/data/indicators/indicator-details/GHO/prevalence-of-thinness-among-children-and-adolescents-bmi--2-standard-deviations-below-the-median-%28crude-estimate%29-%28-%29,1989,1989,1989,EMR,Eastern Mediterranean,ARE,United Arab Emirates,SEX,SEX_BTSX,Both sexes,4.5227412,4.5 [2.0-8.3],2.0027714,8.3190754
NCD_BMI_MINUS2C,"Thinness among children and adolescents, BMI-for-age < -2 standard deviations below the median (%)",https://www.who.int/data/gho/data/indicators/indicator-details/GHO/prevalence-of-thinness-among-children-and-adolescents-bmi--2-standard-deviations-below-the-median-%28crude-estimate%29-%28-%29,1989,1989,1989,EMR,Eastern Mediterranean,ARE,United Arab Emirates,SEX,SEX_BTSX,Both sexes,5.9260789,5.9 [3.5-9.0],3.544914,9.0001047
NCD_BMI_MINUS2C,"Thinness among children and adolescents, BMI-for-age < -2 standard deviations below the median (%)",https://www.who.int/data/gho/data/indicators/indicator-details/GHO/prevalence-of-thinness-among-children-and-adolescents-bmi--2-standard-deviations-below-the-median-%28crude-estimate%29-%28-%29,1989,1989,1989,EMR,Eastern Mediterranean,ARE,United Arab Emirates,SEX,SEX_BTSX,Both sexes,5.3849056,5.4 [3.1-8.5],3.1178754,8.491911
NCD_BMI_MINUS2C,"Thinness among children and adolescents, BMI-for-age < -2 standard deviations below the median (%)",https://www.who.int/data/gho/data/indicators/indicator-details/GHO/prevalence-of-thinness-among-children-and-adolescents-bmi--2-standard-deviations-below-the-median-%28crude-estimate%29-%28-%29,2023,2023,2023,EMR,Eastern Mediterranean,ARE,United Arab Emirates,SEX,SEX_BTSX,Both sexes,4.1578855,4.2 [2.5-6.4],2.4682095,6.3610025
NCD_BMI_MINUS2C,"Thinness among children and adolescents, BMI-for-age < -2 standard deviations below the median (%)",https://www.who.int/data/gho/data/indicators/indicator-details/GHO/prevalence-of-thinness-among-children-and-adolescents-bmi--2-standard-deviations-below-the-median-%28crude-estimate%29-%28-%29,2023,2023,2023,EMR,Eastern Mediterranean,ARE,United Arab Emirates,SEX,SEX_BTSX,Both sexes,3.8184658,3.8 [2.2-6.1],2.1873649,6.0579278
NCD_BMI_MINUS2C,"Thinness among children and adolescents, BMI-for-age < -2 standard deviations below the median (%)",https://www.who.int/data/gho/data/indicators/indicator-details/GHO/prevalence-of-thinness-among-children-and-adolescents-bmi--2-standard-deviations-below-the-median-%28crude-estimate%29-%28-%29,2023,2023,2023,EMR,Eastern Mediterranean,ARE,United Arab Emirates,SEX,SEX_BTSX,Both sexes,3.2330107,3.2 [1.4-6.1],1.4225797,6.1123554
NCD_BMI_MINUS2C,"Thinness among children and adolescents, BMI-for-age < -2 standard deviations below the median (%)",https://www.who.int/data/gho/data/indicators/indicator-details/GHO/prevalence-of-thinness-among-children-and-adolescents-bmi--2-standard-deviations-below-the-median-%28crude-estimate%29-%28-%29,2024,2024,2024,EMR,Eastern Mediterranean,ARE,United Arab Emirates,SEX,SEX_BTSX,Both sexes,4.2164892,4.2 [2.4-6.7],2.3787234,6.6758968
NCD_BMI_MINUS2C,"Thinness among children and adolescents, BMI-for-age < -2 standard deviations below the median (%)",https://www.who.int/data/gho/data/indicators/indicator-details/GHO/prevalence-of-thinness-among-children-and-adolescents-bmi--2-standard-deviations-below-the-median-%28crude-estimate%29-%28-%29,2024,2024,2024,EMR,Eastern Mediterranean,ARE,United Arab Emirates,SEX,SEX_BTSX,Both sexes,3.2856636,3.3 [1.4-6.4],1.3820536,6.3641302
NCD_BMI_MINUS2C,"Thinness among children and adolescents, BMI-for-age < -2 standard deviations below the median (%)",https://www.who.int/data/gho/data/indicators/indicator-details/GHO/prevalence-of-thinness-among-children-and-adolescents-bmi--2-standard-deviations-below-the-median-%28crude-estimate%29-%28-%29,2024,2024,2024,EMR,Eastern Mediterranean,ARE,United Arab Emirates,SEX,SEX_BTSX,Both sexes,3.8787946,3.9 [2.1-6.4],2.1202596,6.3692287
NCD_BMI_MINUS2C,"Thinness among children and adolescents, BMI-for-age < -2 standard deviations below the median (%)",https://www.who.int/data/gho/data/indicators/indicator-details/GHO/prevalence-of-thinness-among-children-and-adolescents-bmi--2-standard-deviations-below-the-median-%28crude-estimate%29-%28-%29,1981,1981,1981,EMR,Eastern Mediterranean,ARE,United Arab Emirates,SEX,SEX_MLE,Male,7.4280143,7.4 [2.3-15.7],2.2706626,15.732735
NCD_BMI_MINUS2C,"Thinness among children and adolescents, BMI-for-age < -2 standard deviations below the median (%)",https://www.who.int/data/gho/data/indicators/indicator-details/GHO/prevalence-of-thinness-among-children-and-adolescents-bmi--2-standard-deviations-below-the-median-%28crude-estimate%29-%28-%29,1981,1981,1981,EMR,Eastern Mediterranean,ARE,United Arab Emirates,SEX,SEX_MLE,Male,6.4363435,6.4 [1.8-14.2],1.821016,14.181058
NCD_BMI_MINUS2C,"Thinness among children and adolescents, BMI-for-age < -2 standard deviations below the median (%)",https://www.who.int/data/gho/data/indicators/indicator-details/GHO/prevalence-of-thinness-among-children-and-adolescents-bmi--2-standard-deviations-below-the-median-%28crude-estimate%29-%28-%29,1981,1981,1981,EMR,Eastern Mediterranean,ARE,United Arab Emirates,SEX,SEX_MLE,Male,5.1144738,5.1 [1.0-13.1],1.0072872,13.11104
NCD_BMI_MINUS2C,"Thinness among children and adolescents, BMI-for-age < -2 standard deviations below the median (%)",https://www.who.int/data/gho/data/indicators/indicator-details/GHO/prevalence-of-thinness-among-children-and-adolescents-bmi--2-standard-deviations-below-the-median-%28crude-estimate%29-%28-%29,1982,1982,1982,EMR,Eastern Mediterranean,ARE,United Arab Emirates,SEX,SEX_MLE,Male,6.3211083,6.3 [2.0-13.5],1.9572722,13.488556
NCD_BMI_MINUS2C,"Thinness among children and adolescents, BMI-for-age < -2 standard deviations below the median (%)",https://www.who.int/data/gho/data/indicators/indicator-details/GHO/prevalence-of-thinness-among-children-and-adolescents-bmi--2-standard-deviations-below-the-median-%28crude-estimate%29-%28-%29,1982,1982,1982,EMR,Eastern Mediterranean,ARE,United Arab Emirates,SEX,SEX_MLE,Male,5.0181203,5.0 [1.1-12.7],1.067307,12.721169
NCD_BMI_MINUS2C,"Thinness among children and adolescents, BMI-for-age < -2 standard deviations below the median (%)",https://www.who.int/data/gho/data/indicators/indicator-details/GHO/prevalence-of-thinness-among-children-and-adolescents-bmi--2-standard-deviations-below-the-median-%28crude-estimate%29-%28-%29,1982,1982,1982,EMR,Eastern Mediterranean,ARE,United Arab Emirates,SEX,SEX_MLE,Male,7.3042683,7.3 [2.4-15.0],2.4441944,15.035464
NCD_BMI_MINUS2C,"Thinness among children and adolescents, BMI-for-age < -2 standard deviations below the median (%)",https://www.who.int/data/gho/data/indicators/indicator-details/GHO/prevalence-of-thinness-among-children-and-adolescents-bmi--2-standard-deviations-below-the-median-%28crude-estimate%29-%28-%29,1984,1984,1984,EMR,Eastern Mediterranean,ARE,United Arab Emirates,SEX,SEX_MLE,Male,4.8394766,4.8 [1.2-11.7],1.1810938,11.73263
NCD_BMI_MINUS2C,"Thinness among children and adolescents, BMI-for-age < -2 standard deviations below the median (%)",https://www.who.int/data/gho/data/indicators/indicator-details/GHO/prevalence-of-thinness-among-children-and-adolescents-bmi--2-standard-deviations-below-the-median-%28crude-estimate%29-%28-%29,1984,1984,1984,EMR,Eastern Mediterranean,ARE,United Arab Emirates,SEX,SEX_MLE,Male,6.0554273,6.1 [2.1-12.1],2.144796,12.112898
NCD_BMI_MINUS2C,"Thinness among children and adolescents, BMI-for-age < -2 standard deviations below the median (%)",https://www.who.int/data/gho/data/indicators/indicator-details/GHO/prevalence-of-thinness-among-children-and-adolescents-bmi--2-standard-deviations-below-the-median-%28crude-estimate%29-%28-%29,1984,1984,1984,EMR,Eastern Mediterranean,ARE,United Arab Emirates,SEX,SEX_MLE,Male,7.058157,7.1 [2.7-13.5],2.732553,13.545567
NCD_BMI_MINUS2C,"Thinness among children and adolescents, BMI-for-age < -2 standard deviations below the median (%)",https://www.who.int/data/gho/data/indicators/indicator-details/GHO/prevalence-of-thinness-among-children-and-adolescents-bmi--2-standard-deviations-below-the-median-%28crude-estimate%29-%28-%29,1986,1986,1986,EMR,Eastern Mediterranean,ARE,United Arab Emirates,SEX,SEX_MLE,Male,4.6756878,4.7 [1.3-10.8],1.264265,10.828032
NCD_BMI_MINUS2C,"Thinness among children and adolescents, BMI-for-age < -2 standard deviations below the median (%)",https://www.who.int/data/gho/data/indicators/indicator-details/GHO/prevalence-of-thinness-among-children-and-adolescents-bmi--2-standard-deviations-below-the-median-%28crude-estimate%29-%28-%29,1986,1986,1986,EMR,Eastern Mediterranean,ARE,United Arab Emirates,SEX,SEX_MLE,Male,5.8868792,5.9 [2.4-11.2],2.3858333,11.192534
NCD_BMI_MINUS2C,"Thinness among children and adolescents, BMI-for-age < -2 standard deviations below the median (%)",https://www.who.int/data/gho/data/indicators/indicator-details/GHO/prevalence-of-thinness-among-children-and-adolescents-bmi--2-standard-deviations-below-the-median-%28crude-estimate%29-%28-%29,1986,1986,1986,EMR,Eastern Mediterranean,ARE,United Arab Emirates,SEX,SEX_MLE,Male,6.8296857,6.8 [3.0-12.3],2.9822873,12.348176
NCD_BMI_MINUS2C,"Thinness among children and adolescents, BMI-for-age < -2 standard deviations below the median (%)",https://www.who.int/data/gho/data/indicators/indicator-details/GHO/prevalence-of-thinness-among-children-and-adolescents-bmi--2-standard-deviations-below-the-median-%28crude-estimate%29-%28-%29,1981,1981,1981,EMR,Eastern Mediterranean,ARE,United Arab Emirates,SEX,SEX_FMLE,Female,5.777866,5.8 [1.2-14.6],1.2400771,14.648198
NCD_BMI_MINUS2C,"Thinness among children and adolescents, BMI-for-age < -2 standard deviations below the median (%)",https://www.who.int/data/gho/data/indicators/indicator-details/GHO/prevalence-of-thinness-among-children-and-adolescents-bmi--2-standard-deviations-below-the-median-%28crude-estimate%29-%28-%29,1981,1981,1981,EMR,Eastern Mediterranean,ARE,United Arab Emirates,SEX,SEX_FMLE,Female,6.1241612,6.1 [1.9-13.6],1.8732799,13.561712
NCD_BMI_MINUS2C,"Thinness among children and adolescents, BMI-for-age < -2 standard deviations below the median (%)",https://www.who.int/data/gho/data/indicators/indicator-details/GHO/prevalence-of-thinness-among-children-and-adolescents-bmi--2-standard-deviations-below-the-median-%28crude-estimate%29-%28-%29,1981,1981,1981,EMR,Eastern Mediterranean,ARE,United Arab Emirates,SEX,SEX_FMLE,Female,5.965798,6.0 [1.7-13.8],1.691658,13.820027
NCD_BMI_MINUS2C,"Thinness among children and adolescents, BMI-for-age < -2 standard deviations below the median (%)",https://www.who.int/data/gho/data/indicators/indicator-details/GHO/prevalence-of-thinness-among-children-and-adolescents-bmi--2-standard-deviations-below-the-median-%28crude-estimate%29-%28-%29,1982,1982,1982,EMR,Eastern Mediterranean,ARE,United Arab Emirates,SEX,SEX_FMLE,Female,5.7973329,5.8 [1.7-13.1],1.7270271,13.112983
NCD_BMI_MINUS2C,"Thinness among children and adolescents, BMI-for-age < -2 standard deviations below the median (%)",https://www.who.int/data/gho/data/indicators/indicator-details/GHO/prevalence-of-thinness-among-children-and-adolescents-bmi--2-standard-deviations-below-the-median-%28crude-estimate%29-%28-%29,1982,1982,1982,EMR,Eastern Mediterranean,ARE,United Arab Emirates,SEX,SEX_FMLE,Female,5.6142196,5.6 [1.3-13.9],1.2725189,13.948897
NCD_BMI_MINUS2C,"Thinness among children and adolescents, BMI-for-age < -2 standard deviations below the median (%)",https://www.who.int/data/gho/data/indicators/indicator-details/GHO/prevalence-of-thinness-among-children-and-adolescents-bmi--2-standard-deviations-below-the-median-%28crude-estimate%29-%28-%29,1982,1982,1982,EMR,Eastern Mediterranean,ARE,United Arab Emirates,SEX,SEX_FMLE,Female,5.9504244,6.0 [1.9-12.8],1.9363191,12.821023
NCD_BMI_MINUS2C,"Thinness among children and adolescents, BMI-for-age < -2 standard deviations below the median (%)",https://www.who.int/data/gho/data/indicators/indicator-details/GHO/prevalence-of-thinness-among-children-and-adolescents-bmi--2-standard-deviations-below-the-median-%28crude-estimate%29-%28-%29,1984,1984,1984,EMR,Eastern Mediterranean,ARE,United Arab Emirates,SEX,SEX_FMLE,Female,5.6433596,5.6 [2.1-11.7],2.0544581,11.697231
NCD_BMI_MINUS2C,"Thinness among children and adolescents, BMI-for-age < -2 standard deviations below the median (%)",https://www.who.int/data/gho/data/indicators/indicator-details/GHO/prevalence-of-thinness-among-children-and-adolescents-bmi--2-standard-deviations-below-the-median-%28crude-estimate%29-%28-%29,1984,1984,1984,EMR,Eastern Mediterranean,ARE,United Arab Emirates,SEX,SEX_FMLE,Female,5.3008478,5.3 [1.3-12.8],1.3350382,12.770835
NCD_BMI_MINUS2C,"Thinness among children and adolescents, BMI-for-age < -2 standard deviations below the median (%)",https://www.who.int/data/gho/data/indicators/indicator-details/GHO/prevalence-of-thinness-among-children-and-adolescents-bmi--2-standard-deviations-below-the-median-%28crude-estimate%29-%28-%29,1984,1984,1984,EMR,Eastern Mediterranean,ARE,United Arab Emirates,SEX,SEX_FMLE,Female,5.482997,5.5 [1.8-11.8],1.8287368,11.796081
NCD_BMI_MINUS2C,"Thinness among children and adolescents, BMI-for-age < -2 standard deviations below the median (%)",https://www.who.int/data/gho/data/indicators/indicator-details/GHO/prevalence-of-thinness-among-children-and-adolescents-bmi--2-standard-deviations-below-the-median-%28crude-estimate%29-%28-%29,1986,1986,1986,EMR,Eastern Mediterranean,ARE,United Arab Emirates,SEX,SEX_FMLE,Female,5.2020229,5.2 [1.9-10.7],1.9090023,10.739355
NCD_BMI_MINUS2C,"Thinness among children and adolescents, BMI-for-age < -2 standard deviations below the median (%)",https://www.who.int/data/gho/data/indicators/indicator-details/GHO/prevalence-of-thinness-among-children-and-adolescents-bmi--2-standard-deviations-below-the-median-%28crude-estimate%29-%28-%29,1986,1986,1986,EMR,Eastern Mediterranean,ARE,United Arab Emirates,SEX,SEX_FMLE,Female,5.3737659,5.4 [2.2-10.6],2.1850562,10.559278
NCD_BMI_MINUS2C,"Thinness among children and adolescents, BMI-for-age < -2 standard deviations below the median (%)",https://www.who.int/data/gho/data/indicators/indicator-details/GHO/prevalence-of-thinness-among-children-and-adolescents-bmi--2-standard-deviations-below-the-median-%28crude-estimate%29-%28-%29,1986,1986,1986,EMR,Eastern Mediterranean,ARE,United Arab Emirates,SEX,SEX_FMLE,Female,5.0072044,5.0 [1.4-11.7],1.3684159,11.701903
NCD_BMI_MINUS2C,"Thinness among children and adolescents, BMI-for-age < -2 standard deviations below the median (%)",https://www.who.int/data/gho/data/indicators/indicator-details/GHO/prevalence-of-thinness-among-children-and-adolescents-bmi--2-standard-deviations-below-the-median-%28crude-estimate%29-%28-%29,1981,1981,1981,EMR,Eastern Mediterranean,ARE,United Arab Emirates,SEX,SEX_BTSX,Both sexes,6.2295716,6.2 [2.7-11.4],2.6675666,11.381656
NCD_BMI_MINUS2C,"Thinness among children and adolescents, BMI-for-age < -2 standard deviations below the median (%)",https://www.who.int/data/gho/data/indicators/indicator-details/GHO/prevalence-of-thinness-among-children-and-adolescents-bmi--2-standard-deviations-below-the-median-%28crude-estimate%29-%28-%29,1981,1981,1981,EMR,Eastern Mediterranean,ARE,United Arab Emirates,SEX,SEX_BTSX,Both sexes,5.4166067,5.4 [1.9-11.0],1.9420296,10.974915
NCD_BMI_MINUS2C,"Thinness among children and adolescents, BMI-for-age < -2 standard deviations below the median (%)",https://www.who.int/data/gho/data/indicators/indicator-details/GHO/prevalence-of-thinness-among-children-and-adolescents-bmi--2-standard-deviations-below-the-median-%28crude-estimate%29-%28-%29,1981,1981,1981,EMR,Eastern Mediterranean,ARE,United Arab Emirates,SEX,SEX_BTSX,Both sexes,6.8715416,6.9 [3.1-12.3],3.0651161,12.336178
NCD_BMI_MINUS2C,"Thinness among children and adolescents, BMI-for-age < -2 standard deviations below the median (%)",https://www.who.int/data/gho/data/indicators/indicator-details/GHO/prevalence-of-thinness-among-children-and-adolescents-bmi--2-standard-deviations-below-the-median-%28crude-estimate%29-%28-%29,1982,1982,1982,EMR,Eastern Mediterranean,ARE,United Arab Emirates,SEX,SEX_BTSX,Both sexes,5.2902445,5.3 [2.0-10.5],1.9674679,10.526281
NCD_BMI_MINUS2C,"Thinness among children and adolescents, BMI-for-age < -2 standard deviations below the median (%)",https://www.who.int/data/gho/data/indicators/indicator-details/GHO/prevalence-of-thinness-among-children-and-adolescents-bmi--2-standard-deviations-below-the-median-%28crude-estimate%29-%28-%29,1982,1982,1982,EMR,Eastern Mediterranean,ARE,United Arab Emirates,SEX,SEX_BTSX,Both sexes,6.7204982,6.7 [3.2-11.7],3.1504393,11.739515
NCD_BMI_MINUS2C,"Thinness among children and adolescents, BMI-for-age < -2 standard deviations below the median (%)",https://www.who.int/data/gho/data/indicators/indicator-details/GHO/prevalence-of-thinness-among-children-and-adolescents-bmi--2-standard-deviations-below-the-median-%28crude-estimate%29-%28-%29,1982,1982,1982,EMR,Eastern Mediterranean,ARE,United Arab Emirates,SEX,SEX_BTSX,Both sexes,6.0894087,6.1 [2.7-10.9],2.7499128,10.870695
NCD_BMI_MINUS2C,"Thinness among children and adolescents, BMI-for-age < -2 standard deviations below the median (%)",https://www.who.int/data/gho/data/indicators/indicator-details/GHO/prevalence-of-thinness-among-children-and-adolescents-bmi--2-standard-deviations-below-the-median-%28crude-estimate%29-%28-%29,1984,1984,1984,EMR,Eastern Mediterranean,ARE,United Arab Emirates,SEX,SEX_BTSX,Both sexes,6.4348951,6.4 [3.3-10.7],3.2901254,10.694119
NCD_BMI_MINUS2C,"Thinness among children and adolescents, BMI-for-age < -2 standard deviations below the median (%)",https://www.who.int/data/gho/data/indicators/indicator-details/GHO/prevalence-of-thinness-among-children-and-adolescents-bmi--2-standard-deviations-below-the-median-%28crude-estimate%29-%28-%29,1984,1984,1984,EMR,Eastern Mediterranean,ARE,United Arab Emirates,SEX,SEX_BTSX,Both sexes,5.7990011,5.8 [2.8-10.0],2.8379381,10.027742
NCD_BMI_MINUS2C,"Thinness among children and adolescents, BMI-for-age < -2 standard deviations below the median (%)",https://www.who.int/data/gho/data/indicators/indicator-details/GHO/prevalence-of-thinness-among-children-and-adolescents-bmi--2-standard-deviations-below-the-median-%28crude-estimate%29-%28-%29,1984,1984,1984,EMR,Eastern Mediterranean,ARE,United Arab Emirates,SEX,SEX_BTSX,Both sexes,5.0501894,5.1 [2.0-9.7],1.9855952,9.7437747
NCD_BMI_MINUS2C,"Thinness among children and adolescents, BMI-for-age < -2 standard deviations below the median (%)",https://www.who.int/data/gho/data/indicators/indicator-details/GHO/prevalence-of-thinness-among-children-and-adolescents-bmi--2-standard-deviations-below-the-median-%28crude-estimate%29-%28-%29,1986,1986,1986,EMR,Eastern Mediterranean,ARE,United Arab Emirates,SEX,SEX_BTSX,Both sexes,5.5846576,5.6 [2.9-9.3],2.9274058,9.2647381
NCD_BMI_MINUS2C,"Thinness among children and adolescents, BMI-for-age < -2 standard deviations below the median (%)",https://www.who.int/data/gho/data/indicators/indicator-details/GHO/prevalence-of-thinness-among-children-and-adolescents-bmi--2-standard-deviations-below-the-median-%28crude-estimate%29-%28-%29,1986,1986,1986,EMR,Eastern Mediterranean,ARE,United Arab Emirates,SEX,SEX_BTSX,Both sexes,6.2073652,6.2 [3.5-9.8],3.451176,9.8322727
NCD_BMI_MINUS2C,"Thinness among children and adolescents, BMI-for-age < -2 standard deviations below the median (%)",https://www.who.int/data/gho/data/indicators/indicator-details/GHO/prevalence-of-thinness-among-children-and-adolescents-bmi--2-standard-deviations-below-the-median-%28crude-estimate%29-%28-%29,1986,1986,1986,EMR,Eastern Mediterranean,ARE,United Arab Emirates,SEX,SEX_BTSX,Both sexes,4.8275661,4.8 [2.0-9.1],2.0310953,9.0631329
NCD_BMI_PLUS1C,"Overweight among children and adolescents, BMI-for-age > +1 standard deviations above the median (crude estimate) (%)",https://www.who.int/data/gho/data/indicators/indicator-details/GHO/prevalence-of-overweight-among-children-and-adolescents-bmi-1-standard-deviations-above-the-median-%28crude-estimate%29-%28-%29,1983,1983,1983,EMR,Eastern Mediterranean,ARE,United Arab Emirates,SEX,SEX_MLE,Male,20.377311,20.4 [10.0-33.4],10.021164,33.350116
NCD_BMI_PLUS1C,"Overweight among children and adolescents, BMI-for-age > +1 standard deviations above the median (crude estimate) (%)",https://www.who.int/data/gho/data/indicators/indicator-details/GHO/prevalence-of-overweight-among-children-and-adolescents-bmi-1-standard-deviations-above-the-median-%28crude-estimate%29-%28-%29,1983,1983,1983,EMR,Eastern Mediterranean,ARE,United Arab Emirates,SEX,SEX_MLE,Male,21.637444,21.6 [11.1-34.6],11.118528,34.550107
NCD_BMI_PLUS1C,"Overweight among children and adolescents, BMI-for-age > +1 standard deviations above the median (crude estimate) (%)",https://www.who.int/data/gho/data/indicators/indicator-details/GHO/prevalence-of-overweight-among-children-and-adolescents-bmi-1-standard-deviations-above-the-median-%28crude-estimate%29-%28-%29,1983,1983,1983,EMR,Eastern Mediterranean,ARE,United Arab Emirates,SEX,SEX_MLE,Male,18.766315,18.8 [8.3-32.0],8.3290398,32.008713
NCD_BMI_PLUS1C,"Overweight among children and adolescents, BMI-for-age > +1 standard deviations above the median (crude estimate) (%)",https://www.who.int/data/gho/data/indicators/indicator-details/GHO/prevalence-of-overweight-among-children-and-adolescents-bmi-1-standard-deviations-above-the-median-%28crude-estimate%29-%28-%29,1983,1983,1983,EMR,Eastern Mediterranean,ARE,United Arab Emirates,SEX,SEX_FMLE,Female,22.860141,22.9 [12.6-35.0],12.618612,34.972611
NCD_BMI_PLUS1C,"Overweight among children and adolescents, BMI-for-age > +1 standard deviations above the median (crude estimate) (%)",https://www.who.int/data/gho/data/indicators/indicator-details/GHO/prevalence-of-overweight-among-children-and-adolescents-bmi-1-standard-deviations-above-the-median-%28crude-estimate%29-%28-%29,1983,1983,1983,EMR,Eastern Mediterranean,ARE,United Arab Emirates,SEX,SEX_FMLE,Female,22.82124,22.8 [12.9-34.4],12.878881,34.43388
NCD_BMI_PLUS1C,"Overweight among children and adolescents, BMI-for-age > +1 standard deviations above the median (crude estimate) (%)",https://www.who.int/data/gho/data/indicators/indicator-details/GHO/prevalence-of-overweight-among-children-and-adolescents-bmi-1-standard-deviations-above-the-median-%28crude-estimate%29-%28-%29,1983,1983,1983,EMR,Eastern Mediterranean,ARE,United Arab Emirates,SEX,SEX_FMLE,Female,22.905838,22.9 [11.5-36.6],11.484414,36.569783
NCD_BMI_PLUS1C,"Overweight among children and adolescents, BMI-for-age > +1 standard deviations above the median (crude estimate) (%)",https://www.who.int/data/gho/data/indicators/indicator-details/GHO/prevalence-of-overweight-among-children-and-adolescents-bmi-1-standard-deviations-above-the-median-%28crude-estimate%29-%28-%29,1983,1983,1983,EMR,Eastern Mediterranean,ARE,United Arab Emirates,SEX,SEX_BTSX,Both sexes,22.153342,22.2 [14.7-30.6],14.700183,30.593905
NCD_BMI_PLUS1C,"Overweight among children and adolescents, BMI-for-age > +1 standard deviations above the median (crude estimate) (%)",https://www.who.int/data/gho/data/indicators/indicator-details/GHO/prevalence-of-overweight-among-children-and-adolescents-bmi-1-standard-deviations-above-the-median-%28crude-estimate%29-%28-%29,1983,1983,1983,EMR,Eastern Mediterranean,ARE,United Arab Emirates,SEX,SEX_BTSX,Both sexes,20.656843,20.7 [12.8-29.9],12.781379,29.913402
NCD_BMI_PLUS1C,"Overweight among children and adolescents, BMI-for-age > +1 standard deviations above the median (crude estimate) (%)",https://www.who.int/data/gho/data/indicators/indicator-details/GHO/prevalence-of-overweight-among-children-and-adolescents-bmi-1-standard-deviations-above-the-median-%28crude-estimate%29-%28-%29,1983,1983,1983,EMR,Eastern Mediterranean,ARE,United Arab Emirates,SEX,SEX_BTSX,Both sexes,21.482588,21.5 [14.1-30.1],14.062555,30.053511
NCD_BMI_MINUS2C,"Thinness among children and adolescents, BMI-for-age < -2 standard deviations below the median (%)",https://www.who.int/data/gho/data/indicators/indicator-details/GHO/prevalence-of-thinness-among-children-and-adolescents-bmi--2-standard-deviations-below-the-median-%28crude-estimate%29-%28-%29,1985,1985,1985,EMR,Eastern Mediterranean,ARE,United Arab Emirates,SEX,SEX_MLE,Male,5.9194181,5.9 [2.2-11.6],2.2421505,11.563765
NCD_BMI_MINUS2C,"Thinness among children and adolescents, BMI-for-age < -2 standard deviations below the median (%)",https://www.who.int/data/gho/data/indicators/indicator-details/GHO/prevalence-of-thinness-among-children-and-adolescents-bmi--2-standard-deviations-below-the-median-%28crude-estimate%29-%28-%29,1985,1985,1985,EMR,Eastern Mediterranean,ARE,United Arab Emirates,SEX,SEX_MLE,Male,6.9257483,6.9 [2.9-12.8],2.8693907,12.836657
NCD_BMI_MINUS2C,"Thinness among children and adolescents, BMI-for-age < -2 standard deviations below the median (%)",https://www.who.int/data/gho/data/indicators/indicator-details/GHO/prevalence-of-thinness-among-children-and-adolescents-bmi--2-standard-deviations-below-the-median-%28crude-estimate%29-%28-%29,1985,1985,1985,EMR,Eastern Mediterranean,ARE,United Arab Emirates,SEX,SEX_MLE,Male,4.756033,4.8 [1.2-11.3],1.2177844,11.34955
NCD_BMI_MINUS2C,"Thinness among children and adolescents, BMI-for-age < -2 standard deviations below the median (%)",https://www.who.int/data/gho/data/indicators/indicator-details/GHO/prevalence-of-thinness-among-children-and-adolescents-bmi--2-standard-deviations-below-the-median-%28crude-estimate%29-%28-%29,1985,1985,1985,EMR,Eastern Mediterranean,ARE,United Arab Emirates,SEX,SEX_FMLE,Female,5.3396888,5.3 [1.9-11.2],1.861134,11.249903
NCD_BMI_MINUS2C,"Thinness among children and adolescents, BMI-for-age < -2 standard deviations below the median (%)",https://www.who.int/data/gho/data/indicators/indicator-details/GHO/prevalence-of-thinness-among-children-and-adolescents-bmi--2-standard-deviations-below-the-median-%28crude-estimate%29-%28-%29,1985,1985,1985,EMR,Eastern Mediterranean,ARE,United Arab Emirates,SEX,SEX_FMLE,Female,5.5111457,5.5 [2.1-11.1],2.1257306,11.14687
NCD_BMI_MINUS2C,"Thinness among children and adolescents, BMI-for-age < -2 standard deviations below the median (%)",https://www.who.int/data/gho/data/indicators/indicator-details/GHO/prevalence-of-thinness-among-children-and-adolescents-bmi--2-standard-deviations-below-the-median-%28crude-estimate%29-%28-%29,1985,1985,1985,EMR,Eastern Mediterranean,ARE,United Arab Emirates,SEX,SEX_FMLE,Female,5.1512852,5.2 [1.4-12.2],1.3501808,12.179566
NCD_BMI_MINUS2C,"Thinness among children and adolescents, BMI-for-age < -2 standard deviations below the median (%)",https://www.who.int/data/gho/data/indicators/indicator-details/GHO/prevalence-of-thinness-among-children-and-adolescents-bmi--2-standard-deviations-below-the-median-%28crude-estimate%29-%28-%29,1985,1985,1985,EMR,Eastern Mediterranean,ARE,United Arab Emirates,SEX,SEX_BTSX,Both sexes,4.9366411,4.9 [2.0-9.4],2.0079825,9.4139822
NCD_BMI_MINUS2C,"Thinness among children and adolescents, BMI-for-age < -2 standard deviations below the median (%)",https://www.who.int/data/gho/data/indicators/indicator-details/GHO/prevalence-of-thinness-among-children-and-adolescents-bmi--2-standard-deviations-below-the-median-%28crude-estimate%29-%28-%29,1985,1985,1985,EMR,Eastern Mediterranean,ARE,United Arab Emirates,SEX,SEX_BTSX,Both sexes,5.6583799,5.7 [2.9-9.6],2.897514,9.612149
NCD_BMI_MINUS2C,"Thinness among children and adolescents, BMI-for-age < -2 standard deviations below the median (%)",https://www.who.int/data/gho/data/indicators/indicator-details/GHO/prevalence-of-thinness-among-children-and-adolescents-bmi--2-standard-deviations-below-the-median-%28crude-estimate%29-%28-%29,1985,1985,1985,EMR,Eastern Mediterranean,ARE,United Arab Emirates,SEX,SEX_BTSX,Both sexes,6.2971339,6.3 [3.4-10.2],3.366496,10.199593
NCD_BMI_PLUS1C,"Overweight among children and adolescents, BMI-for-age > +1 standard deviations above the median (crude estimate) (%)",https://www.who.int/data/gho/data/indicators/indicator-details/GHO/prevalence-of-overweight-among-children-and-adolescents-bmi-1-standard-deviations-above-the-median-%28crude-estimate%29-%28-%29,1980,1980,1980,EMR,Eastern Mediterranean,ARE,United Arab Emirates,SEX,SEX_MLE,Male,17.427978,17.4 [6.5-32.5],6.5035857,32.497311
NCD_BMI_PLUS1C,"Overweight among children and adolescents, BMI-for-age > +1 standard deviations above the median (crude estimate) (%)",https://www.who.int/data/gho/data/indicators/indicator-details/GHO/prevalence-of-overweight-among-children-and-adolescents-bmi-1-standard-deviations-above-the-median-%28crude-estimate%29-%28-%29,1980,1980,1980,EMR,Eastern Mediterranean,ARE,United Arab Emirates,SEX,SEX_MLE,Male,18.911721,18.9 [7.9-33.5],7.862623,33.541924
NCD_BMI_PLUS1C,"Overweight among children and adolescents, BMI-for-age > +1 standard deviations above the median (crude estimate) (%)",https://www.who.int/data/gho/data/indicators/indicator-details/GHO/prevalence-of-overweight-among-children-and-adolescents-bmi-1-standard-deviations-above-the-median-%28crude-estimate%29-%28-%29,1980,1980,1980,EMR,Eastern Mediterranean,ARE,United Arab Emirates,SEX,SEX_MLE,Male,19.963449,20.0 [8.6-34.6],8.6372629,34.592795
NCD_BMI_PLUS1C,"Overweight among children and adolescents, BMI-for-age > +1 standard deviations above the median (crude estimate) (%)",https://www.who.int/data/gho/data/indicators/indicator-details/GHO/prevalence-of-overweight-among-children-and-adolescents-bmi-1-standard-deviations-above-the-median-%28crude-estimate%29-%28-%29,1981,1981,1981,EMR,Eastern Mediterranean,ARE,United Arab Emirates,SEX,SEX_MLE,Male,17.847663,17.8 [7.1-32.3],7.1398504,32.330626
NCD_BMI_PLUS1C,"Overweight among children and adolescents, BMI-for-age > +1 standard deviations above the median (crude estimate) (%)",https://www.who.int/data/gho/data/indicators/indicator-details/GHO/prevalence-of-overweight-among-children-and-adolescents-bmi-1-standard-deviations-above-the-median-%28crude-estimate%29-%28-%29,1981,1981,1981,EMR,Eastern Mediterranean,ARE,United Arab Emirates,SEX,SEX_MLE,Male,19.389734,19.4 [8.6-33.4],8.57687,33.406553
NCD_BMI_PLUS1C,"Overweight among children and adolescents, BMI-for-age > +1 standard deviations above the median (crude estimate) (%)",https://www.who.int/data/gho/data/indicators/indicator-details/GHO/prevalence-of-overweight-among-children-and-adolescents-bmi-1-standard-deviations-above-the-median-%28crude-estimate%29-%28-%29,1981,1981,1981,EMR,Eastern Mediterranean,ARE,United Arab Emirates,SEX,SEX_MLE,Male,20.5466,20.5 [9.5-34.6],9.4935492,34.613255
NCD_BMI_PLUS1C,"Overweight among children and adolescents, BMI-for-age > +1 standard deviations above the median (crude estimate) (%)",https://www.who.int/data/gho/data/indicators/indicator-details/GHO/prevalence-of-overweight-among-children-and-adolescents-bmi-1-standard-deviations-above-the-median-%28crude-estimate%29-%28-%29,1987,1987,1987,EMR,Eastern Mediterranean,ARE,United Arab Emirates,SEX,SEX_MLE,Male,22.844729,22.8 [13.7-33.3],13.719743,33.326095
NCD_BMI_PLUS1C,"Overweight among children and adolescents, BMI-for-age > +1 standard deviations above the median (crude estimate) (%)",https://www.who.int/data/gho/data/indicators/indicator-details/GHO/prevalence-of-overweight-among-children-and-adolescents-bmi-1-standard-deviations-above-the-median-%28crude-estimate%29-%28-%29,1987,1987,1987,EMR,Eastern Mediterranean,ARE,United Arab Emirates,SEX,SEX_MLE,Male,20.929354,20.9 [11.1-32.6],11.054736,32.611829
NCD_BMI_PLUS1C,"Overweight among children and adolescents, BMI-for-age > +1 standard deviations above the median (crude estimate) (%)",https://www.who.int/data/gho/data/indicators/indicator-details/GHO/prevalence-of-overweight-among-children-and-adolescents-bmi-1-standard-deviations-above-the-median-%28crude-estimate%29-%28-%29,1987,1987,1987,EMR,Eastern Mediterranean,ARE,United Arab Emirates,SEX,SEX_MLE,Male,24.093166,24.1 [14.9-34.6],14.859395,34.557185
NCD_BMI_PLUS1C,"Overweight among children and adolescents, BMI-for-age > +1 standard deviations above the median (crude estimate) (%)",https://www.who.int/data/gho/data/indicators/indicator-details/GHO/prevalence-of-overweight-among-children-and-adolescents-bmi-1-standard-deviations-above-the-median-%28crude-estimate%29-%28-%29,1988,1988,1988,EMR,Eastern Mediterranean,ARE,United Arab Emirates,SEX,SEX_MLE,Male,24.695367,24.7 [15.8-34.7],15.805814,34.714198
NCD_BMI_PLUS1C,"Overweight among children and adolescents, BMI-for-age > +1 standard deviations above the median (crude estimate) (%)",https://www.who.int/data/gho/data/indicators/indicator-details/GHO/prevalence-of-overweight-among-children-and-adolescents-bmi-1-standard-deviations-above-the-median-%28crude-estimate%29-%28-%29,1988,1988,1988,EMR,Eastern Mediterranean,ARE,United Arab Emirates,SEX,SEX_MLE,Male,21.530387,21.5 [11.8-33.0],11.779601,32.983017
NCD_BMI_PLUS1C,"Overweight among children and adolescents, BMI-for-age > +1 standard deviations above the median (crude estimate) (%)",https://www.who.int/data/gho/data/indicators/indicator-details/GHO/prevalence-of-overweight-among-children-and-adolescents-bmi-1-standard-deviations-above-the-median-%28crude-estimate%29-%28-%29,1988,1988,1988,EMR,Eastern Mediterranean,ARE,United Arab Emirates,SEX,SEX_MLE,Male,23.523235,23.5 [14.7-33.5],14.663374,33.483461
NCD_BMI_PLUS1C,"Overweight among children and adolescents, BMI-for-age > +1 standard deviations above the median (crude estimate) (%)",https://www.who.int/data/gho/data/indicators/indicator-details/GHO/prevalence-of-overweight-among-children-and-adolescents-bmi-1-standard-deviations-above-the-median-%28crude-estimate%29-%28-%29,1989,1989,1989,EMR,Eastern Mediterranean,ARE,United Arab Emirates,SEX,SEX_MLE,Male,24.193387,24.2 [15.7-33.6],15.655014,33.625656
NCD_BMI_PLUS1C,"Overweight among children and adolescents, BMI-for-age > +1 standard deviations above the median (crude estimate) (%)",https://www.who.int/data/gho/data/indicators/indicator-details/GHO/prevalence-of-overweight-among-children-and-adolescents-bmi-1-standard-deviations-above-the-median-%28crude-estimate%29-%28-%29,1989,1989,1989,EMR,Eastern Mediterranean,ARE,United Arab Emirates,SEX,SEX_MLE,Male,25.34205,25.3 [16.8-34.8],16.78092,34.792796
NCD_BMI_PLUS1C,"Overweight among children and adolescents, BMI-for-age > +1 standard deviations above the median (crude estimate) (%)",https://www.who.int/data/gho/data/indicators/indicator-details/GHO/prevalence-of-overweight-among-children-and-adolescents-bmi-1-standard-deviations-above-the-median-%28crude-estimate%29-%28-%29,1989,1989,1989,EMR,Eastern Mediterranean,ARE,United Arab Emirates,SEX,SEX_MLE,Male,22.147782,22.1 [12.5-33.4],12.543726,33.414298
NCD_BMI_PLUS1C,"Overweight among children and adolescents, BMI-for-age > +1 standard deviations above the median (crude estimate) (%)",https://www.who.int/data/gho/data/indicators/indicator-details/GHO/prevalence-of-overweight-among-children-and-adolescents-bmi-1-standard-deviations-above-the-median-%28crude-estimate%29-%28-%29,2023,2023,2023,EMR,Eastern Mediterranean,ARE,United Arab Emirates,SEX,SEX_MLE,Male,47.113627,47.1 [38.6-55.4],38.641056,55.416799
NCD_BMI_PLUS1C,"Overweight among children and adolescents, BMI-for-age > +1 standard deviations above the median (crude estimate) (%)",https://www.who.int/data/gho/data/indicators/indicator-details/GHO/prevalence-of-overweight-among-children-and-adolescents-bmi-1-standard-deviations-above-the-median-%28crude-estimate%29-%28-%29,2023,2023,2023,EMR,Eastern Mediterranean,ARE,United Arab Emirates,SEX,SEX_MLE,Male,43.93836,43.9 [32.3-55.4],32.253349,55.380446
NCD_BMI_PLUS1C,"Overweight among children and adolescents, BMI-for-age > +1 standard deviations above the median (crude estimate) (%)",https://www.who.int/data/gho/data/indicators/indicator-details/GHO/prevalence-of-overweight-among-children-and-adolescents-bmi-1-standard-deviations-above-the-median-%28crude-estimate%29-%28-%29,2023,2023,2023,EMR,Eastern Mediterranean,ARE,United Arab Emirates,SEX,SEX_MLE,Male,48.903537,48.9 [41.1-56.6],41.07703,56.574428
NCD_BMI_PLUS1C,"Overweight among children and adolescents, BMI-for-age > +1 standard deviations above the median (crude estimate) (%)",https://www.who.int/data/gho/data/indicators/indicator-details/GHO/prevalence-of-overweight-among-children-and-adolescents-bmi-1-standard-deviations-above-the-median-%28crude-estimate%29-%28-%29,2024,2024,2024,EMR,Eastern Mediterranean,ARE,United Arab Emirates,SEX,SEX_MLE,Male,47.5173,47.5 [38.3-56.5],38.2866,56.516063
NCD_BMI_PLUS1C,"Overweight among children and adolescents, BMI-for-age > +1 standard deviations above the median (crude estimate) (%)",https://www.who.int/data/gho/data/indicators/indicator-details/GHO/prevalence-of-overweight-among-children-and-adolescents-bmi-1-standard-deviations-above-the-median-%28crude-estimate%29-%28-%29,2024,2024,2024,EMR,Eastern Mediterranean,ARE,United Arab Emirates,SEX,SEX_MLE,Male,49.301499,49.3 [40.7-57.7],40.662709,57.651949
NCD_BMI_PLUS1C,"Overweight among children and adolescents, BMI-for-age > +1 standard deviations above the median (crude estimate) (%)",https://www.who.int/data/gho/data/indicators/indicator-details/GHO/prevalence-of-overweight-among-children-and-adolescents-bmi-1-standard-deviations-above-the-median-%28crude-estimate%29-%28-%29,2024,2024,2024,EMR,Eastern Mediterranean,ARE,United Arab Emirates,SEX,SEX_MLE,Male,44.306225,44.3 [31.9-56.3],31.925136,56.280029
NCD_BMI_PLUS1C,"Overweight among children and adolescents, BMI-for-age > +1 standard deviations above the median (crude estimate) (%)",https://www.who.int/data/gho/data/indicators/indicator-details/GHO/prevalence-of-overweight-among-children-and-adolescents-bmi-1-standard-deviations-above-the-median-%28crude-estimate%29-%28-%29,1980,1980,1980,EMR,Eastern Mediterranean,ARE,United Arab Emirates,SEX,SEX_FMLE,Female,22.244917,22.2 [10.9-36.2],10.916077,36.205423
NCD_BMI_PLUS1C,"Overweight among children and adolescents, BMI-for-age > +1 standard deviations above the median (crude estimate) (%)",https://www.who.int/data/gho/data/indicators/indicator-details/GHO/prevalence-of-overweight-among-children-and-adolescents-bmi-1-standard-deviations-above-the-median-%28crude-estimate%29-%28-%29,1980,1980,1980,EMR,Eastern Mediterranean,ARE,United Arab Emirates,SEX,SEX_FMLE,Female,22.393756,22.4 [9.9-37.9],9.8865181,37.919372
NCD_BMI_PLUS1C,"Overweight among children and adolescents, BMI-for-age > +1 standard deviations above the median (crude estimate) (%)",https://www.who.int/data/gho/data/indicators/indicator-details/GHO/prevalence-of-overweight-among-children-and-adolescents-bmi-1-standard-deviations-above-the-median-%28crude-estimate%29-%28-%29,1980,1980,1980,EMR,Eastern Mediterranean,ARE,United Arab Emirates,SEX,SEX_FMLE,Female,22.312236,22.3 [10.8-36.5],10.824421,36.492589
NCD_BMI_PLUS1C,"Overweight among children and adolescents, BMI-for-age > +1 standard deviations above the median (crude estimate) (%)",https://www.who.int/data/gho/data/indicators/indicator-details/GHO/prevalence-of-overweight-among-children-and-adolescents-bmi-1-standard-deviations-above-the-median-%28crude-estimate%29-%28-%29,1981,1981,1981,EMR,Eastern Mediterranean,ARE,United Arab Emirates,SEX,SEX_FMLE,Female,22.429262,22.4 [11.6-35.7],11.576448,35.663402
NCD_BMI_PLUS1C,"Overweight among children and adolescents, BMI-for-age > +1 standard deviations above the median (crude estimate) (%)",https://www.who.int/data/gho/data/indicators/indicator-details/GHO/prevalence-of-overweight-among-children-and-adolescents-bmi-1-standard-deviations-above-the-median-%28crude-estimate%29-%28-%29,1981,1981,1981,EMR,Eastern Mediterranean,ARE,United Arab Emirates,SEX,SEX_FMLE,Female,22.548777,22.5 [10.5-37.3],10.450045,37.34521
NCD_BMI_PLUS1C,"Overweight among children and adolescents, BMI-for-age > +1 standard deviations above the median (crude estimate) (%)",https://www.who.int/data/gho/data/indicators/indicator-details/GHO/prevalence-of-overweight-among-children-and-adolescents-bmi-1-standard-deviations-above-the-median-%28crude-estimate%29-%28-%29,1981,1981,1981,EMR,Eastern Mediterranean,ARE,United Arab Emirates,SEX,SEX_FMLE,Female,22.483917,22.5 [11.4-36.0],11.424658,35.992
NCD_BMI_PLUS1C,"Overweight among children and adolescents, BMI-for-age > +1 standard deviations above the median (crude estimate) (%)",https://www.who.int/data/gho/data/indicators/indicator-details/GHO/prevalence-of-overweight-among-children-and-adolescents-bmi-1-standard-deviations-above-the-median-%28crude-estimate%29-%28-%29,1987,1987,1987,EMR,Eastern Mediterranean,ARE,United Arab Emirates,SEX,SEX_FMLE,Female,23.885414,23.9 [15.3-33.7],15.346578,33.697039
NCD_BMI_PLUS1C,"Overweight among children and adolescents, BMI-for-age > +1 standard deviations above the median (crude estimate) (%)",https://www.who.int/data/gho/data/indicators/indicator-details/GHO/prevalence-of-overweight-among-children-and-adolescents-bmi-1-standard-deviations-above-the-median-%28crude-estimate%29-%28-%29,1987,1987,1987,EMR,Eastern Mediterranean,ARE,United Arab Emirates,SEX,SEX_FMLE,Female,23.924853,23.9 [15.9-33.1],15.855506,33.109871
NCD_BMI_PLUS1C,"Overweight among children and adolescents, BMI-for-age > +1 standard deviations above the median (crude estimate) (%)",https://www.who.int/data/gho/data/indicators/indicator-details/GHO/prevalence-of-overweight-among-children-and-adolescents-bmi-1-standard-deviations-above-the-median-%28crude-estimate%29-%28-%29,1987,1987,1987,EMR,Eastern Mediterranean,ARE,United Arab Emirates,SEX,SEX_FMLE,Female,23.836961,23.8 [13.9-35.1],13.865516,35.145032
NCD_BMI_PLUS1C,"Overweight among children and adolescents, BMI-for-age > +1 standard deviations above the median (crude estimate) (%)",https://www.who.int/data/gho/data/indicators/indicator-details/GHO/prevalence-of-overweight-among-children-and-adolescents-bmi-1-standard-deviations-above-the-median-%28crude-estimate%29-%28-%29,1988,1988,1988,EMR,Eastern Mediterranean,ARE,United Arab Emirates,SEX,SEX_FMLE,Female,24.158321,24.2 [16.0-33.3],16.015579,33.330145
NCD_BMI_PLUS1C,"Overweight among children and adolescents, BMI-for-age > +1 standard deviations above the median (crude estimate) (%)",https://www.who.int/data/gho/data/indicators/indicator-details/GHO/prevalence-of-overweight-among-children-and-adolescents-bmi-1-standard-deviations-above-the-median-%28crude-estimate%29-%28-%29,1988,1988,1988,EMR,Eastern Mediterranean,ARE,United Arab Emirates,SEX,SEX_FMLE,Female,24.193858,24.2 [16.5-32.8],16.485262,32.798058
NCD_BMI_PLUS1C,"Overweight among children and adolescents, BMI-for-age > +1 standard deviations above the median (crude estimate) (%)",https://www.who.int/data/gho/data/indicators/indicator-details/GHO/prevalence-of-overweight-among-children-and-adolescents-bmi-1-standard-deviations-above-the-median-%28crude-estimate%29-%28-%29,1988,1988,1988,EMR,Eastern Mediterranean,ARE,United Arab Emirates,SEX,SEX_FMLE,Female,24.111724,24.1 [14.4-35.0],14.439389,35.013914
NCD_BMI_PLUS1C,"Overweight among children and adolescents, BMI-for-age > +1 standard deviations above the median (crude estimate) (%)",https://www.who.int/data/gho/data/indicators/indicator-details/GHO/prevalence-of-overweight-among-children-and-adolescents-bmi-1-standard-deviations-above-the-median-%28crude-estimate%29-%28-%29,1989,1989,1989,EMR,Eastern Mediterranean,ARE,United Arab Emirates,SEX,SEX_FMLE,Female,24.483825,24.5 [17.1-32.7],17.123897,32.65093
NCD_BMI_PLUS1C,"Overweight among children and adolescents, BMI-for-age > +1 standard deviations above the median (crude estimate) (%)",https://www.who.int/data/gho/data/indicators/indicator-details/GHO/prevalence-of-overweight-among-children-and-adolescents-bmi-1-standard-deviations-above-the-median-%28crude-estimate%29-%28-%29,1989,1989,1989,EMR,Eastern Mediterranean,ARE,United Arab Emirates,SEX,SEX_FMLE,Female,24.453183,24.5 [16.7-33.2],16.671422,33.245561
NCD_BMI_PLUS1C,"Overweight among children and adolescents, BMI-for-age > +1 standard deviations above the median (crude estimate) (%)",https://www.who.int/data/gho/data/indicators/indicator-details/GHO/prevalence-of-overweight-among-children-and-adolescents-bmi-1-standard-deviations-above-the-median-%28crude-estimate%29-%28-%29,1989,1989,1989,EMR,Eastern Mediterranean,ARE,United Arab Emirates,SEX,SEX_FMLE,Female,24.411015,24.4 [15.0-35.0],14.983667,35.034427
NCD_BMI_PLUS1C,"Overweight among children and adolescents, BMI-for-age > +1 standard deviations above the median (crude estimate) (%)",https://www.who.int/data/gho/data/indicators/indicator-details/GHO/prevalence-of-overweight-among-children-and-adolescents-bmi-1-standard-deviations-above-the-median-%28crude-estimate%29-%28-%29,2023,2023,2023,EMR,Eastern Mediterranean,ARE,United Arab Emirates,SEX,SEX_FMLE,Female,40.000182,40.0 [29.0-50.8],28.982911,50.844997
NCD_BMI_PLUS1C,"Overweight among children and adolescents, BMI-for-age > +1 standard deviations above the median (crude estimate) (%)",https://www.who.int/data/gho/data/indicators/indicator-details/GHO/prevalence-of-overweight-among-children-and-adolescents-bmi-1-standard-deviations-above-the-median-%28crude-estimate%29-%28-%29,2023,2023,2023,EMR,Eastern Mediterranean,ARE,United Arab Emirates,SEX,SEX_FMLE,Female,40.629598,40.6 [33.2-48.0],33.23583,48.026007
NCD_BMI_PLUS1C,"Overweight among children and adolescents, BMI-for-age > +1 standard deviations above the median (crude estimate) (%)",https://www.who.int/data/gho/data/indicators/indicator-details/GHO/prevalence-of-overweight-among-children-and-adolescents-bmi-1-standard-deviations-above-the-median-%28crude-estimate%29-%28-%29,2023,2023,2023,EMR,Eastern Mediterranean,ARE,United Arab Emirates,SEX,SEX_FMLE,Female,40.394276,40.4 [32.3-48.5],32.274297,48.512343
NCD_BMI_PLUS1C,"Overweight among children and adolescents, BMI-for-age > +1 standard deviations above the median (crude estimate) (%)",https://www.who.int/data/gho/data/indicators/indicator-details/GHO/prevalence-of-overweight-among-children-and-adolescents-bmi-1-standard-deviations-above-the-median-%28crude-estimate%29-%28-%29,2024,2024,2024,EMR,Eastern Mediterranean,ARE,United Arab Emirates,SEX,SEX_FMLE,Female,40.731028,40.7 [32.0-49.5],31.954789,49.547675
NCD_BMI_PLUS1C,"Overweight among children and adolescents, BMI-for-age > +1 standard deviations above the median (crude estimate) (%)",https://www.who.int/data/gho/data/indicators/indicator-details/GHO/prevalence-of-overweight-among-children-and-adolescents-bmi-1-standard-deviations-above-the-median-%28crude-estimate%29-%28-%29,2024,2024,2024,EMR,Eastern Mediterranean,ARE,United Arab Emirates,SEX,SEX_FMLE,Female,40.295228,40.3 [28.8-51.6],28.779066,51.630127
NCD_BMI_PLUS1C,"Overweight among children and adolescents, BMI-for-age > +1 standard deviations above the median (crude estimate) (%)",https://www.who.int/data/gho/data/indicators/indicator-details/GHO/prevalence-of-overweight-among-children-and-adolescents-bmi-1-standard-deviations-above-the-median-%28crude-estimate%29-%28-%29,2024,2024,2024,EMR,Eastern Mediterranean,ARE,United Arab Emirates,SEX,SEX_FMLE,Female,40.985546,41.0 [32.8-49.1],32.819346,49.103129
NCD_BMI_PLUS1C,"Overweight among children and adolescents, BMI-for-age > +1 standard deviations above the median (crude estimate) (%)",https://www.who.int/data/gho/data/indicators/indicator-details/GHO/prevalence-of-overweight-among-children-and-adolescents-bmi-1-standard-deviations-above-the-median-%28crude-estimate%29-%28-%29,1980,1980,1980,EMR,Eastern Mediterranean,ARE,United Arab Emirates,SEX,SEX_BTSX,Both sexes,19.681291,19.7 [11.1-30.3],11.136386,30.288455
NCD_BMI_PLUS1C,"Overweight among children and adolescents, BMI-for-age > +1 standard deviations above the median (crude estimate) (%)",https://www.who.int/data/gho/data/indicators/indicator-details/GHO/prevalence-of-overweight-among-children-and-adolescents-bmi-1-standard-deviations-above-the-median-%28crude-estimate%29-%28-%29,1980,1980,1980,EMR,Eastern Mediterranean,ARE,United Arab Emirates,SEX,SEX_BTSX,Both sexes,20.382181,20.4 [12.2-30.4],12.180587,30.384979
NCD_BMI_PLUS1C,"Overweight among children and adolescents, BMI-for-age > +1 standard deviations above the median (crude estimate) (%)",https://www.who.int/data/gho/data/indicators/indicator-details/GHO/prevalence-of-overweight-among-children-and-adolescents-bmi-1-standard-deviations-above-the-median-%28crude-estimate%29-%28-%29,1980,1980,1980,EMR,Eastern Mediterranean,ARE,United Arab Emirates,SEX,SEX_BTSX,Both sexes,20.913117,20.9 [12.5-30.7],12.544727,30.74407
NCD_BMI_PLUS1C,"Overweight among children and adolescents, BMI-for-age > +1 standard deviations above the median (crude estimate) (%)",https://www.who.int/data/gho/data/indicators/indicator-details/GHO/prevalence-of-overweight-among-children-and-adolescents-bmi-1-standard-deviations-above-the-median-%28crude-estimate%29-%28-%29,1981,1981,1981,EMR,Eastern Mediterranean,ARE,United Arab Emirates,SEX,SEX_BTSX,Both sexes,20.749412,20.7 [12.8-30.2],12.795348,30.175498
NCD_BMI_PLUS1C,"Overweight among children and adolescents, BMI-for-age > +1 standard deviations above the median (crude estimate) (%)",https://www.who.int/data/gho/data/indicators/indicator-details/GHO/prevalence-of-overweight-among-children-and-adolescents-bmi-1-standard-deviations-above-the-median-%28crude-estimate%29-%28-%29,1981,1981,1981,EMR,Eastern Mediterranean,ARE,United Arab Emirates,SEX,SEX_BTSX,Both sexes,21.350104,21.4 [13.3-30.8],13.271518,30.750614
NCD_BMI_PLUS1C,"Overweight among children and adolescents, BMI-for-age > +1 standard deviations above the median (crude estimate) (%)",https://www.who.int/data/gho/data/indicators/indicator-details/GHO/prevalence-of-overweight-among-children-and-adolescents-bmi-1-standard-deviations-above-the-median-%28crude-estimate%29-%28-%29,1981,1981,1981,EMR,Eastern Mediterranean,ARE,United Arab Emirates,SEX,SEX_BTSX,Both sexes,19.98872,20.0 [11.6-30.2],11.615849,30.153295
NCD_BMI_PLUS1C,"Overweight among children and adolescents, BMI-for-age > +1 standard deviations above the median (crude estimate) (%)",https://www.who.int/data/gho/data/indicators/indicator-details/GHO/prevalence-of-overweight-among-children-and-adolescents-bmi-1-standard-deviations-above-the-median-%28crude-estimate%29-%28-%29,1987,1987,1987,EMR,Eastern Mediterranean,ARE,United Arab Emirates,SEX,SEX_BTSX,Both sexes,22.267838,22.3 [15.0-30.3],15.015145,30.298874
NCD_BMI_PLUS1C,"Overweight among children and adolescents, BMI-for-age > +1 standard deviations above the median (crude estimate) (%)",https://www.who.int/data/gho/data/indicators/indicator-details/GHO/prevalence-of-overweight-among-children-and-adolescents-bmi-1-standard-deviations-above-the-median-%28crude-estimate%29-%28-%29,1987,1987,1987,EMR,Eastern Mediterranean,ARE,United Arab Emirates,SEX,SEX_BTSX,Both sexes,23.290771,23.3 [16.8-30.5],16.833717,30.480054
NCD_BMI_PLUS1C,"Overweight among children and adolescents, BMI-for-age > +1 standard deviations above the median (crude estimate) (%)",https://www.who.int/data/gho/data/indicators/indicator-details/GHO/prevalence-of-overweight-among-children-and-adolescents-bmi-1-standard-deviations-above-the-median-%28crude-estimate%29-%28-%29,1987,1987,1987,EMR,Eastern Mediterranean,ARE,United Arab Emirates,SEX,SEX_BTSX,Both sexes,24.024859,24.0 [17.6-31.1],17.594014,31.109029
NCD_BMI_PLUS1C,"Overweight among children and adolescents, BMI-for-age > +1 standard deviations above the median (crude estimate) (%)",https://www.who.int/data/gho/data/indicators/indicator-details/GHO/prevalence-of-overweight-among-children-and-adolescents-bmi-1-standard-deviations-above-the-median-%28crude-estimate%29-%28-%29,1988,1988,1988,EMR,Eastern Mediterranean,ARE,United Arab Emirates,SEX,SEX_BTSX,Both sexes,24.49531,24.5 [18.2-31.3],18.235354,31.279808
NCD_BMI_PLUS1C,"Overweight among children and adolescents, BMI-for-age > +1 standard deviations above the median (crude estimate) (%)",https://www.who.int/data/gho/data/indicators/indicator-details/GHO/prevalence-of-overweight-among-children-and-adolescents-bmi-1-standard-deviations-above-the-median-%28crude-estimate%29-%28-%29,1988,1988,1988,EMR,Eastern Mediterranean,ARE,United Arab Emirates,SEX,SEX_BTSX,Both sexes,23.792604,23.8 [17.5-30.6],17.537858,30.603084
NCD_BMI_PLUS1C,"Overweight among children and adolescents, BMI-for-age > +1 standard deviations above the median (crude estimate) (%)",https://www.who.int/data/gho/data/indicators/indicator-details/GHO/prevalence-of-overweight-among-children-and-adolescents-bmi-1-standard-deviations-above-the-median-%28crude-estimate%29-%28-%29,1988,1988,1988,EMR,Eastern Mediterranean,ARE,United Arab Emirates,SEX,SEX_BTSX,Both sexes,22.724277,22.7 [15.6-30.6],15.635565,30.599084
NCD_BMI_PLUS1C,"Overweight among children and adolescents, BMI-for-age > +1 standard deviations above the median (crude estimate) (%)",https://www.who.int/data/gho/data/indicators/indicator-details/GHO/prevalence-of-overweight-among-children-and-adolescents-bmi-1-standard-deviations-above-the-median-%28crude-estimate%29-%28-%29,1989,1989,1989,EMR,Eastern Mediterranean,ARE,United Arab Emirates,SEX,SEX_BTSX,Both sexes,24.303815,24.3 [18.3-30.7],18.308173,30.72215
NCD_BMI_PLUS1C,"Overweight among children and adolescents, BMI-for-age > +1 standard deviations above the median (crude estimate) (%)",https://www.who.int/data/gho/data/indicators/indicator-details/GHO/prevalence-of-overweight-among-children-and-adolescents-bmi-1-standard-deviations-above-the-median-%28crude-estimate%29-%28-%29,1989,1989,1989,EMR,Eastern Mediterranean,ARE,United Arab Emirates,SEX,SEX_BTSX,Both sexes,24.998166,25.0 [19.0-31.4],19.01664,31.425756
NCD_BMI_PLUS1C,"Overweight among children and adolescents, BMI-for-age > +1 standard deviations above the median (crude estimate) (%)",https://www.who.int/data/gho/data/indicators/indicator-details/GHO/prevalence-of-overweight-among-children-and-adolescents-bmi-1-standard-deviations-above-the-median-%28crude-estimate%29-%28-%29,1989,1989,1989,EMR,Eastern Mediterranean,ARE,United Arab Emirates,SEX,SEX_BTSX,Both sexes,23.197617,23.2 [16.3-30.8],16.269037,30.83806
NCD_BMI_PLUS1C,"Overweight among children and adolescents, BMI-for-age > +1 standard deviations above the median (crude estimate) (%)",https://www.who.int/data/gho/data/indicators/indicator-details/GHO/prevalence-of-overweight-among-children-and-adolescents-bmi-1-standard-deviations-above-the-median-%28crude-estimate%29-%28-%29,2023,2023,2023,EMR,Eastern Mediterranean,ARE,United Arab Emirates,SEX,SEX_BTSX,Both sexes,41.990501,42.0 [34.0-50.0],33.963421,49.956092
NCD_BMI_PLUS1C,"Overweight among children and adolescents, BMI-for-age > +1 standard deviations above the median (crude estimate) (%)",https://www.who.int/data/gho/data/indicators/indicator-details/GHO/prevalence-of-overweight-among-children-and-adolescents-bmi-1-standard-deviations-above-the-median-%28crude-estimate%29-%28-%29,2023,2023,2023,EMR,Eastern Mediterranean,ARE,United Arab Emirates,SEX,SEX_BTSX,Both sexes,44.930235,44.9 [39.6-50.3],39.617789,50.342721
NCD_BMI_PLUS1C,"Overweight among children and adolescents, BMI-for-age > +1 standard deviations above the median (crude estimate) (%)",https://www.who.int/data/gho/data/indicators/indicator-details/GHO/prevalence-of-overweight-among-children-and-adolescents-bmi-1-standard-deviations-above-the-median-%28crude-estimate%29-%28-%29,2023,2023,2023,EMR,Eastern Mediterranean,ARE,United Arab Emirates,SEX,SEX_BTSX,Both sexes,43.851382,43.9 [38.1-49.8],38.105524,49.824002
NCD_BMI_PLUS1C,"Overweight among children and adolescents, BMI-for-age > +1 standard deviations above the median (crude estimate) (%)",https://www.who.int/data/gho/data/indicators/indicator-details/GHO/prevalence-of-overweight-among-children-and-adolescents-bmi-1-standard-deviations-above-the-median-%28crude-estimate%29-%28-%29,2024,2024,2024,EMR,Eastern Mediterranean,ARE,United Arab Emirates,SEX,SEX_BTSX,Both sexes,44.209978,44.2 [37.9-50.7],37.888107,50.710309
NCD_BMI_PLUS1C,"Overweight among children and adolescents, BMI-for-age > +1 standard deviations above the median (crude estimate) (%)",https://www.who.int/data/gho/data/indicators/indicator-details/GHO/prevalence-of-overweight-among-children-and-adolescents-bmi-1-standard-deviations-above-the-median-%28crude-estimate%29-%28-%29,2024,2024,2024,EMR,Eastern Mediterranean,ARE,United Arab Emirates,SEX,SEX_BTSX,Both sexes,42.319635,42.3 [33.9-50.7],33.872968,50.651175
NCD_BMI_PLUS1C,"Overweight among children and adolescents, BMI-for-age > +1 standard deviations above the median (crude estimate) (%)",https://www.who.int/data/gho/data/indicators/indicator-details/GHO/prevalence-of-overweight-among-children-and-adolescents-bmi-1-standard-deviations-above-the-median-%28crude-estimate%29-%28-%29,2024,2024,2024,EMR,Eastern Mediterranean,ARE,United Arab Emirates,SEX,SEX_BTSX,Both sexes,45.286232,45.3 [39.4-51.2],39.431894,51.220727
NCD_BMI_PLUS1C,"Overweight among children and adolescents, BMI-for-age > +1 standard deviations above the median (crude estimate) (%)",https://www.who.int/data/gho/data/indicators/indicator-details/GHO/prevalence-of-overweight-among-children-and-adolescents-bmi-1-standard-deviations-above-the-median-%28crude-estimate%29-%28-%29,1982,1982,1982,EMR,Eastern Mediterranean,ARE,United Arab Emirates,SEX,SEX_MLE,Male,21.076548,21.1 [10.2-34.5],10.240909,34.505609
NCD_BMI_PLUS1C,"Overweight among children and adolescents, BMI-for-age > +1 standard deviations above the median (crude estimate) (%)",https://www.who.int/data/gho/data/indicators/indicator-details/GHO/prevalence-of-overweight-among-children-and-adolescents-bmi-1-standard-deviations-above-the-median-%28crude-estimate%29-%28-%29,1982,1982,1982,EMR,Eastern Mediterranean,ARE,United Arab Emirates,SEX,SEX_MLE,Male,18.294142,18.3 [7.7-32.2],7.7216089,32.211876
NCD_BMI_PLUS1C,"Overweight among children and adolescents, BMI-for-age > +1 standard deviations above the median (crude estimate) (%)",https://www.who.int/data/gho/data/indicators/indicator-details/GHO/prevalence-of-overweight-among-children-and-adolescents-bmi-1-standard-deviations-above-the-median-%28crude-estimate%29-%28-%29,1982,1982,1982,EMR,Eastern Mediterranean,ARE,United Arab Emirates,SEX,SEX_MLE,Male,19.879973,19.9 [9.3-33.4],9.2546441,33.38522
NCD_BMI_PLUS1C,"Overweight among children and adolescents, BMI-for-age > +1 standard deviations above the median (crude estimate) (%)",https://www.who.int/data/gho/data/indicators/indicator-details/GHO/prevalence-of-overweight-among-children-and-adolescents-bmi-1-standard-deviations-above-the-median-%28crude-estimate%29-%28-%29,1984,1984,1984,EMR,Eastern Mediterranean,ARE,United Arab Emirates,SEX,SEX_MLE,Male,20.902516,20.9 [10.9-33.1],10.931735,33.095932
NCD_BMI_PLUS1C,"Overweight among children and adolescents, BMI-for-age > +1 standard deviations above the median (crude estimate) (%)",https://www.who.int/data/gho/data/indicators/indicator-details/GHO/prevalence-of-overweight-among-children-and-adolescents-bmi-1-standard-deviations-above-the-median-%28crude-estimate%29-%28-%29,1984,1984,1984,EMR,Eastern Mediterranean,ARE,United Arab Emirates,SEX,SEX_MLE,Male,22.252987,22.3 [12.0-34.5],11.979654,34.537065
NCD_BMI_PLUS1C,"Overweight among children and adolescents, BMI-for-age > +1 standard deviations above the median (crude estimate) (%)",https://www.who.int/data/gho/data/indicators/indicator-details/GHO/prevalence-of-overweight-among-children-and-adolescents-bmi-1-standard-deviations-above-the-median-%28crude-estimate%29-%28-%29,1984,1984,1984,EMR,Eastern Mediterranean,ARE,United Arab Emirates,SEX,SEX_MLE,Male,19.26488,19.3 [8.9-32.1],8.9155085,32.138449
NCD_BMI_PLUS1C,"Overweight among children and adolescents, BMI-for-age > +1 standard deviations above the median (crude estimate) (%)",https://www.who.int/data/gho/data/indicators/indicator-details/GHO/prevalence-of-overweight-among-children-and-adolescents-bmi-1-standard-deviations-above-the-median-%28crude-estimate%29-%28-%29,1986,1986,1986,EMR,Eastern Mediterranean,ARE,United Arab Emirates,SEX,SEX_MLE,Male,23.536387,23.5 [14.0-34.6],13.964908,34.641543
NCD_BMI_PLUS1C,"Overweight among children and adolescents, BMI-for-age > +1 standard deviations above the median (crude estimate) (%)",https://www.who.int/data/gho/data/indicators/indicator-details/GHO/prevalence-of-overweight-among-children-and-adolescents-bmi-1-standard-deviations-above-the-median-%28crude-estimate%29-%28-%29,1986,1986,1986,EMR,Eastern Mediterranean,ARE,United Arab Emirates,SEX,SEX_MLE,Male,20.34772,20.3 [10.3-32.4],10.309663,32.363042
NCD_BMI_PLUS1C,"Overweight among children and adolescents, BMI-for-age > +1 standard deviations above the median (crude estimate) (%)",https://www.who.int/data/gho/data/indicators/indicator-details/GHO/prevalence-of-overweight-among-children-and-adolescents-bmi-1-standard-deviations-above-the-median-%28crude-estimate%29-%28-%29,1986,1986,1986,EMR,Eastern Mediterranean,ARE,United Arab Emirates,SEX,SEX_MLE,Male,22.140706,22.1 [12.7-33.2],12.741087,33.166042
NCD_BMI_PLUS1C,"Overweight among children and adolescents, BMI-for-age > +1 standard deviations above the median (crude estimate) (%)",https://www.who.int/data/gho/data/indicators/indicator-details/GHO/prevalence-of-overweight-among-children-and-adolescents-bmi-1-standard-deviations-above-the-median-%28crude-estimate%29-%28-%29,1982,1982,1982,EMR,Eastern Mediterranean,ARE,United Arab Emirates,SEX,SEX_FMLE,Female,22.60865,22.6 [12.2-35.0],12.217577,34.979311
NCD_BMI_PLUS1C,"Overweight among children and adolescents, BMI-for-age > +1 standard deviations above the median (crude estimate) (%)",https://www.who.int/data/gho/data/indicators/indicator-details/GHO/prevalence-of-overweight-among-children-and-adolescents-bmi-1-standard-deviations-above-the-median-%28crude-estimate%29-%28-%29,1982,1982,1982,EMR,Eastern Mediterranean,ARE,United Arab Emirates,SEX,SEX_FMLE,Female,22.718978,22.7 [11.0-36.9],10.985032,36.914241
NCD_BMI_PLUS1C,"Overweight among children and adolescents, BMI-for-age > +1 standard deviations above the median (crude estimate) (%)",https://www.who.int/data/gho/data/indicators/indicator-details/GHO/prevalence-of-overweight-among-children-and-adolescents-bmi-1-standard-deviations-above-the-median-%28crude-estimate%29-%28-%29,1982,1982,1982,EMR,Eastern Mediterranean,ARE,United Arab Emirates,SEX,SEX_FMLE,Female,22.658888,22.7 [12.0-35.4],11.973891,35.426563
NCD_BMI_PLUS1C,"Overweight among children and adolescents, BMI-for-age > +1 standard deviations above the median (crude estimate) (%)",https://www.who.int/data/gho/data/indicators/indicator-details/GHO/prevalence-of-overweight-among-children-and-adolescents-bmi-1-standard-deviations-above-the-median-%28crude-estimate%29-%28-%29,1984,1984,1984,EMR,Eastern Mediterranean,ARE,United Arab Emirates,SEX,SEX_FMLE,Female,23.110946,23.1 [12.1-36.1],12.084914,36.09522
NCD_BMI_PLUS1C,"Overweight among children and adolescents, BMI-for-age > +1 standard deviations above the median (crude estimate) (%)",https://www.who.int/data/gho/data/indicators/indicator-details/GHO/prevalence-of-overweight-among-children-and-adolescents-bmi-1-standard-deviations-above-the-median-%28crude-estimate%29-%28-%29,1984,1984,1984,EMR,Eastern Mediterranean,ARE,United Arab Emirates,SEX,SEX_FMLE,Female,23.090924,23.1 [13.3-34.4],13.289569,34.432605
NCD_BMI_PLUS1C,"Overweight among children and adolescents, BMI-for-age > +1 standard deviations above the median (crude estimate) (%)",https://www.who.int/data/gho/data/indicators/indicator-details/GHO/prevalence-of-overweight-among-children-and-adolescents-bmi-1-standard-deviations-above-the-median-%28crude-estimate%29-%28-%29,1984,1984,1984,EMR,Eastern Mediterranean,ARE,United Arab Emirates,SEX,SEX_FMLE,Female,23.073296,23.1 [13.6-34.0],13.61548,34.029782
NCD_BMI_PLUS1C,"Overweight among children and adolescents, BMI-for-age > +1 standard deviations above the median (crude estimate) (%)",https://www.who.int/data/gho/data/indicators/indicator-details/GHO/prevalence-of-overweight-among-children-and-adolescents-bmi-1-standard-deviations-above-the-median-%28crude-estimate%29-%28-%29,1986,1986,1986,EMR,Eastern Mediterranean,ARE,United Arab Emirates,SEX,SEX_FMLE,Female,23.6559,23.7 [15.1-33.4],15.087162,33.403188
NCD_BMI_PLUS1C,"Overweight among children and adolescents, BMI-for-age > +1 standard deviations above the median (crude estimate) (%)",https://www.who.int/data/gho/data/indicators/indicator-details/GHO/prevalence-of-overweight-among-children-and-adolescents-bmi-1-standard-deviations-above-the-median-%28crude-estimate%29-%28-%29,1986,1986,1986,EMR,Eastern Mediterranean,ARE,United Arab Emirates,SEX,SEX_FMLE,Female,23.576923,23.6 [13.3-35.4],13.285539,35.361379
NCD_BMI_PLUS1C,"Overweight among children and adolescents, BMI-for-age > +1 standard deviations above the median (crude estimate) (%)",https://www.who.int/data/gho/data/indicators/indicator-details/GHO/prevalence-of-overweight-among-children-and-adolescents-bmi-1-standard-deviations-above-the-median-%28crude-estimate%29-%28-%29,1986,1986,1986,EMR,Eastern Mediterranean,ARE,United Arab Emirates,SEX,SEX_FMLE,Female,23.618898,23.6 [14.7-33.8],14.661457,33.792096
NCD_BMI_PLUS1C,"Overweight among children and adolescents, BMI-for-age > +1 standard deviations above the median (crude estimate) (%)",https://www.who.int/data/gho/data/indicators/indicator-details/GHO/prevalence-of-overweight-among-children-and-adolescents-bmi-1-standard-deviations-above-the-median-%28crude-estimate%29-%28-%29,1982,1982,1982,EMR,Eastern Mediterranean,ARE,United Arab Emirates,SEX,SEX_BTSX,Both sexes,21.109265,21.1 [13.4-30.1],13.393506,30.082887
NCD_BMI_PLUS1C,"Overweight among children and adolescents, BMI-for-age > +1 standard deviations above the median (crude estimate) (%)",https://www.who.int/data/gho/data/indicators/indicator-details/GHO/prevalence-of-overweight-among-children-and-adolescents-bmi-1-standard-deviations-above-the-median-%28crude-estimate%29-%28-%29,1982,1982,1982,EMR,Eastern Mediterranean,ARE,United Arab Emirates,SEX,SEX_BTSX,Both sexes,20.314118,20.3 [12.2-30.0],12.193154,30.044675
NCD_BMI_PLUS1C,"Overweight among children and adolescents, BMI-for-age > +1 standard deviations above the median (crude estimate) (%)",https://www.who.int/data/gho/data/indicators/indicator-details/GHO/prevalence-of-overweight-among-children-and-adolescents-bmi-1-standard-deviations-above-the-median-%28crude-estimate%29-%28-%29,1982,1982,1982,EMR,Eastern Mediterranean,ARE,United Arab Emirates,SEX,SEX_BTSX,Both sexes,21.737182,21.7 [14.1-30.7],14.051498,30.67553
NCD_BMI_PLUS1C,"Overweight among children and adolescents, BMI-for-age > +1 standard deviations above the median (crude estimate) (%)",https://www.who.int/data/gho/data/indicators/indicator-details/GHO/prevalence-of-overweight-among-children-and-adolescents-bmi-1-standard-deviations-above-the-median-%28crude-estimate%29-%28-%29,1984,1984,1984,EMR,Eastern Mediterranean,ARE,United Arab Emirates,SEX,SEX_BTSX,Both sexes,22.614358,22.6 [15.5-30.7],15.482888,30.650365
NCD_BMI_PLUS1C,"Overweight among children and adolescents, BMI-for-age > +1 standard deviations above the median (crude estimate) (%)",https://www.who.int/data/gho/data/indicators/indicator-details/GHO/prevalence-of-overweight-among-children-and-adolescents-bmi-1-standard-deviations-above-the-median-%28crude-estimate%29-%28-%29,1984,1984,1984,EMR,Eastern Mediterranean,ARE,United Arab Emirates,SEX,SEX_BTSX,Both sexes,21.021417,21.0 [13.4-29.9],13.38595,29.912469
NCD_BMI_PLUS1C,"Overweight among children and adolescents, BMI-for-age > +1 standard deviations above the median (crude estimate) (%)",https://www.who.int/data/gho/data/indicators/indicator-details/GHO/prevalence-of-overweight-among-children-and-adolescents-bmi-1-standard-deviations-above-the-median-%28crude-estimate%29-%28-%29,1984,1984,1984,EMR,Eastern Mediterranean,ARE,United Arab Emirates,SEX,SEX_BTSX,Both sexes,21.882837,21.9 [14.7-30.1],14.748693,30.079693
NCD_BMI_PLUS1C,"Overweight among children and adolescents, BMI-for-age > +1 standard deviations above the median (crude estimate) (%)",https://www.who.int/data/gho/data/indicators/indicator-details/GHO/prevalence-of-overweight-among-children-and-adolescents-bmi-1-standard-deviations-above-the-median-%28crude-estimate%29-%28-%29,1986,1986,1986,EMR,Eastern Mediterranean,ARE,United Arab Emirates,SEX,SEX_BTSX,Both sexes,21.827118,21.8 [14.5-30.1],14.487863,30.099598
NCD_BMI_PLUS1C,"Overweight among children and adolescents, BMI-for-age > +1 standard deviations above the median (crude estimate) (%)",https://www.who.int/data/gho/data/indicators/indicator-details/GHO/prevalence-of-overweight-among-children-and-adolescents-bmi-1-standard-deviations-above-the-median-%28crude-estimate%29-%28-%29,1986,1986,1986,EMR,Eastern Mediterranean,ARE,United Arab Emirates,SEX,SEX_BTSX,Both sexes,22.79302,22.8 [16.2-30.3],16.17249,30.334216
NCD_BMI_PLUS1C,"Overweight among children and adolescents, BMI-for-age > +1 standard deviations above the median (crude estimate) (%)",https://www.who.int/data/gho/data/indicators/indicator-details/GHO/prevalence-of-overweight-among-children-and-adolescents-bmi-1-standard-deviations-above-the-median-%28crude-estimate%29-%28-%29,1986,1986,1986,EMR,Eastern Mediterranean,ARE,United Arab Emirates,SEX,SEX_BTSX,Both sexes,23.587473,23.6 [17.0-30.9],16.972847,30.93147
NCD_BMI_PLUS1C,"Overweight among children and adolescents, BMI-for-age > +1 standard deviations above the median (crude estimate) (%)",https://www.who.int/data/gho/data/indicators/indicator-details/GHO/prevalence-of-overweight-among-children-and-adolescents-bmi-1-standard-deviations-above-the-median-%28crude-estimate%29-%28-%29,1985,1985,1985,EMR,Eastern Mediterranean,ARE,United Arab Emirates,SEX,SEX_MLE,Male,21.474704,21.5 [11.8-33.1],11.837789,33.135545
NCD_BMI_PLUS1C,"Overweight among children and adolescents, BMI-for-age > +1 standard deviations above the median (crude estimate) (%)",https://www.who.int/data/gho/data/indicators/indicator-details/GHO/prevalence-of-overweight-among-children-and-adolescents-bmi-1-standard-deviations-above-the-median-%28crude-estimate%29-%28-%29,1985,1985,1985,EMR,Eastern Mediterranean,ARE,United Arab Emirates,SEX,SEX_MLE,Male,19.792287,19.8 [9.6-32.1],9.6383557,32.116413
NCD_BMI_PLUS1C,"Overweight among children and adolescents, BMI-for-age > +1 standard deviations above the median (crude estimate) (%)",https://www.who.int/data/gho/data/indicators/indicator-details/GHO/prevalence-of-overweight-among-children-and-adolescents-bmi-1-standard-deviations-above-the-median-%28crude-estimate%29-%28-%29,1985,1985,1985,EMR,Eastern Mediterranean,ARE,United Arab Emirates,SEX,SEX_MLE,Male,22.929998,22.9 [13.0-34.6],12.964649,34.555918
NCD_BMI_PLUS1C,"Overweight among children and adolescents, BMI-for-age > +1 standard deviations above the median (crude estimate) (%)",https://www.who.int/data/gho/data/indicators/indicator-details/GHO/prevalence-of-overweight-among-children-and-adolescents-bmi-1-standard-deviations-above-the-median-%28crude-estimate%29-%28-%29,1985,1985,1985,EMR,Eastern Mediterranean,ARE,United Arab Emirates,SEX,SEX_FMLE,Female,23.365943,23.4 [14.3-33.6],14.339742,33.647877
NCD_BMI_PLUS1C,"Overweight among children and adolescents, BMI-for-age > +1 standard deviations above the median (crude estimate) (%)",https://www.who.int/data/gho/data/indicators/indicator-details/GHO/prevalence-of-overweight-among-children-and-adolescents-bmi-1-standard-deviations-above-the-median-%28crude-estimate%29-%28-%29,1985,1985,1985,EMR,Eastern Mediterranean,ARE,United Arab Emirates,SEX,SEX_FMLE,Female,23.351468,23.4 [13.9-34.3],13.944295,34.283844
NCD_BMI_PLUS1C,"Overweight among children and adolescents, BMI-for-age > +1 standard deviations above the median (crude estimate) (%)",https://www.who.int/data/gho/data/indicators/indicator-details/GHO/prevalence-of-overweight-among-children-and-adolescents-bmi-1-standard-deviations-above-the-median-%28crude-estimate%29-%28-%29,1985,1985,1985,EMR,Eastern Mediterranean,ARE,United Arab Emirates,SEX,SEX_FMLE,Female,23.335561,23.3 [12.7-35.7],12.713741,35.735515
NCD_BMI_PLUS1C,"Overweight among children and adolescents, BMI-for-age > +1 standard deviations above the median (crude estimate) (%)",https://www.who.int/data/gho/data/indicators/indicator-details/GHO/prevalence-of-overweight-among-children-and-adolescents-bmi-1-standard-deviations-above-the-median-%28crude-estimate%29-%28-%29,1985,1985,1985,EMR,Eastern Mediterranean,ARE,United Arab Emirates,SEX,SEX_BTSX,Both sexes,21.411362,21.4 [13.9-29.9],13.940625,29.933602
NCD_BMI_PLUS1C,"Overweight among children and adolescents, BMI-for-age > +1 standard deviations above the median (crude estimate) (%)",https://www.who.int/data/gho/data/indicators/indicator-details/GHO/prevalence-of-overweight-among-children-and-adolescents-bmi-1-standard-deviations-above-the-median-%28crude-estimate%29-%28-%29,1985,1985,1985,EMR,Eastern Mediterranean,ARE,United Arab Emirates,SEX,SEX_BTSX,Both sexes,23.123722,23.1 [16.3-30.7],16.280401,30.711973
NCD_BMI_PLUS1C,"Overweight among children and adolescents, BMI-for-age > +1 standard deviations above the median (crude estimate) (%)",https://www.who.int/data/gho/data/indicators/indicator-details/GHO/prevalence-of-overweight-among-children-and-adolescents-bmi-1-standard-deviations-above-the-median-%28crude-estimate%29-%28-%29,1985,1985,1985,EMR,Eastern Mediterranean,ARE,United Arab Emirates,SEX,SEX_BTSX,Both sexes,22.319765,22.3 [15.4-30.2],15.373243,30.196822
NCD_BMI_PLUS2C,"Obesity among children and adolescents, BMI-for-age > +2 standard deviations above the median (crude estimate) (%)",https://www.who.int/data/gho/data/indicators/indicator-details/GHO/prevalence-of-obesity-among-children-and-adolescents-bmi-2-standard-deviations-above-the-median-%28crude-estimate%29-%28-%29,1983,1983,1983,EMR,Eastern Mediterranean,ARE,United Arab Emirates,SEX,SEX_MLE,Male,5.5244602,5.5 [0.8-15.5],0.84643383,15.481874
NCD_BMI_PLUS2C,"Obesity among children and adolescents, BMI-for-age > +2 standard deviations above the median (crude estimate) (%)",https://www.who.int/data/gho/data/indicators/indicator-details/GHO/prevalence-of-obesity-among-children-and-adolescents-bmi-2-standard-deviations-above-the-median-%28crude-estimate%29-%28-%29,1983,1983,1983,EMR,Eastern Mediterranean,ARE,United Arab Emirates,SEX,SEX_MLE,Male,6.0511664,6.1 [1.2-15.1],1.1780918,15.081365
NCD_BMI_PLUS2C,"Obesity among children and adolescents, BMI-for-age > +2 standard deviations above the median (crude estimate) (%)",https://www.who.int/data/gho/data/indicators/indicator-details/GHO/prevalence-of-obesity-among-children-and-adolescents-bmi-2-standard-deviations-above-the-median-%28crude-estimate%29-%28-%29,1983,1983,1983,EMR,Eastern Mediterranean,ARE,United Arab Emirates,SEX,SEX_MLE,Male,6.4631604,6.5 [1.3-15.7],1.3238292,15.72714
NCD_BMI_PLUS2C,"Obesity among children and adolescents, BMI-for-age > +2 standard deviations above the median (crude estimate) (%)",https://www.who.int/data/gho/data/indicators/indicator-details/GHO/prevalence-of-obesity-among-children-and-adolescents-bmi-2-standard-deviations-above-the-median-%28crude-estimate%29-%28-%29,1983,1983,1983,EMR,Eastern Mediterranean,ARE,United Arab Emirates,SEX,SEX_FMLE,Female,5.2712198,5.3 [1.2-13.5],1.1502243,13.458599
NCD_BMI_PLUS2C,"Obesity among children and adolescents, BMI-for-age > +2 standard deviations above the median (crude estimate) (%)",https://www.who.int/data/gho/data/indicators/indicator-details/GHO/prevalence-of-obesity-among-children-and-adolescents-bmi-2-standard-deviations-above-the-median-%28crude-estimate%29-%28-%29,1983,1983,1983,EMR,Eastern Mediterranean,ARE,United Arab Emirates,SEX,SEX_FMLE,Female,5.1762428,5.2 [0.9-14.3],0.89145452,14.255774
NCD_BMI_PLUS2C,"Obesity among children and adolescents, BMI-for-age > +2 standard deviations above the median (crude estimate) (%)",https://www.who.int/data/gho/data/indicators/indicator-details/GHO/prevalence-of-obesity-among-children-and-adolescents-bmi-2-standard-deviations-above-the-median-%28crude-estimate%29-%28-%29,1983,1983,1983,EMR,Eastern Mediterranean,ARE,United Arab Emirates,SEX,SEX_FMLE,Female,5.3520702,5.4 [1.2-13.3],1.2173526,13.33769
NCD_BMI_PLUS2C,"Obesity among children and adolescents, BMI-for-age > +2 standard deviations above the median (crude estimate) (%)",https://www.who.int/data/gho/data/indicators/indicator-details/GHO/prevalence-of-obesity-among-children-and-adolescents-bmi-2-standard-deviations-above-the-median-%28crude-estimate%29-%28-%29,1983,1983,1983,EMR,Eastern Mediterranean,ARE,United Arab Emirates,SEX,SEX_BTSX,Both sexes,5.3654287,5.4 [1.6-11.7],1.5573778,11.670796
NCD_BMI_PLUS2C,"Obesity among children and adolescents, BMI-for-age > +2 standard deviations above the median (crude estimate) (%)",https://www.who.int/data/gho/data/indicators/indicator-details/GHO/prevalence-of-obesity-among-children-and-adolescents-bmi-2-standard-deviations-above-the-median-%28crude-estimate%29-%28-%29,1983,1983,1983,EMR,Eastern Mediterranean,ARE,United Arab Emirates,SEX,SEX_BTSX,Both sexes,5.9789479,6.0 [2.1-11.7],2.1321233,11.719671
NCD_BMI_PLUS2C,"Obesity among children and adolescents, BMI-for-age > +2 standard deviations above the median (crude estimate) (%)",https://www.who.int/data/gho/data/indicators/indicator-details/GHO/prevalence-of-obesity-among-children-and-adolescents-bmi-2-standard-deviations-above-the-median-%28crude-estimate%29-%28-%29,1983,1983,1983,EMR,Eastern Mediterranean,ARE,United Arab Emirates,SEX,SEX_BTSX,Both sexes,5.7039589,5.7 [1.9-11.5],1.935553,11.473449
NCD_BMI_PLUS2C,"Obesity among children and adolescents, BMI-for-age > +2 standard deviations above the median (crude estimate) (%)",https://www.who.int/data/gho/data/indicators/indicator-details/GHO/prevalence-of-obesity-among-children-and-adolescents-bmi-2-standard-deviations-above-the-median-%28crude-estimate%29-%28-%29,1980,1980,1980,EMR,Eastern Mediterranean,ARE,United Arab Emirates,SEX,SEX_MLE,Male,4.7355082,4.7 [0.5-15.1],0.46133408,15.067255
NCD_BMI_PLUS2C,"Obesity among children and adolescents, BMI-for-age > +2 standard deviations above the median (crude estimate) (%)",https://www.who.int/data/gho/data/indicators/indicator-details/GHO/prevalence-of-obesity-among-children-and-adolescents-bmi-2-standard-deviations-above-the-median-%28crude-estimate%29-%28-%29,1980,1980,1980,EMR,Eastern Mediterranean,ARE,United Arab Emirates,SEX,SEX_MLE,Male,5.1968157,5.2 [0.6-15.1],0.64945822,15.055563
NCD_BMI_PLUS2C,"Obesity among children and adolescents, BMI-for-age > +2 standard deviations above the median (crude estimate) (%)",https://www.who.int/data/gho/data/indicators/indicator-details/GHO/prevalence-of-obesity-among-children-and-adolescents-bmi-2-standard-deviations-above-the-median-%28crude-estimate%29-%28-%29,1980,1980,1980,EMR,Eastern Mediterranean,ARE,United Arab Emirates,SEX,SEX_MLE,Male,5.5238064,5.5 [0.7-15.6],0.7207064,15.615505
NCD_BMI_PLUS2C,"Obesity among children and adolescents, BMI-for-age > +2 standard deviations above the median (crude estimate) (%)",https://www.who.int/data/gho/data/indicators/indicator-details/GHO/prevalence-of-obesity-among-children-and-adolescents-bmi-2-standard-deviations-above-the-median-%28crude-estimate%29-%28-%29,1981,1981,1981,EMR,Eastern Mediterranean,ARE,United Arab Emirates,SEX,SEX_MLE,Male,5.4601423,5.5 [0.8-15.1],0.79065319,15.057179
NCD_BMI_PLUS2C,"Obesity among children and adolescents, BMI-for-age > +2 standard deviations above the median (crude estimate) (%)",https://www.who.int/data/gho/data/indicators/indicator-details/GHO/prevalence-of-obesity-among-children-and-adolescents-bmi-2-standard-deviations-above-the-median-%28crude-estimate%29-%28-%29,1981,1981,1981,EMR,Eastern Mediterranean,ARE,United Arab Emirates,SEX,SEX_MLE,Male,5.8219329,5.8 [0.9-15.7],0.89638159,15.699172
NCD_BMI_PLUS2C,"Obesity among children and adolescents, BMI-for-age > +2 standard deviations above the median (crude estimate) (%)",https://www.who.int/data/gho/data/indicators/indicator-details/GHO/prevalence-of-obesity-among-children-and-adolescents-bmi-2-standard-deviations-above-the-median-%28crude-estimate%29-%28-%29,1981,1981,1981,EMR,Eastern Mediterranean,ARE,United Arab Emirates,SEX,SEX_MLE,Male,4.9778856,5.0 [0.6-15.1],0.57854205,15.081215
NCD_BMI_PLUS2C,"Obesity among children and adolescents, BMI-for-age > +2 standard deviations above the median (crude estimate) (%)",https://www.who.int/data/gho/data/indicators/indicator-details/GHO/prevalence-of-obesity-among-children-and-adolescents-bmi-2-standard-deviations-above-the-median-%28crude-estimate%29-%28-%29,1986,1986,1986,EMR,Eastern Mediterranean,ARE,United Arab Emirates,SEX,SEX_MLE,Male,7.1415745,7.1 [2.0-15.6],2.0213323,15.563223
NCD_BMI_PLUS2C,"Obesity among children and adolescents, BMI-for-age > +2 standard deviations above the median (crude estimate) (%)",https://www.who.int/data/gho/data/indicators/indicator-details/GHO/prevalence-of-obesity-among-children-and-adolescents-bmi-2-standard-deviations-above-the-median-%28crude-estimate%29-%28-%29,1986,1986,1986,EMR,Eastern Mediterranean,ARE,United Arab Emirates,SEX,SEX_MLE,Male,7.6278217,7.6 [2.3-16.3],2.2649527,16.268808
NCD_BMI_PLUS2C,"Obesity among children and adolescents, BMI-for-age > +2 standard deviations above the median (crude estimate) (%)",https://www.who.int/data/gho/data/indicators/indicator-details/GHO/prevalence-of-obesity-among-children-and-adolescents-bmi-2-standard-deviations-above-the-median-%28crude-estimate%29-%28-%29,1986,1986,1986,EMR,Eastern Mediterranean,ARE,United Arab Emirates,SEX,SEX_MLE,Male,6.5169089,6.5 [1.4-16.0],1.3657251,16.022487
NCD_BMI_PLUS2C,"Obesity among children and adolescents, BMI-for-age > +2 standard deviations above the median (crude estimate) (%)",https://www.who.int/data/gho/data/indicators/indicator-details/GHO/prevalence-of-obesity-among-children-and-adolescents-bmi-2-standard-deviations-above-the-median-%28crude-estimate%29-%28-%29,1987,1987,1987,EMR,Eastern Mediterranean,ARE,United Arab Emirates,SEX,SEX_MLE,Male,7.5927392,7.6 [2.4-15.7],2.37501,15.698414
NCD_BMI_PLUS2C,"Obesity among children and adolescents, BMI-for-age > +2 standard deviations above the median (crude estimate) (%)",https://www.who.int/data/gho/data/indicators/indicator-details/GHO/prevalence-of-obesity-among-children-and-adolescents-bmi-2-standard-deviations-above-the-median-%28crude-estimate%29-%28-%29,1987,1987,1987,EMR,Eastern Mediterranean,ARE,United Arab Emirates,SEX,SEX_MLE,Male,8.0463104,8.0 [2.7-16.3],2.6684321,16.339849
NCD_BMI_PLUS2C,"Obesity among children and adolescents, BMI-for-age > +2 standard deviations above the median (crude estimate) (%)",https://www.who.int/data/gho/data/indicators/indicator-details/GHO/prevalence-of-obesity-among-children-and-adolescents-bmi-2-standard-deviations-above-the-median-%28crude-estimate%29-%28-%29,1987,1987,1987,EMR,Eastern Mediterranean,ARE,United Arab Emirates,SEX,SEX_MLE,Male,6.8968609,6.9 [1.6-16.3],1.6125802,16.337556
NCD_BMI_PLUS2C,"Obesity among children and adolescents, BMI-for-age > +2 standard deviations above the median (crude estimate) (%)",https://www.who.int/data/gho/data/indicators/indicator-details/GHO/prevalence-of-obesity-among-children-and-adolescents-bmi-2-standard-deviations-above-the-median-%28crude-estimate%29-%28-%29,1988,1988,1988,EMR,Eastern Mediterranean,ARE,United Arab Emirates,SEX,SEX_MLE,Male,8.048933,8.0 [2.8-15.9],2.7719466,15.903375
NCD_BMI_PLUS2C,"Obesity among children and adolescents, BMI-for-age > +2 standard deviations above the median (crude estimate) (%)",https://www.who.int/data/gho/data/indicators/indicator-details/GHO/prevalence-of-obesity-among-children-and-adolescents-bmi-2-standard-deviations-above-the-median-%28crude-estimate%29-%28-%29,1988,1988,1988,EMR,Eastern Mediterranean,ARE,United Arab Emirates,SEX,SEX_MLE,Male,7.2974317,7.3 [1.9-16.5],1.8676737,16.530663
NCD_BMI_PLUS2C,"Obesity among children and adolescents, BMI-for-age > +2 standard deviations above the median (crude estimate) (%)",https://www.who.int/data/gho/data/indicators/indicator-details/GHO/prevalence-of-obesity-among-children-and-adolescents-bmi-2-standard-deviations-above-the-median-%28crude-estimate%29-%28-%29,1988,1988,1988,EMR,Eastern Mediterranean,ARE,United Arab Emirates,SEX,SEX_MLE,Male,8.4909432,8.5 [3.1-16.4],3.0872352,16.433837
NCD_BMI_PLUS2C,"Obesity among children and adolescents, BMI-for-age > +2 standard deviations above the median (crude estimate) (%)",https://www.who.int/data/gho/data/indicators/indicator-details/GHO/prevalence-of-obesity-among-children-and-adolescents-bmi-2-standard-deviations-above-the-median-%28crude-estimate%29-%28-%29,1989,1989,1989,EMR,Eastern Mediterranean,ARE,United Arab Emirates,SEX,SEX_MLE,Male,8.9579001,9.0 [3.6-16.5],3.564408,16.534561
NCD_BMI_PLUS2C,"Obesity among children and adolescents, BMI-for-age > +2 standard deviations above the median (crude estimate) (%)",https://www.who.int/data/gho/data/indicators/indicator-details/GHO/prevalence-of-obesity-among-children-and-adolescents-bmi-2-standard-deviations-above-the-median-%28crude-estimate%29-%28-%29,1989,1989,1989,EMR,Eastern Mediterranean,ARE,United Arab Emirates,SEX,SEX_MLE,Male,7.7140495,7.7 [2.1-16.8],2.1340752,16.812874
NCD_BMI_PLUS2C,"Obesity among children and adolescents, BMI-for-age > +2 standard deviations above the median (crude estimate) (%)",https://www.who.int/data/gho/data/indicators/indicator-details/GHO/prevalence-of-obesity-among-children-and-adolescents-bmi-2-standard-deviations-above-the-median-%28crude-estimate%29-%28-%29,1989,1989,1989,EMR,Eastern Mediterranean,ARE,United Arab Emirates,SEX,SEX_MLE,Male,8.5106097,8.5 [3.2-16.1],3.1979233,16.106264
NCD_BMI_PLUS2C,"Obesity among children and adolescents, BMI-for-age > +2 standard deviations above the median (crude estimate) (%)",https://www.who.int/data/gho/data/indicators/indicator-details/GHO/prevalence-of-obesity-among-children-and-adolescents-bmi-2-standard-deviations-above-the-median-%28crude-estimate%29-%28-%29,2023,2023,2023,EMR,Eastern Mediterranean,ARE,United Arab Emirates,SEX,SEX_MLE,Male,24.25801,24.3 [16.1-32.8],16.055523,32.782078
NCD_BMI_PLUS2C,"Obesity among children and adolescents, BMI-for-age > +2 standard deviations above the median (crude estimate) (%)",https://www.who.int/data/gho/data/indicators/indicator-details/GHO/prevalence-of-obesity-among-children-and-adolescents-bmi-2-standard-deviations-above-the-median-%28crude-estimate%29-%28-%29,2023,2023,2023,EMR,Eastern Mediterranean,ARE,United Arab Emirates,SEX,SEX_MLE,Male,25.245833,25.2 [17.7-32.9],17.650478,32.92923
NCD_BMI_PLUS2C,"Obesity among children and adolescents, BMI-for-age > +2 standard deviations above the median (crude estimate) (%)",https://www.who.int/data/gho/data/indicators/indicator-details/GHO/prevalence-of-obesity-among-children-and-adolescents-bmi-2-standard-deviations-above-the-median-%28crude-estimate%29-%28-%29,2023,2023,2023,EMR,Eastern Mediterranean,ARE,United Arab Emirates,SEX,SEX_MLE,Male,22.505628,22.5 [11.8-34.7],11.795746,34.677064
NCD_BMI_PLUS2C,"Obesity among children and adolescents, BMI-for-age > +2 standard deviations above the median (crude estimate) (%)",https://www.who.int/data/gho/data/indicators/indicator-details/GHO/prevalence-of-obesity-among-children-and-adolescents-bmi-2-standard-deviations-above-the-median-%28crude-estimate%29-%28-%29,2024,2024,2024,EMR,Eastern Mediterranean,ARE,United Arab Emirates,SEX,SEX_MLE,Male,22.871244,22.9 [11.7-35.4],11.713791,35.43826
NCD_BMI_PLUS2C,"Obesity among children and adolescents, BMI-for-age > +2 standard deviations above the median (crude estimate) (%)",https://www.who.int/data/gho/data/indicators/indicator-details/GHO/prevalence-of-obesity-among-children-and-adolescents-bmi-2-standard-deviations-above-the-median-%28crude-estimate%29-%28-%29,2024,2024,2024,EMR,Eastern Mediterranean,ARE,United Arab Emirates,SEX,SEX_MLE,Male,24.642837,24.6 [15.9-33.9],15.89129,33.887616
NCD_BMI_PLUS2C,"Obesity among children and adolescents, BMI-for-age > +2 standard deviations above the median (crude estimate) (%)",https://www.who.int/data/gho/data/indicators/indicator-details/GHO/prevalence-of-obesity-among-children-and-adolescents-bmi-2-standard-deviations-above-the-median-%28crude-estimate%29-%28-%29,2024,2024,2024,EMR,Eastern Mediterranean,ARE,United Arab Emirates,SEX,SEX_MLE,Male,25.627205,25.6 [17.4-34.1],17.354077,34.09982
NCD_BMI_PLUS2C,"Obesity among children and adolescents, BMI-for-age > +2 standard deviations above the median (crude estimate) (%)",https://www.who.int/data/gho/data/indicators/indicator-details/GHO/prevalence-of-obesity-among-children-and-adolescents-bmi-2-standard-deviations-above-the-median-%28crude-estimate%29-%28-%29,1980,1980,1980,EMR,Eastern Mediterranean,ARE,United Arab Emirates,SEX,SEX_FMLE,Female,4.7407217,4.7 [0.7-13.7],0.70892838,13.671027
NCD_BMI_PLUS2C,"Obesity among children and adolescents, BMI-for-age > +2 standard deviations above the median (crude estimate) (%)",https://www.who.int/data/gho/data/indicators/indicator-details/GHO/prevalence-of-obesity-among-children-and-adolescents-bmi-2-standard-deviations-above-the-median-%28crude-estimate%29-%28-%29,1980,1980,1980,EMR,Eastern Mediterranean,ARE,United Arab Emirates,SEX,SEX_FMLE,Female,4.6714753,4.7 [0.7-13.7],0.66429577,13.664967
NCD_BMI_PLUS2C,"Obesity among children and adolescents, BMI-for-age > +2 standard deviations above the median (crude estimate) (%)",https://www.who.int/data/gho/data/indicators/indicator-details/GHO/prevalence-of-obesity-among-children-and-adolescents-bmi-2-standard-deviations-above-the-median-%28crude-estimate%29-%28-%29,1980,1980,1980,EMR,Eastern Mediterranean,ARE,United Arab Emirates,SEX,SEX_FMLE,Female,4.5876209,4.6 [0.5-14.2],0.51578581,14.233446
NCD_BMI_PLUS2C,"Obesity among children and adolescents, BMI-for-age > +2 standard deviations above the median (crude estimate) (%)",https://www.who.int/data/gho/data/indicators/indicator-details/GHO/prevalence-of-obesity-among-children-and-adolescents-bmi-2-standard-deviations-above-the-median-%28crude-estimate%29-%28-%29,1981,1981,1981,EMR,Eastern Mediterranean,ARE,United Arab Emirates,SEX,SEX_FMLE,Female,4.9281228,4.9 [0.9-13.5],0.8548121,13.450263
NCD_BMI_PLUS2C,"Obesity among children and adolescents, BMI-for-age > +2 standard deviations above the median (crude estimate) (%)",https://www.who.int/data/gho/data/indicators/indicator-details/GHO/prevalence-of-obesity-among-children-and-adolescents-bmi-2-standard-deviations-above-the-median-%28crude-estimate%29-%28-%29,1981,1981,1981,EMR,Eastern Mediterranean,ARE,United Arab Emirates,SEX,SEX_FMLE,Female,4.8551846,4.9 [0.8-13.5],0.80111772,13.501093
NCD_BMI_PLUS2C,"Obesity among children and adolescents, BMI-for-age > +2 standard deviations above the median (crude estimate) (%)",https://www.who.int/data/gho/data/indicators/indicator-details/GHO/prevalence-of-obesity-among-children-and-adolescents-bmi-2-standard-deviations-above-the-median-%28crude-estimate%29-%28-%29,1981,1981,1981,EMR,Eastern Mediterranean,ARE,United Arab Emirates,SEX,SEX_FMLE,Female,4.7686283,4.8 [0.6-14.2],0.61808806,14.193305
NCD_BMI_PLUS2C,"Obesity among children and adolescents, BMI-for-age > +2 standard deviations above the median (crude estimate) (%)",https://www.who.int/data/gho/data/indicators/indicator-details/GHO/prevalence-of-obesity-among-children-and-adolescents-bmi-2-standard-deviations-above-the-median-%28crude-estimate%29-%28-%29,1986,1986,1986,EMR,Eastern Mediterranean,ARE,United Arab Emirates,SEX,SEX_FMLE,Female,6.1158895,6.1 [1.9-13.3],1.9216551,13.309494
NCD_BMI_PLUS2C,"Obesity among children and adolescents, BMI-for-age > +2 standard deviations above the median (crude estimate) (%)",https://www.who.int/data/gho/data/indicators/indicator-details/GHO/prevalence-of-obesity-among-children-and-adolescents-bmi-2-standard-deviations-above-the-median-%28crude-estimate%29-%28-%29,1986,1986,1986,EMR,Eastern Mediterranean,ARE,United Arab Emirates,SEX,SEX_FMLE,Female,6.019963,6.0 [1.8-13.5],1.7985724,13.520433
NCD_BMI_PLUS2C,"Obesity among children and adolescents, BMI-for-age > +2 standard deviations above the median (crude estimate) (%)",https://www.who.int/data/gho/data/indicators/indicator-details/GHO/prevalence-of-obesity-among-children-and-adolescents-bmi-2-standard-deviations-above-the-median-%28crude-estimate%29-%28-%29,1986,1986,1986,EMR,Eastern Mediterranean,ARE,United Arab Emirates,SEX,SEX_FMLE,Female,5.9111476,5.9 [1.4-14.5],1.4135996,14.460492
NCD_BMI_PLUS2C,"Obesity among children and adolescents, BMI-for-age > +2 standard deviations above the median (crude estimate) (%)",https://www.who.int/data/gho/data/indicators/indicator-details/GHO/prevalence-of-obesity-among-children-and-adolescents-bmi-2-standard-deviations-above-the-median-%28crude-estimate%29-%28-%29,1987,1987,1987,EMR,Eastern Mediterranean,ARE,United Arab Emirates,SEX,SEX_FMLE,Female,6.4088672,6.4 [2.2-13.3],2.247104,13.267571
NCD_BMI_PLUS2C,"Obesity among children and adolescents, BMI-for-age > +2 standard deviations above the median (crude estimate) (%)",https://www.who.int/data/gho/data/indicators/indicator-details/GHO/prevalence-of-obesity-among-children-and-adolescents-bmi-2-standard-deviations-above-the-median-%28crude-estimate%29-%28-%29,1987,1987,1987,EMR,Eastern Mediterranean,ARE,United Arab Emirates,SEX,SEX_FMLE,Female,6.1912946,6.2 [1.6-14.6],1.6090434,14.631566
NCD_BMI_PLUS2C,"Obesity among children and adolescents, BMI-for-age > +2 standard deviations above the median (crude estimate) (%)",https://www.who.int/data/gho/data/indicators/indicator-details/GHO/prevalence-of-obesity-among-children-and-adolescents-bmi-2-standard-deviations-above-the-median-%28crude-estimate%29-%28-%29,1987,1987,1987,EMR,Eastern Mediterranean,ARE,United Arab Emirates,SEX,SEX_FMLE,Female,6.3112348,6.3 [2.1-13.5],2.0741655,13.517736
NCD_BMI_PLUS2C,"Obesity among children and adolescents, BMI-for-age > +2 standard deviations above the median (crude estimate) (%)",https://www.who.int/data/gho/data/indicators/indicator-details/GHO/prevalence-of-obesity-among-children-and-adolescents-bmi-2-standard-deviations-above-the-median-%28crude-estimate%29-%28-%29,1988,1988,1988,EMR,Eastern Mediterranean,ARE,United Arab Emirates,SEX,SEX_FMLE,Female,6.4877138,6.5 [1.8-14.8],1.8336114,14.758456
NCD_BMI_PLUS2C,"Obesity among children and adolescents, BMI-for-age > +2 standard deviations above the median (crude estimate) (%)",https://www.who.int/data/gho/data/indicators/indicator-details/GHO/prevalence-of-obesity-among-children-and-adolescents-bmi-2-standard-deviations-above-the-median-%28crude-estimate%29-%28-%29,1988,1988,1988,EMR,Eastern Mediterranean,ARE,United Arab Emirates,SEX,SEX_FMLE,Female,6.619212,6.6 [2.4-13.6],2.3907514,13.571484
NCD_BMI_PLUS2C,"Obesity among children and adolescents, BMI-for-age > +2 standard deviations above the median (crude estimate) (%)",https://www.who.int/data/gho/data/indicators/indicator-details/GHO/prevalence-of-obesity-among-children-and-adolescents-bmi-2-standard-deviations-above-the-median-%28crude-estimate%29-%28-%29,1988,1988,1988,EMR,Eastern Mediterranean,ARE,United Arab Emirates,SEX,SEX_FMLE,Female,6.7194961,6.7 [2.6-13.3],2.5844,13.282591
NCD_BMI_PLUS2C,"Obesity among children and adolescents, BMI-for-age > +2 standard deviations above the median (crude estimate) (%)",https://www.who.int/data/gho/data/indicators/indicator-details/GHO/prevalence-of-obesity-among-children-and-adolescents-bmi-2-standard-deviations-above-the-median-%28crude-estimate%29-%28-%29,1989,1989,1989,EMR,Eastern Mediterranean,ARE,United Arab Emirates,SEX,SEX_FMLE,Female,7.0441432,7.0 [2.9-13.4],2.9330019,13.363245
NCD_BMI_PLUS2C,"Obesity among children and adolescents, BMI-for-age > +2 standard deviations above the median (crude estimate) (%)",https://www.who.int/data/gho/data/indicators/indicator-details/GHO/prevalence-of-obesity-among-children-and-adolescents-bmi-2-standard-deviations-above-the-median-%28crude-estimate%29-%28-%29,1989,1989,1989,EMR,Eastern Mediterranean,ARE,United Arab Emirates,SEX,SEX_FMLE,Female,6.7971639,6.8 [2.1-15.0],2.0503893,14.964099
NCD_BMI_PLUS2C,"Obesity among children and adolescents, BMI-for-age > +2 standard deviations above the median (crude estimate) (%)",https://www.who.int/data/gho/data/indicators/indicator-details/GHO/prevalence-of-obesity-among-children-and-adolescents-bmi-2-standard-deviations-above-the-median-%28crude-estimate%29-%28-%29,1989,1989,1989,EMR,Eastern Mediterranean,ARE,United Arab Emirates,SEX,SEX_FMLE,Female,6.9402032,6.9 [2.7-13.5],2.7368449,13.520688
NCD_BMI_PLUS2C,"Obesity among children and adolescents, BMI-for-age > +2 standard deviations above the median (crude estimate) (%)",https://www.who.int/data/gho/data/indicators/indicator-details/GHO/prevalence-of-obesity-among-children-and-adolescents-bmi-2-standard-deviations-above-the-median-%28crude-estimate%29-%28-%29,2023,2023,2023,EMR,Eastern Mediterranean,ARE,United Arab Emirates,SEX,SEX_FMLE,Female,17.372471,17.4 [10.5-25.2],10.483988,25.220311
NCD_BMI_PLUS2C,"Obesity among children and adolescents, BMI-for-age > +2 standard deviations above the median (crude estimate) (%)",https://www.who.int/data/gho/data/indicators/indicator-details/GHO/prevalence-of-obesity-among-children-and-adolescents-bmi-2-standard-deviations-above-the-median-%28crude-estimate%29-%28-%29,2023,2023,2023,EMR,Eastern Mediterranean,ARE,United Arab Emirates,SEX,SEX_FMLE,Female,17.673804,17.7 [11.4-24.8],11.354035,24.807537
NCD_BMI_PLUS2C,"Obesity among children and adolescents, BMI-for-age > +2 standard deviations above the median (crude estimate) (%)",https://www.who.int/data/gho/data/indicators/indicator-details/GHO/prevalence-of-obesity-among-children-and-adolescents-bmi-2-standard-deviations-above-the-median-%28crude-estimate%29-%28-%29,2023,2023,2023,EMR,Eastern Mediterranean,ARE,United Arab Emirates,SEX,SEX_FMLE,Female,16.867833,16.9 [8.0-27.8],8.03755,27.79614
NCD_BMI_PLUS2C,"Obesity among children and adolescents, BMI-for-age > +2 standard deviations above the median (crude estimate) (%)",https://www.who.int/data/gho/data/indicators/indicator-details/GHO/prevalence-of-obesity-among-children-and-adolescents-bmi-2-standard-deviations-above-the-median-%28crude-estimate%29-%28-%29,2024,2024,2024,EMR,Eastern Mediterranean,ARE,United Arab Emirates,SEX,SEX_FMLE,Female,17.632347,17.6 [10.2-26.2],10.216373,26.236442
NCD_BMI_PLUS2C,"Obesity among children and adolescents, BMI-for-age > +2 standard deviations above the median (crude estimate) (%)",https://www.who.int/data/gho/data/indicators/indicator-details/GHO/prevalence-of-obesity-among-children-and-adolescents-bmi-2-standard-deviations-above-the-median-%28crude-estimate%29-%28-%29,2024,2024,2024,EMR,Eastern Mediterranean,ARE,United Arab Emirates,SEX,SEX_FMLE,Female,17.118457,17.1 [7.9-28.5],7.8651816,28.498071
NCD_BMI_PLUS2C,"Obesity among children and adolescents, BMI-for-age > +2 standard deviations above the median (crude estimate) (%)",https://www.who.int/data/gho/data/indicators/indicator-details/GHO/prevalence-of-obesity-among-children-and-adolescents-bmi-2-standard-deviations-above-the-median-%28crude-estimate%29-%28-%29,2024,2024,2024,EMR,Eastern Mediterranean,ARE,United Arab Emirates,SEX,SEX_FMLE,Female,17.932467,17.9 [10.9-25.8],10.905716,25.84596
NCD_BMI_PLUS2C,"Obesity among children and adolescents, BMI-for-age > +2 standard deviations above the median (crude estimate) (%)",https://www.who.int/data/gho/data/indicators/indicator-details/GHO/prevalence-of-obesity-among-children-and-adolescents-bmi-2-standard-deviations-above-the-median-%28crude-estimate%29-%28-%29,1980,1980,1980,EMR,Eastern Mediterranean,ARE,United Arab Emirates,SEX,SEX_BTSX,Both sexes,4.9696464,5.0 [1.3-11.3],1.2799704,11.282282
NCD_BMI_PLUS2C,"Obesity among children and adolescents, BMI-for-age > +2 standard deviations above the median (crude estimate) (%)",https://www.who.int/data/gho/data/indicators/indicator-details/GHO/prevalence-of-obesity-among-children-and-adolescents-bmi-2-standard-deviations-above-the-median-%28crude-estimate%29-%28-%29,1980,1980,1980,EMR,Eastern Mediterranean,ARE,United Arab Emirates,SEX,SEX_BTSX,Both sexes,4.6684016,4.7 [1.1-11.4],1.0576516,11.385122
NCD_BMI_PLUS2C,"Obesity among children and adolescents, BMI-for-age > +2 standard deviations above the median (crude estimate) (%)",https://www.who.int/data/gho/data/indicators/indicator-details/GHO/prevalence-of-obesity-among-children-and-adolescents-bmi-2-standard-deviations-above-the-median-%28crude-estimate%29-%28-%29,1980,1980,1980,EMR,Eastern Mediterranean,ARE,United Arab Emirates,SEX,SEX_BTSX,Both sexes,5.1978454,5.2 [1.4-11.7],1.4004413,11.670912
NCD_BMI_PLUS2C,"Obesity among children and adolescents, BMI-for-age > +2 standard deviations above the median (crude estimate) (%)",https://www.who.int/data/gho/data/indicators/indicator-details/GHO/prevalence-of-obesity-among-children-and-adolescents-bmi-2-standard-deviations-above-the-median-%28crude-estimate%29-%28-%29,1981,1981,1981,EMR,Eastern Mediterranean,ARE,United Arab Emirates,SEX,SEX_BTSX,Both sexes,5.4404628,5.4 [1.6-11.6],1.6144553,11.618523
NCD_BMI_PLUS2C,"Obesity among children and adolescents, BMI-for-age > +2 standard deviations above the median (crude estimate) (%)",https://www.who.int/data/gho/data/indicators/indicator-details/GHO/prevalence-of-obesity-among-children-and-adolescents-bmi-2-standard-deviations-above-the-median-%28crude-estimate%29-%28-%29,1981,1981,1981,EMR,Eastern Mediterranean,ARE,United Arab Emirates,SEX,SEX_BTSX,Both sexes,5.1943056,5.2 [1.5-11.3],1.4746556,11.290354
NCD_BMI_PLUS2C,"Obesity among children and adolescents, BMI-for-age > +2 standard deviations above the median (crude estimate) (%)",https://www.who.int/data/gho/data/indicators/indicator-details/GHO/prevalence-of-obesity-among-children-and-adolescents-bmi-2-standard-deviations-above-the-median-%28crude-estimate%29-%28-%29,1981,1981,1981,EMR,Eastern Mediterranean,ARE,United Arab Emirates,SEX,SEX_BTSX,Both sexes,4.8825823,4.9 [1.2-11.5],1.1992346,11.451186
NCD_BMI_PLUS2C,"Obesity among children and adolescents, BMI-for-age > +2 standard deviations above the median (crude estimate) (%)",https://www.who.int/data/gho/data/indicators/indicator-details/GHO/prevalence-of-obesity-among-children-and-adolescents-bmi-2-standard-deviations-above-the-median-%28crude-estimate%29-%28-%29,1986,1986,1986,EMR,Eastern Mediterranean,ARE,United Arab Emirates,SEX,SEX_BTSX,Both sexes,6.646616,6.6 [2.9-12.0],2.8551353,12.016611
NCD_BMI_PLUS2C,"Obesity among children and adolescents, BMI-for-age > +2 standard deviations above the median (crude estimate) (%)",https://www.who.int/data/gho/data/indicators/indicator-details/GHO/prevalence-of-obesity-among-children-and-adolescents-bmi-2-standard-deviations-above-the-median-%28crude-estimate%29-%28-%29,1986,1986,1986,EMR,Eastern Mediterranean,ARE,United Arab Emirates,SEX,SEX_BTSX,Both sexes,6.2393907,6.2 [2.3-12.2],2.2650514,12.227417
NCD_BMI_PLUS2C,"Obesity among children and adolescents, BMI-for-age > +2 standard deviations above the median (crude estimate) (%)",https://www.who.int/data/gho/data/indicators/indicator-details/GHO/prevalence-of-obesity-among-children-and-adolescents-bmi-2-standard-deviations-above-the-median-%28crude-estimate%29-%28-%29,1986,1986,1986,EMR,Eastern Mediterranean,ARE,United Arab Emirates,SEX,SEX_BTSX,Both sexes,6.9815591,7.0 [3.1-12.3],3.1273339,12.33179
NCD_BMI_PLUS2C,"Obesity among children and adolescents, BMI-for-age > +2 standard deviations above the median (crude estimate) (%)",https://www.who.int/data/gho/data/indicators/indicator-details/GHO/prevalence-of-obesity-among-children-and-adolescents-bmi-2-standard-deviations-above-the-median-%28crude-estimate%29-%28-%29,1987,1987,1987,EMR,Eastern Mediterranean,ARE,United Arab Emirates,SEX,SEX_BTSX,Both sexes,6.5720618,6.6 [2.6-12.5],2.5621703,12.50328
NCD_BMI_PLUS2C,"Obesity among children and adolescents, BMI-for-age > +2 standard deviations above the median (crude estimate) (%)",https://www.who.int/data/gho/data/indicators/indicator-details/GHO/prevalence-of-obesity-among-children-and-adolescents-bmi-2-standard-deviations-above-the-median-%28crude-estimate%29-%28-%29,1987,1987,1987,EMR,Eastern Mediterranean,ARE,United Arab Emirates,SEX,SEX_BTSX,Both sexes,7.3817834,7.4 [3.5-12.6],3.4857206,12.604181
NCD_BMI_PLUS2C,"Obesity among children and adolescents, BMI-for-age > +2 standard deviations above the median (crude estimate) (%)",https://www.who.int/data/gho/data/indicators/indicator-details/GHO/prevalence-of-obesity-among-children-and-adolescents-bmi-2-standard-deviations-above-the-median-%28crude-estimate%29-%28-%29,1987,1987,1987,EMR,Eastern Mediterranean,ARE,United Arab Emirates,SEX,SEX_BTSX,Both sexes,7.0434794,7.0 [3.2-12.3],3.2477155,12.273119
NCD_BMI_PLUS2C,"Obesity among children and adolescents, BMI-for-age > +2 standard deviations above the median (crude estimate) (%)",https://www.who.int/data/gho/data/indicators/indicator-details/GHO/prevalence-of-obesity-among-children-and-adolescents-bmi-2-standard-deviations-above-the-median-%28crude-estimate%29-%28-%29,1988,1988,1988,EMR,Eastern Mediterranean,ARE,United Arab Emirates,SEX,SEX_BTSX,Both sexes,6.9229305,6.9 [2.9-12.9],2.8606558,12.853581
NCD_BMI_PLUS2C,"Obesity among children and adolescents, BMI-for-age > +2 standard deviations above the median (crude estimate) (%)",https://www.who.int/data/gho/data/indicators/indicator-details/GHO/prevalence-of-obesity-among-children-and-adolescents-bmi-2-standard-deviations-above-the-median-%28crude-estimate%29-%28-%29,1988,1988,1988,EMR,Eastern Mediterranean,ARE,United Arab Emirates,SEX,SEX_BTSX,Both sexes,7.4425243,7.4 [3.7-12.5],3.6723237,12.545075
NCD_BMI_PLUS2C,"Obesity among children and adolescents, BMI-for-age > +2 standard deviations above the median (crude estimate) (%)",https://www.who.int/data/gho/data/indicators/indicator-details/GHO/prevalence-of-obesity-among-children-and-adolescents-bmi-2-standard-deviations-above-the-median-%28crude-estimate%29-%28-%29,1988,1988,1988,EMR,Eastern Mediterranean,ARE,United Arab Emirates,SEX,SEX_BTSX,Both sexes,7.7842943,7.8 [3.9-12.8],3.9007071,12.816453
NCD_BMI_PLUS2C,"Obesity among children and adolescents, BMI-for-age > +2 standard deviations above the median (crude estimate) (%)",https://www.who.int/data/gho/data/indicators/indicator-details/GHO/prevalence-of-obesity-among-children-and-adolescents-bmi-2-standard-deviations-above-the-median-%28crude-estimate%29-%28-%29,1989,1989,1989,EMR,Eastern Mediterranean,ARE,United Arab Emirates,SEX,SEX_BTSX,Both sexes,7.2887383,7.3 [3.2-13.1],3.1536847,13.070703
NCD_BMI_PLUS2C,"Obesity among children and adolescents, BMI-for-age > +2 standard deviations above the median (crude estimate) (%)",https://www.who.int/data/gho/data/indicators/indicator-details/GHO/prevalence-of-obesity-among-children-and-adolescents-bmi-2-standard-deviations-above-the-median-%28crude-estimate%29-%28-%29,1989,1989,1989,EMR,Eastern Mediterranean,ARE,United Arab Emirates,SEX,SEX_BTSX,Both sexes,8.1910722,8.2 [4.4-13.1],4.3505292,13.059004
NCD_BMI_PLUS2C,"Obesity among children and adolescents, BMI-for-age > +2 standard deviations above the median (crude estimate) (%)",https://www.who.int/data/gho/data/indicators/indicator-details/GHO/prevalence-of-obesity-among-children-and-adolescents-bmi-2-standard-deviations-above-the-median-%28crude-estimate%29-%28-%29,1989,1989,1989,EMR,Eastern Mediterranean,ARE,United Arab Emirates,SEX,SEX_BTSX,Both sexes,7.8431025,7.8 [4.1-12.7],4.093165,12.745912
NCD_BMI_PLUS2C,"Obesity among children and adolescents, BMI-for-age > +2 standard deviations above the median (crude estimate) (%)",https://www.who.int/data/gho/data/indicators/indicator-details/GHO/prevalence-of-obesity-among-children-and-adolescents-bmi-2-standard-deviations-above-the-median-%28crude-estimate%29-%28-%29,2023,2023,2023,EMR,Eastern Mediterranean,ARE,United Arab Emirates,SEX,SEX_BTSX,Both sexes,21.6096,21.6 [16.6-26.8],16.635771,26.764005
NCD_BMI_PLUS2C,"Obesity among children and adolescents, BMI-for-age > +2 standard deviations above the median (crude estimate) (%)",https://www.who.int/data/gho/data/indicators/indicator-details/GHO/prevalence-of-obesity-among-children-and-adolescents-bmi-2-standard-deviations-above-the-median-%28crude-estimate%29-%28-%29,2023,2023,2023,EMR,Eastern Mediterranean,ARE,United Arab Emirates,SEX,SEX_BTSX,Both sexes,20.915079,20.9 [15.6-26.5],15.631588,26.535016
NCD_BMI_PLUS2C,"Obesity among children and adolescents, BMI-for-age > +2 standard deviations above the median (crude estimate) (%)",https://www.who.int/data/gho/data/indicators/indicator-details/GHO/prevalence-of-obesity-among-children-and-adolescents-bmi-2-standard-deviations-above-the-median-%28crude-estimate%29-%28-%29,2023,2023,2023,EMR,Eastern Mediterranean,ARE,United Arab Emirates,SEX,SEX_BTSX,Both sexes,19.717123,19.7 [12.6-27.7],12.563281,27.656201
NCD_BMI_PLUS2C,"Obesity among children and adolescents, BMI-for-age > +2 standard deviations above the median (crude estimate) (%)",https://www.who.int/data/gho/data/indicators/indicator-details/GHO/prevalence-of-obesity-among-children-and-adolescents-bmi-2-standard-deviations-above-the-median-%28crude-estimate%29-%28-%29,2024,2024,2024,EMR,Eastern Mediterranean,ARE,United Arab Emirates,SEX,SEX_BTSX,Both sexes,20.021972,20.0 [12.5-28.3],12.538737,28.274855
NCD_BMI_PLUS2C,"Obesity among children and adolescents, BMI-for-age > +2 standard deviations above the median (crude estimate) (%)",https://www.who.int/data/gho/data/indicators/indicator-details/GHO/prevalence-of-obesity-among-children-and-adolescents-bmi-2-standard-deviations-above-the-median-%28crude-estimate%29-%28-%29,2024,2024,2024,EMR,Eastern Mediterranean,ARE,United Arab Emirates,SEX,SEX_BTSX,Both sexes,21.911885,21.9 [16.4-27.6],16.443059,27.59589
NCD_BMI_PLUS2C,"Obesity among children and adolescents, BMI-for-age > +2 standard deviations above the median (crude estimate) (%)",https://www.who.int/data/gho/data/indicators/indicator-details/GHO/prevalence-of-obesity-among-children-and-adolescents-bmi-2-standard-deviations-above-the-median-%28crude-estimate%29-%28-%29,2024,2024,2024,EMR,Eastern Mediterranean,ARE,United Arab Emirates,SEX,SEX_BTSX,Both sexes,21.226244,21.2 [15.5-27.3],15.479796,27.340508
NCD_BMI_PLUS2C,"Obesity among children and adolescents, BMI-for-age > +2 standard deviations above the median (crude estimate) (%)",https://www.who.int/data/gho/data/indicators/indicator-details/GHO/prevalence-of-obesity-among-children-and-adolescents-bmi-2-standard-deviations-above-the-median-%28crude-estimate%29-%28-%29,1982,1982,1982,EMR,Eastern Mediterranean,ARE,United Arab Emirates,SEX,SEX_MLE,Male,6.1299779,6.1 [1.1-15.8],1.0856819,15.761901
NCD_BMI_PLUS2C,"Obesity among children and adolescents, BMI-for-age > +2 standard deviations above the median (crude estimate) (%)",https://www.who.int/data/gho/data/indicators/indicator-details/GHO/prevalence-of-obesity-among-children-and-adolescents-bmi-2-standard-deviations-above-the-median-%28crude-estimate%29-%28-%29,1982,1982,1982,EMR,Eastern Mediterranean,ARE,United Arab Emirates,SEX,SEX_MLE,Male,5.2401826,5.2 [0.7-15.3],0.70186667,15.309791
NCD_BMI_PLUS2C,"Obesity among children and adolescents, BMI-for-age > +2 standard deviations above the median (crude estimate) (%)",https://www.who.int/data/gho/data/indicators/indicator-details/GHO/prevalence-of-obesity-among-children-and-adolescents-bmi-2-standard-deviations-above-the-median-%28crude-estimate%29-%28-%29,1982,1982,1982,EMR,Eastern Mediterranean,ARE,United Arab Emirates,SEX,SEX_MLE,Male,5.7473209,5.7 [1.0-15.0],0.97468877,15.045781
NCD_BMI_PLUS2C,"Obesity among children and adolescents, BMI-for-age > +2 standard deviations above the median (crude estimate) (%)",https://www.who.int/data/gho/data/indicators/indicator-details/GHO/prevalence-of-obesity-among-children-and-adolescents-bmi-2-standard-deviations-above-the-median-%28crude-estimate%29-%28-%29,1984,1984,1984,EMR,Eastern Mediterranean,ARE,United Arab Emirates,SEX,SEX_MLE,Male,6.8264335,6.8 [1.6-15.7],1.6188128,15.749028
NCD_BMI_PLUS2C,"Obesity among children and adolescents, BMI-for-age > +2 standard deviations above the median (crude estimate) (%)",https://www.who.int/data/gho/data/indicators/indicator-details/GHO/prevalence-of-obesity-among-children-and-adolescents-bmi-2-standard-deviations-above-the-median-%28crude-estimate%29-%28-%29,1984,1984,1984,EMR,Eastern Mediterranean,ARE,United Arab Emirates,SEX,SEX_MLE,Male,6.3767284,6.4 [1.4-15.2],1.4084494,15.197583
NCD_BMI_PLUS2C,"Obesity among children and adolescents, BMI-for-age > +2 standard deviations above the median (crude estimate) (%)",https://www.who.int/data/gho/data/indicators/indicator-details/GHO/prevalence-of-obesity-among-children-and-adolescents-bmi-2-standard-deviations-above-the-median-%28crude-estimate%29-%28-%29,1984,1984,1984,EMR,Eastern Mediterranean,ARE,United Arab Emirates,SEX,SEX_MLE,Male,5.8313977,5.8 [1.0-15.6],0.99865021,15.573819
NCD_BMI_PLUS2C,"Obesity among children and adolescents, BMI-for-age > +2 standard deviations above the median (crude estimate) (%)",https://www.who.int/data/gho/data/indicators/indicator-details/GHO/prevalence-of-obesity-among-children-and-adolescents-bmi-2-standard-deviations-above-the-median-%28crude-estimate%29-%28-%29,1982,1982,1982,EMR,Eastern Mediterranean,ARE,United Arab Emirates,SEX,SEX_FMLE,Female,4.9653213,5.0 [0.8-14.2],0.75183259,14.151914
NCD_BMI_PLUS2C,"Obesity among children and adolescents, BMI-for-age > +2 standard deviations above the median (crude estimate) (%)",https://www.who.int/data/gho/data/indicators/indicator-details/GHO/prevalence-of-obesity-among-children-and-adolescents-bmi-2-standard-deviations-above-the-median-%28crude-estimate%29-%28-%29,1982,1982,1982,EMR,Eastern Mediterranean,ARE,United Arab Emirates,SEX,SEX_FMLE,Female,5.1327389,5.1 [1.0-13.4],1.02473,13.383114
NCD_BMI_PLUS2C,"Obesity among children and adolescents, BMI-for-age > +2 standard deviations above the median (crude estimate) (%)",https://www.who.int/data/gho/data/indicators/indicator-details/GHO/prevalence-of-obesity-among-children-and-adolescents-bmi-2-standard-deviations-above-the-median-%28crude-estimate%29-%28-%29,1982,1982,1982,EMR,Eastern Mediterranean,ARE,United Arab Emirates,SEX,SEX_FMLE,Female,5.0565049,5.1 [0.9-13.5],0.9485404,13.526998
NCD_BMI_PLUS2C,"Obesity among children and adolescents, BMI-for-age > +2 standard deviations above the median (crude estimate) (%)",https://www.who.int/data/gho/data/indicators/indicator-details/GHO/prevalence-of-obesity-among-children-and-adolescents-bmi-2-standard-deviations-above-the-median-%28crude-estimate%29-%28-%29,1984,1984,1984,EMR,Eastern Mediterranean,ARE,United Arab Emirates,SEX,SEX_FMLE,Female,5.4036632,5.4 [1.0-14.3],1.0461785,14.259219
NCD_BMI_PLUS2C,"Obesity among children and adolescents, BMI-for-age > +2 standard deviations above the median (crude estimate) (%)",https://www.who.int/data/gho/data/indicators/indicator-details/GHO/prevalence-of-obesity-among-children-and-adolescents-bmi-2-standard-deviations-above-the-median-%28crude-estimate%29-%28-%29,1984,1984,1984,EMR,Eastern Mediterranean,ARE,United Arab Emirates,SEX,SEX_FMLE,Female,5.5885237,5.6 [1.4-13.2],1.4409091,13.246742
NCD_BMI_PLUS2C,"Obesity among children and adolescents, BMI-for-age > +2 standard deviations above the median (crude estimate) (%)",https://www.who.int/data/gho/data/indicators/indicator-details/GHO/prevalence-of-obesity-among-children-and-adolescents-bmi-2-standard-deviations-above-the-median-%28crude-estimate%29-%28-%29,1984,1984,1984,EMR,Eastern Mediterranean,ARE,United Arab Emirates,SEX,SEX_FMLE,Female,5.5019725,5.5 [1.3-13.5],1.3448785,13.460226
NCD_BMI_PLUS2C,"Obesity among children and adolescents, BMI-for-age > +2 standard deviations above the median (crude estimate) (%)",https://www.who.int/data/gho/data/indicators/indicator-details/GHO/prevalence-of-obesity-among-children-and-adolescents-bmi-2-standard-deviations-above-the-median-%28crude-estimate%29-%28-%29,1982,1982,1982,EMR,Eastern Mediterranean,ARE,United Arab Emirates,SEX,SEX_BTSX,Both sexes,5.1147062,5.1 [1.4-11.5],1.3666117,11.534823
NCD_BMI_PLUS2C,"Obesity among children and adolescents, BMI-for-age > +2 standard deviations above the median (crude estimate) (%)",https://www.who.int/data/gho/data/indicators/indicator-details/GHO/prevalence-of-obesity-among-children-and-adolescents-bmi-2-standard-deviations-above-the-median-%28crude-estimate%29-%28-%29,1982,1982,1982,EMR,Eastern Mediterranean,ARE,United Arab Emirates,SEX,SEX_BTSX,Both sexes,5.4417286,5.4 [1.7-11.4],1.7011084,11.369403
NCD_BMI_PLUS2C,"Obesity among children and adolescents, BMI-for-age > +2 standard deviations above the median (crude estimate) (%)",https://www.who.int/data/gho/data/indicators/indicator-details/GHO/prevalence-of-obesity-among-children-and-adolescents-bmi-2-standard-deviations-above-the-median-%28crude-estimate%29-%28-%29,1982,1982,1982,EMR,Eastern Mediterranean,ARE,United Arab Emirates,SEX,SEX_BTSX,Both sexes,5.6999739,5.7 [1.9-11.6],1.851327,11.618375
NCD_BMI_PLUS2C,"Obesity among children and adolescents, BMI-for-age > +2 standard deviations above the median (crude estimate) (%)",https://www.who.int/data/gho/data/indicators/indicator-details/GHO/prevalence-of-obesity-among-children-and-adolescents-bmi-2-standard-deviations-above-the-median-%28crude-estimate%29-%28-%29,1984,1984,1984,EMR,Eastern Mediterranean,ARE,United Arab Emirates,SEX,SEX_BTSX,Both sexes,5.6360472,5.6 [1.8-11.9],1.7667243,11.864609
NCD_BMI_PLUS2C,"Obesity among children and adolescents, BMI-for-age > +2 standard deviations above the median (crude estimate) (%)",https://www.who.int/data/gho/data/indicators/indicator-details/GHO/prevalence-of-obesity-among-children-and-adolescents-bmi-2-standard-deviations-above-the-median-%28crude-estimate%29-%28-%29,1984,1984,1984,EMR,Eastern Mediterranean,ARE,United Arab Emirates,SEX,SEX_BTSX,Both sexes,5.9848726,6.0 [2.2-11.7],2.2075752,11.680011
NCD_BMI_PLUS2C,"Obesity among children and adolescents, BMI-for-age > +2 standard deviations above the median (crude estimate) (%)",https://www.who.int/data/gho/data/indicators/indicator-details/GHO/prevalence-of-obesity-among-children-and-adolescents-bmi-2-standard-deviations-above-the-median-%28crude-estimate%29-%28-%29,1984,1984,1984,EMR,Eastern Mediterranean,ARE,United Arab Emirates,SEX,SEX_BTSX,Both sexes,6.2810965,6.3 [2.4-11.9],2.4356682,11.857248
NCD_BMI_PLUS2C,"Obesity among children and adolescents, BMI-for-age > +2 standard deviations above the median (crude estimate) (%)",https://www.who.int/data/gho/data/indicators/indicator-details/GHO/prevalence-of-obesity-among-children-and-adolescents-bmi-2-standard-deviations-above-the-median-%28crude-estimate%29-%28-%29,1985,1985,1985,EMR,Eastern Mediterranean,ARE,United Arab Emirates,SEX,SEX_MLE,Male,6.7298889,6.7 [1.7-15.3],1.6912172,15.337668
NCD_BMI_PLUS2C,"Obesity among children and adolescents, BMI-for-age > +2 standard deviations above the median (crude estimate) (%)",https://www.who.int/data/gho/data/indicators/indicator-details/GHO/prevalence-of-obesity-among-children-and-adolescents-bmi-2-standard-deviations-above-the-median-%28crude-estimate%29-%28-%29,1985,1985,1985,EMR,Eastern Mediterranean,ARE,United Arab Emirates,SEX,SEX_MLE,Male,6.1614335,6.2 [1.2-15.8],1.164505,15.773138
NCD_BMI_PLUS2C,"Obesity among children and adolescents, BMI-for-age > +2 standard deviations above the median (crude estimate) (%)",https://www.who.int/data/gho/data/indicators/indicator-details/GHO/prevalence-of-obesity-among-children-and-adolescents-bmi-2-standard-deviations-above-the-median-%28crude-estimate%29-%28-%29,1985,1985,1985,EMR,Eastern Mediterranean,ARE,United Arab Emirates,SEX,SEX_MLE,Male,7.2216034,7.2 [1.9-16.2],1.9281501,16.158274
NCD_BMI_PLUS2C,"Obesity among children and adolescents, BMI-for-age > +2 standard deviations above the median (crude estimate) (%)",https://www.who.int/data/gho/data/indicators/indicator-details/GHO/prevalence-of-obesity-among-children-and-adolescents-bmi-2-standard-deviations-above-the-median-%28crude-estimate%29-%28-%29,1985,1985,1985,EMR,Eastern Mediterranean,ARE,United Arab Emirates,SEX,SEX_FMLE,Female,5.7504982,5.8 [1.6-13.5],1.5583294,13.497682
NCD_BMI_PLUS2C,"Obesity among children and adolescents, BMI-for-age > +2 standard deviations above the median (crude estimate) (%)",https://www.who.int/data/gho/data/indicators/indicator-details/GHO/prevalence-of-obesity-among-children-and-adolescents-bmi-2-standard-deviations-above-the-median-%28crude-estimate%29-%28-%29,1985,1985,1985,EMR,Eastern Mediterranean,ARE,United Arab Emirates,SEX,SEX_FMLE,Female,5.6489568,5.6 [1.2-14.3],1.2269883,14.337888
NCD_BMI_PLUS2C,"Obesity among children and adolescents, BMI-for-age > +2 standard deviations above the median (crude estimate) (%)",https://www.who.int/data/gho/data/indicators/indicator-details/GHO/prevalence-of-obesity-among-children-and-adolescents-bmi-2-standard-deviations-above-the-median-%28crude-estimate%29-%28-%29,1985,1985,1985,EMR,Eastern Mediterranean,ARE,United Arab Emirates,SEX,SEX_FMLE,Female,5.8429059,5.8 [1.7-13.3],1.6597105,13.312411
NCD_BMI_PLUS2C,"Obesity among children and adolescents, BMI-for-age > +2 standard deviations above the median (crude estimate) (%)",https://www.who.int/data/gho/data/indicators/indicator-details/GHO/prevalence-of-obesity-among-children-and-adolescents-bmi-2-standard-deviations-above-the-median-%28crude-estimate%29-%28-%29,1985,1985,1985,EMR,Eastern Mediterranean,ARE,United Arab Emirates,SEX,SEX_BTSX,Both sexes,6.2888928,6.3 [2.5-11.9],2.5078135,11.851713
NCD_BMI_PLUS2C,"Obesity among children and adolescents, BMI-for-age > +2 standard deviations above the median (crude estimate) (%)",https://www.who.int/data/gho/data/indicators/indicator-details/GHO/prevalence-of-obesity-among-children-and-adolescents-bmi-2-standard-deviations-above-the-median-%28crude-estimate%29-%28-%29,1985,1985,1985,EMR,Eastern Mediterranean,ARE,United Arab Emirates,SEX,SEX_BTSX,Both sexes,6.6089444,6.6 [2.8-12.0],2.7968105,11.987054
NCD_BMI_PLUS2C,"Obesity among children and adolescents, BMI-for-age > +2 standard deviations above the median (crude estimate) (%)",https://www.who.int/data/gho/data/indicators/indicator-details/GHO/prevalence-of-obesity-among-children-and-adolescents-bmi-2-standard-deviations-above-the-median-%28crude-estimate%29-%28-%29,1985,1985,1985,EMR,Eastern Mediterranean,ARE,United Arab Emirates,SEX,SEX_BTSX,Both sexes,5.9272606,5.9 [2.0-12.1],2.008923,12.103398
LBW_PREVALENCE,Low birth weight prevalence (%),https://www.who.int/data/gho/data/indicators/indicator-details/GHO/low-birth-weight-prevalence-%28-%29,2000,2000,2000,EMR,Eastern Mediterranean,ARE,United Arab Emirates,,,,12.9,12.9 [10.2-16.1],10.2,16.1
LBW_PREVALENCE,Low birth weight prevalence (%),https://www.who.int/data/gho/data/indicators/indicator-details/GHO/low-birth-weight-prevalence-%28-%29,2001,2001,2001,EMR,Eastern Mediterranean,ARE,United Arab Emirates,,,,12.9,12.9 [10.4-15.9],10.4,15.9
LBW_PREVALENCE,Low birth weight prevalence (%),https://www.who.int/data/gho/data/indicators/indicator-details/GHO/low-birth-weight-prevalence-%28-%29,2002,2002,2002,EMR,Eastern Mediterranean,ARE,United Arab Emirates,,,,12.9,12.9 [10.5-15.8],10.5,15.8
LBW_PREVALENCE,Low birth weight prevalence (%),https://www.who.int/data/gho/data/indicators/indicator-details/GHO/low-birth-weight-prevalence-%28-%29,2003,2003,2003,EMR,Eastern Mediterranean,ARE,United Arab Emirates,,,,13,13.0 [10.7-15.7],10.7,15.7
LBW_PREVALENCE,Low birth weight prevalence (%),https://www.who.int/data/gho/data/indicators/indicator-details/GHO/low-birth-weight-prevalence-%28-%29,2004,2004,2004,EMR,Eastern Mediterranean,ARE,United Arab Emirates,,,,13,13.0 [10.8-15.6],10.8,15.6
LBW_PREVALENCE,Low birth weight prevalence (%),https://www.who.int/data/gho/data/indicators/indicator-details/GHO/low-birth-weight-prevalence-%28-%29,2005,2005,2005,EMR,Eastern Mediterranean,ARE,United Arab Emirates,,,,13,13.0 [11.0-15.5],11,15.5
LBW_PREVALENCE,Low birth weight prevalence (%),https://www.who.int/data/gho/data/indicators/indicator-details/GHO/low-birth-weight-prevalence-%28-%29,2006,2006,2006,EMR,Eastern Mediterranean,ARE,United Arab Emirates,,,,13.1,13.1 [11.2-15.4],11.2,15.4
LBW_PREVALENCE,Low birth weight prevalence (%),https://www.who.int/data/gho/data/indicators/indicator-details/GHO/low-birth-weight-prevalence-%28-%29,2007,2007,2007,EMR,Eastern Mediterranean,ARE,United Arab Emirates,,,,13.3,13.3 [11.4-15.4],11.4,15.4
LBW_PREVALENCE,Low birth weight prevalence (%),https://www.who.int/data/gho/data/indicators/indicator-details/GHO/low-birth-weight-prevalence-%28-%29,2008,2008,2008,EMR,Eastern Mediterranean,ARE,United Arab Emirates,,,,13.4,13.4 [11.7-15.4],11.7,15.4
LBW_PREVALENCE,Low birth weight prevalence (%),https://www.who.int/data/gho/data/indicators/indicator-details/GHO/low-birth-weight-prevalence-%28-%29,2009,2009,2009,EMR,Eastern Mediterranean,ARE,United Arab Emirates,,,,13.6,13.6 [11.9-15.5],11.9,15.5
LBW_PREVALENCE,Low birth weight prevalence (%),https://www.who.int/data/gho/data/indicators/indicator-details/GHO/low-birth-weight-prevalence-%28-%29,2010,2010,2010,EMR,Eastern Mediterranean,ARE,United Arab Emirates,,,,13.7,13.7 [12.2-15.5],12.2,15.5
LBW_PREVALENCE,Low birth weight prevalence (%),https://www.who.int/data/gho/data/indicators/indicator-details/GHO/low-birth-weight-prevalence-%28-%29,2011,2011,2011,EMR,Eastern Mediterranean,ARE,United Arab Emirates,,,,13.8,13.8 [12.4-15.5],12.4,15.5
LBW_PREVALENCE,Low birth weight prevalence (%),https://www.who.int/data/gho/data/indicators/indicator-details/GHO/low-birth-weight-prevalence-%28-%29,2012,2012,2012,EMR,Eastern Mediterranean,ARE,United Arab Emirates,,,,13.9,13.9 [12.5-15.4],12.5,15.4
LBW_PREVALENCE,Low birth weight prevalence (%),https://www.who.int/data/gho/data/indicators/indicator-details/GHO/low-birth-weight-prevalence-%28-%29,2013,2013,2013,EMR,Eastern Mediterranean,ARE,United Arab Emirates,,,,13.9,13.9 [12.6-15.4],12.6,15.4
LBW_PREVALENCE,Low birth weight prevalence (%),https://www.who.int/data/gho/data/indicators/indicator-details/GHO/low-birth-weight-prevalence-%28-%29,2014,2014,2014,EMR,Eastern Mediterranean,ARE,United Arab Emirates,,,,13.9,13.9 [12.7-15.3],12.7,15.3
LBW_PREVALENCE,Low birth weight prevalence (%),https://www.who.int/data/gho/data/indicators/indicator-details/GHO/low-birth-weight-prevalence-%28-%29,2015,2015,2015,EMR,Eastern Mediterranean,ARE,United Arab Emirates,,,,13.9,13.9 [12.8-15.2],12.8,15.2
LBW_PREVALENCE,Low birth weight prevalence (%),https://www.who.int/data/gho/data/indicators/indicator-details/GHO/low-birth-weight-prevalence-%28-%29,2016,2016,2016,EMR,Eastern Mediterranean,ARE,United Arab Emirates,,,,13.9,13.9 [12.8-15.2],12.8,15.2
LBW_PREVALENCE,Low birth weight prevalence (%),https://www.who.int/data/gho/data/indicators/indicator-details/GHO/low-birth-weight-prevalence-%28-%29,2017,2017,2017,EMR,Eastern Mediterranean,ARE,United Arab Emirates,,,,13.9,13.9 [12.8-15.1],12.8,15.1
LBW_PREVALENCE,Low birth weight prevalence (%),https://www.who.int/data/gho/data/indicators/indicator-details/GHO/low-birth-weight-prevalence-%28-%29,2018,2018,2018,EMR,Eastern Mediterranean,ARE,United Arab Emirates,,,,13.9,13.9 [12.8-15.1],12.8,15.1
LBW_PREVALENCE,Low birth weight prevalence (%),https://www.who.int/data/gho/data/indicators/indicator-details/GHO/low-birth-weight-prevalence-%28-%29,2019,2019,2019,EMR,Eastern Mediterranean,ARE,United Arab Emirates,,,,13.9,13.9 [12.8-15.2],12.8,15.2
LBW_PREVALENCE,Low birth weight prevalence (%),https://www.who.int/data/gho/data/indicators/indicator-details/GHO/low-birth-weight-prevalence-%28-%29,2020,2020,2020,EMR,Eastern Mediterranean,ARE,United Arab Emirates,,,,13.9,13.9 [12.8-15.2],12.8,15.2
LBW_NUMBER,Low birth weight number (in thousands),https://www.who.int/data/gho/data/indicators/indicator-details/GHO/low-birth-weight-%28in-thousands%29,2000,2000,2000,EMR,Eastern Mediterranean,ARE,United Arab Emirates,,,,6.9,6.9 [5.5-8.6],5.5,8.6
LBW_NUMBER,Low birth weight number (in thousands),https://www.who.int/data/gho/data/indicators/indicator-details/GHO/low-birth-weight-%28in-thousands%29,2001,2001,2001,EMR,Eastern Mediterranean,ARE,United Arab Emirates,,,,7.2,7.2 [5.8-8.9],5.8,8.9
LBW_NUMBER,Low birth weight number (in thousands),https://www.who.int/data/gho/data/indicators/indicator-details/GHO/low-birth-weight-%28in-thousands%29,2002,2002,2002,EMR,Eastern Mediterranean,ARE,United Arab Emirates,,,,7.6,7.6 [6.2-9.3],6.2,9.3
LBW_NUMBER,Low birth weight number (in thousands),https://www.who.int/data/gho/data/indicators/indicator-details/GHO/low-birth-weight-%28in-thousands%29,2003,2003,2003,EMR,Eastern Mediterranean,ARE,United Arab Emirates,,,,8,8.0 [6.6-9.7],6.6,9.7
LBW_NUMBER,Low birth weight number (in thousands),https://www.who.int/data/gho/data/indicators/indicator-details/GHO/low-birth-weight-%28in-thousands%29,2004,2004,2004,EMR,Eastern Mediterranean,ARE,United Arab Emirates,,,,8.2,8.2 [6.8-9.9],6.8,9.9
LBW_NUMBER,Low birth weight number (in thousands),https://www.who.int/data/gho/data/indicators/indicator-details/GHO/low-birth-weight-%28in-thousands%29,2005,2005,2005,EMR,Eastern Mediterranean,ARE,United Arab Emirates,,,,8.2,8.2 [6.9-9.7],6.9,9.7
LBW_NUMBER,Low birth weight number (in thousands),https://www.who.int/data/gho/data/indicators/indicator-details/GHO/low-birth-weight-%28in-thousands%29,2006,2006,2006,EMR,Eastern Mediterranean,ARE,United Arab Emirates,,,,8.6,8.6 [7.3-10.1],7.3,10.1
LBW_NUMBER,Low birth weight number (in thousands),https://www.who.int/data/gho/data/indicators/indicator-details/GHO/low-birth-weight-%28in-thousands%29,2007,2007,2007,EMR,Eastern Mediterranean,ARE,United Arab Emirates,,,,10.1,10.1 [8.7-11.7],8.7,11.7
LBW_NUMBER,Low birth weight number (in thousands),https://www.who.int/data/gho/data/indicators/indicator-details/GHO/low-birth-weight-%28in-thousands%29,2008,2008,2008,EMR,Eastern Mediterranean,ARE,United Arab Emirates,,,,12.2,12.2 [10.6-14.1],10.6,14.1
LBW_NUMBER,Low birth weight number (in thousands),https://www.who.int/data/gho/data/indicators/indicator-details/GHO/low-birth-weight-%28in-thousands%29,2009,2009,2009,EMR,Eastern Mediterranean,ARE,United Arab Emirates,,,,14.4,14.4 [12.6-16.4],12.6,16.4
LBW_NUMBER,Low birth weight number (in thousands),https://www.who.int/data/gho/data/indicators/indicator-details/GHO/low-birth-weight-%28in-thousands%29,2010,2010,2010,EMR,Eastern Mediterranean,ARE,United Arab Emirates,,,,15.9,15.9 [14.1-18.0],14.1,18
LBW_NUMBER,Low birth weight number (in thousands),https://www.who.int/data/gho/data/indicators/indicator-details/GHO/low-birth-weight-%28in-thousands%29,2011,2011,2011,EMR,Eastern Mediterranean,ARE,United Arab Emirates,,,,15.8,15.8 [14.1-17.7],14.1,17.7
LBW_NUMBER,Low birth weight number (in thousands),https://www.who.int/data/gho/data/indicators/indicator-details/GHO/low-birth-weight-%28in-thousands%29,2012,2012,2012,EMR,Eastern Mediterranean,ARE,United Arab Emirates,,,,15.6,15.6 [14.0-17.3],14,17.3
LBW_NUMBER,Low birth weight number (in thousands),https://www.who.int/data/gho/data/indicators/indicator-details/GHO/low-birth-weight-%28in-thousands%29,2013,2013,2013,EMR,Eastern Mediterranean,ARE,United Arab Emirates,,,,15.2,15.2 [13.8-16.8],13.8,16.8
LBW_NUMBER,Low birth weight number (in thousands),https://www.who.int/data/gho/data/indicators/indicator-details/GHO/low-birth-weight-%28in-thousands%29,2014,2014,2014,EMR,Eastern Mediterranean,ARE,United Arab Emirates,,,,14.8,14.8 [13.5-16.2],13.5,16.2
LBW_NUMBER,Low birth weight number (in thousands),https://www.who.int/data/gho/data/indicators/indicator-details/GHO/low-birth-weight-%28in-thousands%29,2015,2015,2015,EMR,Eastern Mediterranean,ARE,United Arab Emirates,,,,14.3,14.3 [13.1-15.6],13.1,15.6
LBW_NUMBER,Low birth weight number (in thousands),https://www.who.int/data/gho/data/indicators/indicator-details/GHO/low-birth-weight-%28in-thousands%29,2016,2016,2016,EMR,Eastern Mediterranean,ARE,United Arab Emirates,,,,13.8,13.8 [12.7-15.0],12.7,15
LBW_NUMBER,Low birth weight number (in thousands),https://www.who.int/data/gho/data/indicators/indicator-details/GHO/low-birth-weight-%28in-thousands%29,2017,2017,2017,EMR,Eastern Mediterranean,ARE,United Arab Emirates,,,,13.4,13.4 [12.4-14.6],12.4,14.6
LBW_NUMBER,Low birth weight number (in thousands),https://www.who.int/data/gho/data/indicators/indicator-details/GHO/low-birth-weight-%28in-thousands%29,2018,2018,2018,EMR,Eastern Mediterranean,ARE,United Arab Emirates,,,,12.8,12.8 [11.8-13.9],11.8,13.9
LBW_NUMBER,Low birth weight number (in thousands),https://www.who.int/data/gho/data/indicators/indicator-details/GHO/low-birth-weight-%28in-thousands%29,2019,2019,2019,EMR,Eastern Mediterranean,ARE,United Arab Emirates,,,,12.5,12.5 [11.5-13.6],11.5,13.6
LBW_NUMBER,Low birth weight number (in thousands),https://www.who.int/data/gho/data/indicators/indicator-details/GHO/low-birth-weight-%28in-thousands%29,2020,2020,2020,EMR,Eastern Mediterranean,ARE,United Arab Emirates,,,,13.8,13.8 [12.6-15.0],12.6,15
NUT_BF_EIBF,"Early Initiation of Breastfeeding, Children born in the last 24 months",https://www.who.int/data/gho/data/indicators/indicator-details/GHO/early-initiation-of-breastfeeding--children-born-in-the-last-24-months,1995,1995,1995,EMR,Eastern Mediterranean,ARE,United Arab Emirates,,,,23.2,23.2,,
NUT_BF_EIBF,"Early Initiation of Breastfeeding, Children born in the last 24 months",https://www.who.int/data/gho/data/indicators/indicator-details/GHO/early-initiation-of-breastfeeding--children-born-in-the-last-24-months,1995,1995,1995,EMR,Eastern Mediterranean,ARE,United Arab Emirates,SEX,SEX_BTSX,Both sexes,23.2,23.2,,
NUT_BF_EIBF,"Early Initiation of Breastfeeding, Children born in the last 24 months",https://www.who.int/data/gho/data/indicators/indicator-details/GHO/early-initiation-of-breastfeeding--children-born-in-the-last-24-months,1995,1995,1995,EMR,Eastern Mediterranean,ARE,United Arab Emirates,WEALTHQUINTILE,WEALTHQUINTILE_TOTL,Total,23.2,23.2,,
NUT_BF_EIBF,"Early Initiation of Breastfeeding, Children born in the last 24 months",https://www.who.int/data/gho/data/indicators/indicator-details/GHO/early-initiation-of-breastfeeding--children-born-in-the-last-24-months,1995,1995,1995,EMR,Eastern Mediterranean,ARE,United Arab Emirates,HOUSEHOLDWEALTH,HOUSEHOLDWEALTH_TOTL,Total,23.2,23.2,,
NUT_BF_EIBF,"Early Initiation of Breastfeeding, Children born in the last 24 months",https://www.who.int/data/gho/data/indicators/indicator-details/GHO/early-initiation-of-breastfeeding--children-born-in-the-last-24-months,1995,1995,1995,EMR,Eastern Mediterranean,ARE,United Arab Emirates,EDUCATIONLEVEL,EDUCATIONLEVEL_TOTL,Total,23.2,23.2,,
NUT_BF_EIBF,"Early Initiation of Breastfeeding, Children born in the last 24 months",https://www.who.int/data/gho/data/indicators/indicator-details/GHO/early-initiation-of-breastfeeding--children-born-in-the-last-24-months,1995,1995,1995,EMR,Eastern Mediterranean,ARE,United Arab Emirates,RESIDENCEAREATYPE,RESIDENCEAREATYPE_TOTL,Total,23.2,23.2,,
NUT_BF_EVBF,Ever breastfed,https://www.who.int/data/gho/data/indicators/indicator-details/GHO/ever-breastfed,1995,1995,1995,EMR,Eastern Mediterranean,ARE,United Arab Emirates,,,,93.2,93.2,,
NUT_BF_EVBF,Ever breastfed,https://www.who.int/data/gho/data/indicators/indicator-details/GHO/ever-breastfed,1995,1995,1995,EMR,Eastern Mediterranean,ARE,United Arab Emirates,SEX,SEX_BTSX,Both sexes,93.2,93.2,,
NUT_BF_EVBF,Ever breastfed,https://www.who.int/data/gho/data/indicators/indicator-details/GHO/ever-breastfed,1995,1995,1995,EMR,Eastern Mediterranean,ARE,United Arab Emirates,WEALTHQUINTILE,WEALTHQUINTILE_TOTL,Total,93.2,93.2,,
NUT_BF_EVBF,Ever breastfed,https://www.who.int/data/gho/data/indicators/indicator-details/GHO/ever-breastfed,1995,1995,1995,EMR,Eastern Mediterranean,ARE,United Arab Emirates,HOUSEHOLDWEALTH,HOUSEHOLDWEALTH_TOTL,Total,93.2,93.2,,
NUT_BF_EVBF,Ever breastfed,https://www.who.int/data/gho/data/indicators/indicator-details/GHO/ever-breastfed,1995,1995,1995,EMR,Eastern Mediterranean,ARE,United Arab Emirates,EDUCATIONLEVEL,EDUCATIONLEVEL_TOTL,Total,93.2,93.2,,
NUT_BF_EVBF,Ever breastfed,https://www.who.int/data/gho/data/indicators/indicator-details/GHO/ever-breastfed,1995,1995,1995,EMR,Eastern Mediterranean,ARE,United Arab Emirates,RESIDENCEAREATYPE,RESIDENCEAREATYPE_TOTL,Total,93.2,93.2,,
NCD_BMI_PLUS2C,"Obesity among children and adolescents, BMI-for-age > +2 standard deviations above the median (crude estimate) (%)",https://www.who.int/data/gho/data/indicators/indicator-details/GHO/prevalence-of-obesity-among-children-and-adolescents-bmi-2-standard-deviations-above-the-median-%28crude-estimate%29-%28-%29,1998,1998,1998,EMR,Eastern Mediterranean,ARE,United Arab Emirates,SEX,SEX_MLE,Male,12.063737,12.1 [5.5-20.8],5.482297,20.771955
NCD_BMI_PLUS1C,"Overweight among children and adolescents, BMI-for-age > +1 standard deviations above the median (crude estimate) (%)",https://www.who.int/data/gho/data/indicators/indicator-details/GHO/prevalence-of-overweight-among-children-and-adolescents-bmi-1-standard-deviations-above-the-median-%28crude-estimate%29-%28-%29,1990,1990,1990,EMR,Eastern Mediterranean,ARE,United Arab Emirates,SEX,SEX_BTSX,Both sexes,25.534636,25.5 [19.8-31.6],19.788364,31.610668
NCD_BMI_PLUS2C,"Obesity among children and adolescents, BMI-for-age > +2 standard deviations above the median (crude estimate) (%)",https://www.who.int/data/gho/data/indicators/indicator-details/GHO/prevalence-of-obesity-among-children-and-adolescents-bmi-2-standard-deviations-above-the-median-%28crude-estimate%29-%28-%29,2019,2019,2019,EMR,Eastern Mediterranean,ARE,United Arab Emirates,SEX,SEX_BTSX,Both sexes,18.481851,18.5 [12.3-25.2],12.25062,25.229353
NCD_BMI_25C,"Overweight among adults, BMI ≥ 25 kg/m2 (crude estimate) (%)",https://www.who.int/data/gho/data/indicators/indicator-details/GHO/prevalence-of-overweight-among-adults-bmi-greaterequal-25-%28crude-estimate%29-%28-%29,2006,2006,2006,EMR,Eastern Mediterranean,ARE,United Arab Emirates,SEX,SEX_BTSX,Both sexes,68.059641,68.1 [65.8-70.3],65.794224,70.319229
NCD_BMI_18A,"Underweight among adults, BMI < 18.5 kg/m2 (age-standardized estimate) (%)",https://www.who.int/data/gho/data/indicators/indicator-details/GHO/prevalence-of-underweight-among-adults-bmi-18-%28age-standardized-estimate%29-%28-%29,2003,2003,2003,EMR,Eastern Mediterranean,ARE,United Arab Emirates,SEX,SEX_MLE,Male,3.4210801,3.4 [2.3-4.8],2.2748237,4.8189383
NCD_BMI_18A,"Underweight among adults, BMI < 18.5 kg/m2 (age-standardized estimate) (%)",https://www.who.int/data/gho/data/indicators/indicator-details/GHO/prevalence-of-underweight-among-adults-bmi-18-%28age-standardized-estimate%29-%28-%29,1990,1990,1990,EMR,Eastern Mediterranean,ARE,United Arab Emirates,SEX,SEX_BTSX,Both sexes,4.5689251,4.6 [2.9-6.7],2.9393714,6.7009032
NCD_BMI_PLUS1C,"Overweight among children and adolescents, BMI-for-age > +1 standard deviations above the median (crude estimate) (%)",https://www.who.int/data/gho/data/indicators/indicator-details/GHO/prevalence-of-overweight-among-children-and-adolescents-bmi-1-standard-deviations-above-the-median-%28crude-estimate%29-%28-%29,2007,2007,2007,EMR,Eastern Mediterranean,ARE,United Arab Emirates,SEX,SEX_MLE,Male,36.200333,36.2 [27.8-45.2],27.781206,45.230132
NCD_BMI_PLUS1C,"Overweight among children and adolescents, BMI-for-age > +1 standard deviations above the median (crude estimate) (%)",https://www.who.int/data/gho/data/indicators/indicator-details/GHO/prevalence-of-overweight-among-children-and-adolescents-bmi-1-standard-deviations-above-the-median-%28crude-estimate%29-%28-%29,2004,2004,2004,EMR,Eastern Mediterranean,ARE,United Arab Emirates,SEX,SEX_MLE,Male,37.990052,38.0 [33.9-42.1],33.948529,42.117426
NCD_BMI_25A,"Overweight among adults, BMI ≥ 25 kg/m2 (age-standardized estimate) (%)",https://www.who.int/data/gho/data/indicators/indicator-details/GHO/prevalence-of-overweight-among-adults-bmi--25-%28age-standardized-estimate%29-%28-%29,2010,2010,2010,EMR,Eastern Mediterranean,ARE,United Arab Emirates,SEX,SEX_BTSX,Both sexes,69.747376,69.7 [67.7-71.8],67.654449,71.798533
NCD_BMI_PLUS2C,"Obesity among children and adolescents, BMI-for-age > +2 standard deviations above the median (crude estimate) (%)",https://www.who.int/data/gho/data/indicators/indicator-details/GHO/prevalence-of-obesity-among-children-and-adolescents-bmi-2-standard-deviations-above-the-median-%28crude-estimate%29-%28-%29,2007,2007,2007,EMR,Eastern Mediterranean,ARE,United Arab Emirates,SEX,SEX_FMLE,Female,12.90068,12.9 [9.5-17.1],9.4618447,17.138849
NCD_BMI_MINUS2C,"Thinness among children and adolescents, BMI-for-age < -2 standard deviations below the median (%)",https://www.who.int/data/gho/data/indicators/indicator-details/GHO/prevalence-of-thinness-among-children-and-adolescents-bmi--2-standard-deviations-below-the-median-%28crude-estimate%29-%28-%29,2016,2016,2016,EMR,Eastern Mediterranean,ARE,United Arab Emirates,SEX,SEX_BTSX,Both sexes,3.9156988,3.9 [3.0-5.0],3.0171452,4.9537759
NCD_BMI_25A,"Overweight among adults, BMI ≥ 25 kg/m2 (age-standardized estimate) (%)",https://www.who.int/data/gho/data/indicators/indicator-details/GHO/prevalence-of-overweight-among-adults-bmi--25-%28age-standardized-estimate%29-%28-%29,2014,2014,2014,EMR,Eastern Mediterranean,ARE,United Arab Emirates,SEX,SEX_FMLE,Female,69.325328,69.3 [66.7-72.0],66.652858,71.962637
NCD_BMI_PLUS1C,"Overweight among children and adolescents, BMI-for-age > +1 standard deviations above the median (crude estimate) (%)",https://www.who.int/data/gho/data/indicators/indicator-details/GHO/prevalence-of-overweight-among-children-and-adolescents-bmi-1-standard-deviations-above-the-median-%28crude-estimate%29-%28-%29,1998,1998,1998,EMR,Eastern Mediterranean,ARE,United Arab Emirates,SEX,SEX_MLE,Male,32.528627,32.5 [26.8-38.4],26.849136,38.370776
NCD_BMI_PLUS2C,"Obesity among children and adolescents, BMI-for-age > +2 standard deviations above the median (crude estimate) (%)",https://www.who.int/data/gho/data/indicators/indicator-details/GHO/prevalence-of-obesity-among-children-and-adolescents-bmi-2-standard-deviations-above-the-median-%28crude-estimate%29-%28-%29,2001,2001,2001,EMR,Eastern Mediterranean,ARE,United Arab Emirates,SEX,SEX_BTSX,Both sexes,12.292891,12.3 [7.6-17.9],7.5771645,17.881721
NUTRITION_ANAEMIA_REPRODUCTIVEAGE_NUM,Number of women of reproductive age (aged 15-49 years) with anaemia (thousands),https://www.who.int/data/gho/data/indicators/indicator-details/GHO/anaemia-in-women-of-reproductive-age-number-%28in-thousands%29,2022,2022,2022,EMR,Eastern Mediterranean,ARE,United Arab Emirates,SEX,SEX_FMLE,Female,16.8,16.8 [8.1-24.6],8.1,24.6
NUTRITION_ANAEMIA_REPRODUCTIVEAGE_PREV,Prevalence of anaemia in women of reproductive age (aged 15-49) (%),https://www.who.int/data/gho/data/indicators/indicator-details/GHO/prevalence-of-anaemia-in-women-of-reproductive-age-%28-%29,2009,2009,2009,EMR,Eastern Mediterranean,ARE,United Arab Emirates,SEX,SEX_FMLE,Female,28.7,28.7 [15.4-40.2],15.4,40.2
NCD_BMI_MINUS2C,"Thinness among children and adolescents, BMI-for-age < -2 standard deviations below the median (%)",https://www.who.int/data/gho/data/indicators/indicator-details/GHO/prevalence-of-thinness-among-children-and-adolescents-bmi--2-standard-deviations-below-the-median-%28crude-estimate%29-%28-%29,2005,2005,2005,EMR,Eastern Mediterranean,ARE,United Arab Emirates,SEX,SEX_MLE,Male,3.3043686,3.3 [1.2-7.0],1.2496801,7.0211023
NCD_BMI_PLUS1C,"Overweight among children and adolescents, BMI-for-age > +1 standard deviations above the median (crude estimate) (%)",https://www.who.int/data/gho/data/indicators/indicator-details/GHO/prevalence-of-overweight-among-children-and-adolescents-bmi-1-standard-deviations-above-the-median-%28crude-estimate%29-%28-%29,2004,2004,2004,EMR,Eastern Mediterranean,ARE,United Arab Emirates,SEX,SEX_FMLE,Female,32.385561,32.4 [24.3-41.0],24.306348,41.015685
NCD_BMI_MINUS2C,"Thinness among children and adolescents, BMI-for-age < -2 standard deviations below the median (%)",https://www.who.int/data/gho/data/indicators/indicator-details/GHO/prevalence-of-thinness-among-children-and-adolescents-bmi--2-standard-deviations-below-the-median-%28crude-estimate%29-%28-%29,2008,2008,2008,EMR,Eastern Mediterranean,ARE,United Arab Emirates,SEX,SEX_MLE,Male,4.25479,4.3 [2.9-6.1],2.8991859,6.0677882
NCD_BMI_MINUS2C,"Thinness among children and adolescents, BMI-for-age < -2 standard deviations below the median (%)",https://www.who.int/data/gho/data/indicators/indicator-details/GHO/prevalence-of-thinness-among-children-and-adolescents-bmi--2-standard-deviations-below-the-median-%28crude-estimate%29-%28-%29,1997,1997,1997,EMR,Eastern Mediterranean,ARE,United Arab Emirates,SEX,SEX_FMLE,Female,3.7621018,3.8 [2.0-6.3],2.0068176,6.3320674
NCD_BMI_30A,"Obesity among adults, BMI ≥ 30 kg/m2 (age-standardized estimate) (%)",https://www.who.int/data/gho/data/indicators/indicator-details/GHO/prevalence-of-obesity-among-adults-bmi--30-%28age-standardized-estimate%29-%28-%29,2021,2021,2021,EMR,Eastern Mediterranean,ARE,United Arab Emirates,SEX,SEX_FMLE,Female,38.795927,38.8 [34.4-43.3],34.367156,43.257362
NCD_BMI_25A,"Overweight among adults, BMI ≥ 25 kg/m2 (age-standardized estimate) (%)",https://www.who.int/data/gho/data/indicators/indicator-details/GHO/prevalence-of-overweight-among-adults-bmi--25-%28age-standardized-estimate%29-%28-%29,1999,1999,1999,EMR,Eastern Mediterranean,ARE,United Arab Emirates,SEX,SEX_FMLE,Female,65.597665,65.6 [62.6-68.6],62.550449,68.575996
NCD_BMI_25A,"Overweight among adults, BMI ≥ 25 kg/m2 (age-standardized estimate) (%)",https://www.who.int/data/gho/data/indicators/indicator-details/GHO/prevalence-of-overweight-among-adults-bmi--25-%28age-standardized-estimate%29-%28-%29,2022,2022,2022,EMR,Eastern Mediterranean,ARE,United Arab Emirates,SEX,SEX_BTSX,Both sexes,70.392454,70.4 [66.7-73.8],66.74583,73.832273
NCD_BMI_18A,"Underweight among adults, BMI < 18.5 kg/m2 (age-standardized estimate) (%)",https://www.who.int/data/gho/data/indicators/indicator-details/GHO/prevalence-of-underweight-among-adults-bmi-18-%28age-standardized-estimate%29-%28-%29,1994,1994,1994,EMR,Eastern Mediterranean,ARE,United Arab Emirates,SEX,SEX_BTSX,Both sexes,4.0326469,4.0 [2.8-5.6],2.767344,5.6082942
NUTRITION_ANAEMIA_CHILDREN_PREV,Prevalence of anaemia in children aged 6-59 months (%),https://www.who.int/data/gho/data/indicators/indicator-details/GHO/anaemia-in-non-pregnant-women-number-%28in-thousands%29,2006,2006,2006,EMR,Eastern Mediterranean,ARE,United Arab Emirates,SEVERITY,SEVERITY_MILD,Mild,13.8,13.8 [6.7-24.6],6.7,24.6
NCD_BMI_30C,"Obesity among adults, BMI ≥ 30 kg/m2 (crude estimate) (%)",https://www.who.int/data/gho/data/indicators/indicator-details/GHO/prevalence-of-obesity-among-adults-bmi--30-%28crude-estimate%29-%28-%29,1999,1999,1999,EMR,Eastern Mediterranean,ARE,United Arab Emirates,SEX,SEX_BTSX,Both sexes,23.845853,23.8 [21.5-26.3],21.515661,26.321882
NCD_BMI_25C,"Overweight among adults, BMI ≥ 25 kg/m2 (crude estimate) (%)",https://www.who.int/data/gho/data/indicators/indicator-details/GHO/prevalence-of-overweight-among-adults-bmi-greaterequal-25-%28crude-estimate%29-%28-%29,2019,2019,2019,EMR,Eastern Mediterranean,ARE,United Arab Emirates,SEX,SEX_BTSX,Both sexes,70.232123,70.2 [67.4-73.0],67.400181,72.978359
NCD_BMI_PLUS2C,"Obesity among children and adolescents, BMI-for-age > +2 standard deviations above the median (crude estimate) (%)",https://www.who.int/data/gho/data/indicators/indicator-details/GHO/prevalence-of-obesity-among-children-and-adolescents-bmi-2-standard-deviations-above-the-median-%28crude-estimate%29-%28-%29,2013,2013,2013,EMR,Eastern Mediterranean,ARE,United Arab Emirates,SEX,SEX_BTSX,Both sexes,16.573688,16.6 [11.2-22.7],11.240378,22.683865
NCD_BMI_18A,"Underweight among adults, BMI < 18.5 kg/m2 (age-standardized estimate) (%)",https://www.who.int/data/gho/data/indicators/indicator-details/GHO/prevalence-of-underweight-among-adults-bmi-18-%28age-standardized-estimate%29-%28-%29,2007,2007,2007,EMR,Eastern Mediterranean,ARE,United Arab Emirates,SEX,SEX_MLE,Male,3.1060001,3.1 [2.1-4.3],2.0957991,4.3249298
NUTRITION_ANAEMIA_REPRODUCTIVEAGE_NUM,Number of women of reproductive age (aged 15-49 years) with anaemia (thousands),https://www.who.int/data/gho/data/indicators/indicator-details/GHO/anaemia-in-women-of-reproductive-age-number-%28in-thousands%29,2021,2021,2021,EMR,Eastern Mediterranean,ARE,United Arab Emirates,SEX,SEX_FMLE,Female,644.6,644.6 [277.2-1190.5],277.2,1190.5
NCD_BMI_30C,"Obesity among adults, BMI ≥ 30 kg/m2 (crude estimate) (%)",https://www.who.int/data/gho/data/indicators/indicator-details/GHO/prevalence-of-obesity-among-adults-bmi--30-%28crude-estimate%29-%28-%29,1999,1999,1999,EMR,Eastern Mediterranean,ARE,United Arab Emirates,SEX,SEX_MLE,Male,20.880145,20.9 [17.9-24.0],17.910112,24.033435
NUTRITION_ANAEMIA_CHILDREN_PREV,Prevalence of anaemia in children aged 6-59 months (%),https://www.who.int/data/gho/data/indicators/indicator-details/GHO/anaemia-in-non-pregnant-women-number-%28in-thousands%29,2003,2003,2003,EMR,Eastern Mediterranean,ARE,United Arab Emirates,SEX,SEX_BTSX,Both sexes,19.1,19.1 [8.6-36.1],8.6,36.1
NCD_BMI_30A,"Obesity among adults, BMI ≥ 30 kg/m2 (age-standardized estimate) (%)",https://www.who.int/data/gho/data/indicators/indicator-details/GHO/prevalence-of-obesity-among-adults-bmi--30-%28age-standardized-estimate%29-%28-%29,1998,1998,1998,EMR,Eastern Mediterranean,ARE,United Arab Emirates,SEX,SEX_FMLE,Female,35.303539,35.3 [32.0-38.6],32.038793,38.566363
NCD_BMI_MINUS2C,"Thinness among children and adolescents, BMI-for-age < -2 standard deviations below the median (%)",https://www.who.int/data/gho/data/indicators/indicator-details/GHO/prevalence-of-thinness-among-children-and-adolescents-bmi--2-standard-deviations-below-the-median-%28crude-estimate%29-%28-%29,2020,2020,2020,EMR,Eastern Mediterranean,ARE,United Arab Emirates,SEX,SEX_BTSX,Both sexes,4.0104855,4.0 [2.7-5.6],2.7365157,5.5699896
NUTRITION_ANAEMIA_REPRODUCTIVEAGE_NUM,Number of women of reproductive age (aged 15-49 years) with anaemia (thousands),https://www.who.int/data/gho/data/indicators/indicator-details/GHO/anaemia-in-women-of-reproductive-age-number-%28in-thousands%29,2002,2002,2002,EMR,Eastern Mediterranean,ARE,United Arab Emirates,SEX,SEX_FMLE,Female,220.4,220.4 [104.6-388.6],104.6,388.6
NCD_BMI_PLUS1C,"Overweight among children and adolescents, BMI-for-age > +1 standard deviations above the median (crude estimate) (%)",https://www.who.int/data/gho/data/indicators/indicator-details/GHO/prevalence-of-overweight-among-children-and-adolescents-bmi-1-standard-deviations-above-the-median-%28crude-estimate%29-%28-%29,2021,2021,2021,EMR,Eastern Mediterranean,ARE,United Arab Emirates,SEX,SEX_BTSX,Both sexes,41.310862,41.3 [33.9-48.8],33.889773,48.764929
NCD_BMI_PLUS2C,"Obesity among children and adolescents, BMI-for-age > +2 standard deviations above the median (crude estimate) (%)",https://www.who.int/data/gho/data/indicators/indicator-details/GHO/prevalence-of-obesity-among-children-and-adolescents-bmi-2-standard-deviations-above-the-median-%28crude-estimate%29-%28-%29,2006,2006,2006,EMR,Eastern Mediterranean,ARE,United Arab Emirates,SEX,SEX_FMLE,Female,12.2986,12.3 [6.5-19.8],6.4996839,19.81487
NCD_BMI_PLUS1C,"Overweight among children and adolescents, BMI-for-age > +1 standard deviations above the median (crude estimate) (%)",https://www.who.int/data/gho/data/indicators/indicator-details/GHO/prevalence-of-overweight-among-children-and-adolescents-bmi-1-standard-deviations-above-the-median-%28crude-estimate%29-%28-%29,1996,1996,1996,EMR,Eastern Mediterranean,ARE,United Arab Emirates,SEX,SEX_BTSX,Both sexes,28.739473,28.7 [24.2-33.4],24.210259,33.353081
NCD_BMI_18C,"Underweight among adults, BMI < 18.5 kg/m2 (crude estimate) (%)",https://www.who.int/data/gho/data/indicators/indicator-details/GHO/prevalence-of-underweight-among-adults-bmi-18-%28crude-estimate%29-%28-%29,2006,2006,2006,EMR,Eastern Mediterranean,ARE,United Arab Emirates,SEX,SEX_BTSX,Both sexes,2.7333677,2.7 [2.0-3.6],2.0129841,3.6371645
NCD_BMI_PLUS2C,"Obesity among children and adolescents, BMI-for-age > +2 standard deviations above the median (crude estimate) (%)",https://www.who.int/data/gho/data/indicators/indicator-details/GHO/prevalence-of-obesity-among-children-and-adolescents-bmi-2-standard-deviations-above-the-median-%28crude-estimate%29-%28-%29,1993,1993,1993,EMR,Eastern Mediterranean,ARE,United Arab Emirates,SEX,SEX_MLE,Male,11.038724,11.0 [5.8-17.5],5.8212016,17.503393
NCD_BMI_PLUS2C,"Obesity among children and adolescents, BMI-for-age > +2 standard deviations above the median (crude estimate) (%)",https://www.who.int/data/gho/data/indicators/indicator-details/GHO/prevalence-of-obesity-among-children-and-adolescents-bmi-2-standard-deviations-above-the-median-%28crude-estimate%29-%28-%29,2013,2013,2013,EMR,Eastern Mediterranean,ARE,United Arab Emirates,SEX,SEX_MLE,Male,19.025019,19.0 [10.9-28.4],10.911868,28.401124
NCD_BMI_PLUS1C,"Overweight among children and adolescents, BMI-for-age > +1 standard deviations above the median (crude estimate) (%)",https://www.who.int/data/gho/data/indicators/indicator-details/GHO/prevalence-of-overweight-among-children-and-adolescents-bmi-1-standard-deviations-above-the-median-%28crude-estimate%29-%28-%29,2021,2021,2021,EMR,Eastern Mediterranean,ARE,United Arab Emirates,SEX,SEX_FMLE,Female,39.970326,40.0 [33.9-46.1],33.889079,46.050277
NCD_BMI_PLUS1C,"Overweight among children and adolescents, BMI-for-age > +1 standard deviations above the median (crude estimate) (%)",https://www.who.int/data/gho/data/indicators/indicator-details/GHO/prevalence-of-overweight-among-children-and-adolescents-bmi-1-standard-deviations-above-the-median-%28crude-estimate%29-%28-%29,2002,2002,2002,EMR,Eastern Mediterranean,ARE,United Arab Emirates,SEX,SEX_FMLE,Female,31.222755,31.2 [23.0-40.0],23.04197,40.003765
NCD_BMI_18C,"Underweight among adults, BMI < 18.5 kg/m2 (crude estimate) (%)",https://www.who.int/data/gho/data/indicators/indicator-details/GHO/prevalence-of-underweight-among-adults-bmi-18-%28crude-estimate%29-%28-%29,1997,1997,1997,EMR,Eastern Mediterranean,ARE,United Arab Emirates,SEX,SEX_FMLE,Female,3.257655,3.3 [2.1-4.7],2.1333853,4.7037397
NCD_BMI_PLUS2C,"Obesity among children and adolescents, BMI-for-age > +2 standard deviations above the median (crude estimate) (%)",https://www.who.int/data/gho/data/indicators/indicator-details/GHO/prevalence-of-obesity-among-children-and-adolescents-bmi-2-standard-deviations-above-the-median-%28crude-estimate%29-%28-%29,2018,2018,2018,EMR,Eastern Mediterranean,ARE,United Arab Emirates,SEX,SEX_MLE,Male,20.702831,20.7 [11.8-31.1],11.759634,31.146938
NCD_BMI_MINUS2C,"Thinness among children and adolescents, BMI-for-age < -2 standard deviations below the median (%)",https://www.who.int/data/gho/data/indicators/indicator-details/GHO/prevalence-of-thinness-among-children-and-adolescents-bmi--2-standard-deviations-below-the-median-%28crude-estimate%29-%28-%29,2017,2017,2017,EMR,Eastern Mediterranean,ARE,United Arab Emirates,SEX,SEX_FMLE,Female,2.9469183,2.9 [1.7-4.8],1.7140668,4.7664102
NCD_BMI_MINUS2C,"Thinness among children and adolescents, BMI-for-age < -2 standard deviations below the median (%)",https://www.who.int/data/gho/data/indicators/indicator-details/GHO/prevalence-of-thinness-among-children-and-adolescents-bmi--2-standard-deviations-below-the-median-%28crude-estimate%29-%28-%29,2016,2016,2016,EMR,Eastern Mediterranean,ARE,United Arab Emirates,SEX,SEX_BTSX,Both sexes,3.5826989,3.6 [2.6-4.9],2.5799435,4.8891544
NCD_BMI_PLUS1C,"Overweight among children and adolescents, BMI-for-age > +1 standard deviations above the median (crude estimate) (%)",https://www.who.int/data/gho/data/indicators/indicator-details/GHO/prevalence-of-overweight-among-children-and-adolescents-bmi-1-standard-deviations-above-the-median-%28crude-estimate%29-%28-%29,2014,2014,2014,EMR,Eastern Mediterranean,ARE,United Arab Emirates,SEX,SEX_FMLE,Female,36.578321,36.6 [27.9-45.5],27.863243,45.532012
NCD_BMI_18C,"Underweight among adults, BMI < 18.5 kg/m2 (crude estimate) (%)",https://www.who.int/data/gho/data/indicators/indicator-details/GHO/prevalence-of-underweight-among-adults-bmi-18-%28crude-estimate%29-%28-%29,2010,2010,2010,EMR,Eastern Mediterranean,ARE,United Arab Emirates,SEX,SEX_MLE,Male,2.5775317,2.6 [1.7-3.7],1.6961295,3.6620416
NCD_BMI_PLUS2C,"Obesity among children and adolescents, BMI-for-age > +2 standard deviations above the median (crude estimate) (%)",https://www.who.int/data/gho/data/indicators/indicator-details/GHO/prevalence-of-obesity-among-children-and-adolescents-bmi-2-standard-deviations-above-the-median-%28crude-estimate%29-%28-%29,2015,2015,2015,EMR,Eastern Mediterranean,ARE,United Arab Emirates,SEX,SEX_FMLE,Female,14.663513,14.7 [8.0-23.0],7.9573132,23.011899
NUTRITION_ANAEMIA_CHILDREN_NUM,Number of children aged 6-59 months with anaemia (thousands),https://www.who.int/data/gho/data/indicators/indicator-details/GHO/anaemia-in-children-under-5-years-number,2009,2009,2009,EMR,Eastern Mediterranean,ARE,United Arab Emirates,SEVERITY,SEVERITY_TOTAL,Total,81.6,81.6 [36.7-149],36.7,149
NCD_BMI_30A,"Obesity among adults, BMI ≥ 30 kg/m2 (age-standardized estimate) (%)",https://www.who.int/data/gho/data/indicators/indicator-details/GHO/prevalence-of-obesity-among-adults-bmi--30-%28age-standardized-estimate%29-%28-%29,2011,2011,2011,EMR,Eastern Mediterranean,ARE,United Arab Emirates,SEX,SEX_BTSX,Both sexes,30.966508,31.0 [28.8-33.1],28.807953,33.125174
NUTRITION_ANAEMIA_REPRODUCTIVEAGE_NUM,Number of women of reproductive age (aged 15-49 years) with anaemia (thousands),https://www.who.int/data/gho/data/indicators/indicator-details/GHO/anaemia-in-women-of-reproductive-age-number-%28in-thousands%29,2004,2004,2004,EMR,Eastern Mediterranean,ARE,United Arab Emirates,SEX,SEX_FMLE,Female,12.1,12.1 [6.6-16.8],6.6,16.8
NCD_BMI_PLUS2C,"Obesity among children and adolescents, BMI-for-age > +2 standard deviations above the median (crude estimate) (%)",https://www.who.int/data/gho/data/indicators/indicator-details/GHO/prevalence-of-obesity-among-children-and-adolescents-bmi-2-standard-deviations-above-the-median-%28crude-estimate%29-%28-%29,1994,1994,1994,EMR,Eastern Mediterranean,ARE,United Arab Emirates,SEX,SEX_FMLE,Female,8.6061105,8.6 [4.5-14.2],4.4844031,14.176869
NCD_BMI_MINUS2C,"Thinness among children and adolescents, BMI-for-age < -2 standard deviations below the median (%)",https://www.who.int/data/gho/data/indicators/indicator-details/GHO/prevalence-of-thinness-among-children-and-adolescents-bmi--2-standard-deviations-below-the-median-%28crude-estimate%29-%28-%29,2020,2020,2020,EMR,Eastern Mediterranean,ARE,United Arab Emirates,SEX,SEX_BTSX,Both sexes,3.1033671,3.1 [1.5-5.6],1.4789323,5.6096785
NCD_BMI_25C,"Overweight among adults, BMI ≥ 25 kg/m2 (crude estimate) (%)",https://www.who.int/data/gho/data/indicators/indicator-details/GHO/prevalence-of-overweight-among-adults-bmi-greaterequal-25-%28crude-estimate%29-%28-%29,1997,1997,1997,EMR,Eastern Mediterranean,ARE,United Arab Emirates,SEX,SEX_FMLE,Female,60.306978,60.3 [56.7-63.9],56.708544,63.910502
NCD_BMI_PLUS1C,"Overweight among children and adolescents, BMI-for-age > +1 standard deviations above the median (crude estimate) (%)",https://www.who.int/data/gho/data/indicators/indicator-details/GHO/prevalence-of-overweight-among-children-and-adolescents-bmi-1-standard-deviations-above-the-median-%28crude-estimate%29-%28-%29,1996,1996,1996,EMR,Eastern Mediterranean,ARE,United Arab Emirates,SEX,SEX_FMLE,Female,27.680966,27.7 [22.3-33.3],22.348207,33.338138
NCD_BMI_18A,"Underweight among adults, BMI < 18.5 kg/m2 (age-standardized estimate) (%)",https://www.who.int/data/gho/data/indicators/indicator-details/GHO/prevalence-of-underweight-among-adults-bmi-18-%28age-standardized-estimate%29-%28-%29,2010,2010,2010,EMR,Eastern Mediterranean,ARE,United Arab Emirates,SEX,SEX_BTSX,Both sexes,2.773641,2.8 [2.1-3.6],2.0797359,3.5995726
NUTRITION_ANAEMIA_CHILDREN_PREV,Prevalence of anaemia in children aged 6-59 months (%),https://www.who.int/data/gho/data/indicators/indicator-details/GHO/anaemia-in-non-pregnant-women-number-%28in-thousands%29,2013,2013,2013,EMR,Eastern Mediterranean,ARE,United Arab Emirates,SEVERITY,SEVERITY_MODERATE,Moderate,4.7,4.7 [1.5-12.5],1.5,12.5
NCD_BMI_PLUS2C,"Obesity among children and adolescents, BMI-for-age > +2 standard deviations above the median (crude estimate) (%)",https://www.who.int/data/gho/data/indicators/indicator-details/GHO/prevalence-of-obesity-among-children-and-adolescents-bmi-2-standard-deviations-above-the-median-%28crude-estimate%29-%28-%29,1990,1990,1990,EMR,Eastern Mediterranean,ARE,United Arab Emirates,SEX,SEX_MLE,Male,9.4468541,9.4 [4.1-16.8],4.1094936,16.822298
NCD_BMI_PLUS2C,"Obesity among children and adolescents, BMI-for-age > +2 standard deviations above the median (crude estimate) (%)",https://www.who.int/data/gho/data/indicators/indicator-details/GHO/prevalence-of-obesity-among-children-and-adolescents-bmi-2-standard-deviations-above-the-median-%28crude-estimate%29-%28-%29,2020,2020,2020,EMR,Eastern Mediterranean,ARE,United Arab Emirates,SEX,SEX_FMLE,Female,16.115873,16.1 [8.4-25.6],8.3585322,25.625962
NCD_BMI_PLUS2C,"Obesity among children and adolescents, BMI-for-age > +2 standard deviations above the median (crude estimate) (%)",https://www.who.int/data/gho/data/indicators/indicator-details/GHO/prevalence-of-obesity-among-children-and-adolescents-bmi-2-standard-deviations-above-the-median-%28crude-estimate%29-%28-%29,2005,2005,2005,EMR,Eastern Mediterranean,ARE,United Arab Emirates,SEX,SEX_FMLE,Female,12.557814,12.6 [9.7-15.7],9.7393848,15.682988
NCD_BMI_PLUS1C,"Overweight among children and adolescents, BMI-for-age > +1 standard deviations above the median (crude estimate) (%)",https://www.who.int/data/gho/data/indicators/indicator-details/GHO/prevalence-of-overweight-among-children-and-adolescents-bmi-1-standard-deviations-above-the-median-%28crude-estimate%29-%28-%29,1997,1997,1997,EMR,Eastern Mediterranean,ARE,United Arab Emirates,SEX,SEX_MLE,Male,30.571181,30.6 [24.4-37.0],24.377704,36.978841
NCD_BMI_PLUS1C,"Overweight among children and adolescents, BMI-for-age > +1 standard deviations above the median (crude estimate) (%)",https://www.who.int/data/gho/data/indicators/indicator-details/GHO/prevalence-of-overweight-among-children-and-adolescents-bmi-1-standard-deviations-above-the-median-%28crude-estimate%29-%28-%29,2016,2016,2016,EMR,Eastern Mediterranean,ARE,United Arab Emirates,SEX,SEX_FMLE,Female,38.028306,38.0 [34.3-41.8],34.328187,41.763893
NUTRITION_ANAEMIA_CHILDREN_PREV,Prevalence of anaemia in children aged 6-59 months (%),https://www.who.int/data/gho/data/indicators/indicator-details/GHO/anaemia-in-non-pregnant-women-number-%28in-thousands%29,2000,2000,2000,EMR,Eastern Mediterranean,ARE,United Arab Emirates,SEVERITY,SEVERITY_SEVERE,Severe,0.2,0.2 [0.0-0.8],0,0.8
NCD_BMI_30A,"Obesity among adults, BMI ≥ 30 kg/m2 (age-standardized estimate) (%)",https://www.who.int/data/gho/data/indicators/indicator-details/GHO/prevalence-of-obesity-among-adults-bmi--30-%28age-standardized-estimate%29-%28-%29,2003,2003,2003,EMR,Eastern Mediterranean,ARE,United Arab Emirates,SEX,SEX_MLE,Male,23.449062,23.4 [20.6-26.4],20.57431,26.446086
NCD_BMI_30A,"Obesity among adults, BMI ≥ 30 kg/m2 (age-standardized estimate) (%)",https://www.who.int/data/gho/data/indicators/indicator-details/GHO/prevalence-of-obesity-among-adults-bmi--30-%28age-standardized-estimate%29-%28-%29,2001,2001,2001,EMR,Eastern Mediterranean,ARE,United Arab Emirates,SEX,SEX_MLE,Male,22.15094,22.2 [19.3-25.2],19.335854,25.155789
NCD_BMI_25C,"Overweight among adults, BMI ≥ 25 kg/m2 (crude estimate) (%)",https://www.who.int/data/gho/data/indicators/indicator-details/GHO/prevalence-of-overweight-among-adults-bmi-greaterequal-25-%28crude-estimate%29-%28-%29,1994,1994,1994,EMR,Eastern Mediterranean,ARE,United Arab Emirates,SEX,SEX_BTSX,Both sexes,58.128417,58.1 [54.5-61.8],54.53645,61.778206
NCD_BMI_25C,"Overweight among adults, BMI ≥ 25 kg/m2 (crude estimate) (%)",https://www.who.int/data/gho/data/indicators/indicator-details/GHO/prevalence-of-overweight-among-adults-bmi-greaterequal-25-%28crude-estimate%29-%28-%29,1994,1994,1994,EMR,Eastern Mediterranean,ARE,United Arab Emirates,SEX,SEX_MLE,Male,58.049732,58.0 [53.5-62.6],53.456974,62.595487
NCD_BMI_MINUS2C,"Thinness among children and adolescents, BMI-for-age < -2 standard deviations below the median (%)",https://www.who.int/data/gho/data/indicators/indicator-details/GHO/prevalence-of-thinness-among-children-and-adolescents-bmi--2-standard-deviations-below-the-median-%28crude-estimate%29-%28-%29,2021,2021,2021,EMR,Eastern Mediterranean,ARE,United Arab Emirates,SEX,SEX_FMLE,Female,2.8927175,2.9 [0.9-6.4],0.92794802,6.3847214
NUTRITION_ANAEMIA_CHILDREN_PREV,Prevalence of anaemia in children aged 6-59 months (%),https://www.who.int/data/gho/data/indicators/indicator-details/GHO/anaemia-in-non-pregnant-women-number-%28in-thousands%29,2017,2017,2017,EMR,Eastern Mediterranean,ARE,United Arab Emirates,SEVERITY,SEVERITY_MILD,Mild,14.8,14.8 [6.5-26.1],6.5,26.1
NCD_BMI_PLUS2C,"Obesity among children and adolescents, BMI-for-age > +2 standard deviations above the median (crude estimate) (%)",https://www.who.int/data/gho/data/indicators/indicator-details/GHO/prevalence-of-obesity-among-children-and-adolescents-bmi-2-standard-deviations-above-the-median-%28crude-estimate%29-%28-%29,1997,1997,1997,EMR,Eastern Mediterranean,ARE,United Arab Emirates,SEX,SEX_BTSX,Both sexes,10.539576,10.5 [5.9-16.3],5.8779962,16.29903
NCD_BMI_30A,"Obesity among adults, BMI ≥ 30 kg/m2 (age-standardized estimate) (%)",https://www.who.int/data/gho/data/indicators/indicator-details/GHO/prevalence-of-obesity-among-adults-bmi--30-%28age-standardized-estimate%29-%28-%29,1992,1992,1992,EMR,Eastern Mediterranean,ARE,United Arab Emirates,SEX,SEX_BTSX,Both sexes,19.933303,19.9 [17.3-22.9],17.275777,22.923401
NCD_BMI_MINUS2C,"Thinness among children and adolescents, BMI-for-age < -2 standard deviations below the median (%)",https://www.who.int/data/gho/data/indicators/indicator-details/GHO/prevalence-of-thinness-among-children-and-adolescents-bmi--2-standard-deviations-below-the-median-%28crude-estimate%29-%28-%29,2005,2005,2005,EMR,Eastern Mediterranean,ARE,United Arab Emirates,SEX,SEX_MLE,Male,5.005274,5.0 [3.5-6.8],3.4985967,6.7966998
NCD_BMI_MINUS2C,"Thinness among children and adolescents, BMI-for-age < -2 standard deviations below the median (%)",https://www.who.int/data/gho/data/indicators/indicator-details/GHO/prevalence-of-thinness-among-children-and-adolescents-bmi--2-standard-deviations-below-the-median-%28crude-estimate%29-%28-%29,1995,1995,1995,EMR,Eastern Mediterranean,ARE,United Arab Emirates,SEX,SEX_BTSX,Both sexes,4.6667907,4.7 [3.0-6.8],3.0347209,6.7873679
NCD_BMI_25C,"Overweight among adults, BMI ≥ 25 kg/m2 (crude estimate) (%)",https://www.who.int/data/gho/data/indicators/indicator-details/GHO/prevalence-of-overweight-among-adults-bmi-greaterequal-25-%28crude-estimate%29-%28-%29,1999,1999,1999,EMR,Eastern Mediterranean,ARE,United Arab Emirates,SEX,SEX_MLE,Male,62.512952,62.5 [59.0-66.0],58.979744,65.995824
NUTRITION_ANAEMIA_REPRODUCTIVEAGE_PREV,Prevalence of anaemia in women of reproductive age (aged 15-49) (%),https://www.who.int/data/gho/data/indicators/indicator-details/GHO/prevalence-of-anaemia-in-women-of-reproductive-age-%28-%29,2000,2000,2000,EMR,Eastern Mediterranean,ARE,United Arab Emirates,SEX,SEX_FMLE,Female,29.6,29.6 [16.0-40.9],16,40.9
NCD_BMI_PLUS1C,"Overweight among children and adolescents, BMI-for-age > +1 standard deviations above the median (crude estimate) (%)",https://www.who.int/data/gho/data/indicators/indicator-details/GHO/prevalence-of-overweight-among-children-and-adolescents-bmi-1-standard-deviations-above-the-median-%28crude-estimate%29-%28-%29,2020,2020,2020,EMR,Eastern Mediterranean,ARE,United Arab Emirates,SEX,SEX_BTSX,Both sexes,40.954915,41.0 [33.8-48.2],33.76154,48.168817
NUTRITION_ANAEMIA_CHILDREN_PREV,Prevalence of anaemia in children aged 6-59 months (%),https://www.who.int/data/gho/data/indicators/indicator-details/GHO/anaemia-in-non-pregnant-women-number-%28in-thousands%29,2001,2001,2001,EMR,Eastern Mediterranean,ARE,United Arab Emirates,SEVERITY,SEVERITY_MODERATE,Moderate,5.4,5.4 [1.6-14.5],1.6,14.5
NCD_BMI_PLUS1C,"Overweight among children and adolescents, BMI-for-age > +1 standard deviations above the median (crude estimate) (%)",https://www.who.int/data/gho/data/indicators/indicator-details/GHO/prevalence-of-overweight-among-children-and-adolescents-bmi-1-standard-deviations-above-the-median-%28crude-estimate%29-%28-%29,2020,2020,2020,EMR,Eastern Mediterranean,ARE,United Arab Emirates,SEX,SEX_MLE,Male,45.936972,45.9 [39.4-52.5],39.428452,52.494466
NCD_BMI_18C,"Underweight among adults, BMI < 18.5 kg/m2 (crude estimate) (%)",https://www.who.int/data/gho/data/indicators/indicator-details/GHO/prevalence-of-underweight-among-adults-bmi-18-%28crude-estimate%29-%28-%29,2000,2000,2000,EMR,Eastern Mediterranean,ARE,United Arab Emirates,SEX,SEX_FMLE,Female,3.112188,3.1 [2.1-4.4],2.1317456,4.3630961
NCD_BMI_PLUS1C,"Overweight among children and adolescents, BMI-for-age > +1 standard deviations above the median (crude estimate) (%)",https://www.who.int/data/gho/data/indicators/indicator-details/GHO/prevalence-of-overweight-among-children-and-adolescents-bmi-1-standard-deviations-above-the-median-%28crude-estimate%29-%28-%29,2015,2015,2015,EMR,Eastern Mediterranean,ARE,United Arab Emirates,SEX,SEX_FMLE,Female,37.356693,37.4 [32.5-42.2],32.543138,42.203835
NCD_BMI_MINUS2C,"Thinness among children and adolescents, BMI-for-age < -2 standard deviations below the median (%)",https://www.who.int/data/gho/data/indicators/indicator-details/GHO/prevalence-of-thinness-among-children-and-adolescents-bmi--2-standard-deviations-below-the-median-%28crude-estimate%29-%28-%29,1996,1996,1996,EMR,Eastern Mediterranean,ARE,United Arab Emirates,SEX,SEX_FMLE,Female,3.9794963,4.0 [2.3-6.4],2.2519089,6.3641787
NCD_BMI_PLUS2C,"Obesity among children and adolescents, BMI-for-age > +2 standard deviations above the median (crude estimate) (%)",https://www.who.int/data/gho/data/indicators/indicator-details/GHO/prevalence-of-obesity-among-children-and-adolescents-bmi-2-standard-deviations-above-the-median-%28crude-estimate%29-%28-%29,2002,2002,2002,EMR,Eastern Mediterranean,ARE,United Arab Emirates,SEX,SEX_BTSX,Both sexes,13.910054,13.9 [11.0-17.1],11.049698,17.062461
NCD_BMI_PLUS2C,"Obesity among children and adolescents, BMI-for-age > +2 standard deviations above the median (crude estimate) (%)",https://www.who.int/data/gho/data/indicators/indicator-details/GHO/prevalence-of-obesity-among-children-and-adolescents-bmi-2-standard-deviations-above-the-median-%28crude-estimate%29-%28-%29,1999,1999,1999,EMR,Eastern Mediterranean,ARE,United Arab Emirates,SEX,SEX_BTSX,Both sexes,12.913692,12.9 [9.9-16.3],9.8730244,16.324812
NCD_BMI_PLUS1C,"Overweight among children and adolescents, BMI-for-age > +1 standard deviations above the median (crude estimate) (%)",https://www.who.int/data/gho/data/indicators/indicator-details/GHO/prevalence-of-overweight-among-children-and-adolescents-bmi-1-standard-deviations-above-the-median-%28crude-estimate%29-%28-%29,2022,2022,2022,EMR,Eastern Mediterranean,ARE,United Arab Emirates,SEX,SEX_FMLE,Female,40.065753,40.1 [32.6-47.5],32.590315,47.525007
NUTRITION_ANAEMIA_REPRODUCTIVEAGE_PREV,Prevalence of anaemia in women of reproductive age (aged 15-49) (%),https://www.who.int/data/gho/data/indicators/indicator-details/GHO/prevalence-of-anaemia-in-women-of-reproductive-age-%28-%29,2006,2006,2006,EMR,Eastern Mediterranean,ARE,United Arab Emirates,SEX,SEX_FMLE,Female,29,29.0 [16.0-40.2],16,40.2
NCD_BMI_MINUS2C,"Thinness among children and adolescents, BMI-for-age < -2 standard deviations below the median (%)",https://www.who.int/data/gho/data/indicators/indicator-details/GHO/prevalence-of-thinness-among-children-and-adolescents-bmi--2-standard-deviations-below-the-median-%28crude-estimate%29-%28-%29,2000,2000,2000,EMR,Eastern Mediterranean,ARE,United Arab Emirates,SEX,SEX_MLE,Male,3.6330655,3.6 [1.3-7.7],1.3185695,7.7478141
NCD_BMI_18C,"Underweight among adults, BMI < 18.5 kg/m2 (crude estimate) (%)",https://www.who.int/data/gho/data/indicators/indicator-details/GHO/prevalence-of-underweight-among-adults-bmi-18-%28crude-estimate%29-%28-%29,2011,2011,2011,EMR,Eastern Mediterranean,ARE,United Arab Emirates,SEX,SEX_BTSX,Both sexes,2.5481379,2.5 [1.9-3.4],1.8907791,3.3566639
NCD_BMI_PLUS2C,"Obesity among children and adolescents, BMI-for-age > +2 standard deviations above the median (crude estimate) (%)",https://www.who.int/data/gho/data/indicators/indicator-details/GHO/prevalence-of-obesity-among-children-and-adolescents-bmi-2-standard-deviations-above-the-median-%28crude-estimate%29-%28-%29,2007,2007,2007,EMR,Eastern Mediterranean,ARE,United Arab Emirates,SEX,SEX_MLE,Male,19.139513,19.1 [16.1-22.3],16.071656,22.262323
NCD_BMI_30C,"Obesity among adults, BMI ≥ 30 kg/m2 (crude estimate) (%)",https://www.who.int/data/gho/data/indicators/indicator-details/GHO/prevalence-of-obesity-among-adults-bmi--30-%28crude-estimate%29-%28-%29,2019,2019,2019,EMR,Eastern Mediterranean,ARE,United Arab Emirates,SEX,SEX_BTSX,Both sexes,30.650929,30.7 [27.6-33.7],27.631319,33.734348
NUTRITION_ANAEMIA_REPRODUCTIVEAGE_NUM,Number of women of reproductive age (aged 15-49 years) with anaemia (thousands),https://www.who.int/data/gho/data/indicators/indicator-details/GHO/anaemia-in-women-of-reproductive-age-number-%28in-thousands%29,2009,2009,2009,EMR,Eastern Mediterranean,ARE,United Arab Emirates,SEX,SEX_FMLE,Female,397.7,397.7 [199.9-707.4],199.9,707.4
NCD_BMI_30A,"Obesity among adults, BMI ≥ 30 kg/m2 (age-standardized estimate) (%)",https://www.who.int/data/gho/data/indicators/indicator-details/GHO/prevalence-of-obesity-among-adults-bmi--30-%28age-standardized-estimate%29-%28-%29,2006,2006,2006,EMR,Eastern Mediterranean,ARE,United Arab Emirates,SEX,SEX_FMLE,Female,38.326481,38.3 [35.5-41.2],35.479721,41.22026
NCD_BMI_PLUS1C,"Overweight among children and adolescents, BMI-for-age > +1 standard deviations above the median (crude estimate) (%)",https://www.who.int/data/gho/data/indicators/indicator-details/GHO/prevalence-of-overweight-among-children-and-adolescents-bmi-1-standard-deviations-above-the-median-%28crude-estimate%29-%28-%29,1992,1992,1992,EMR,Eastern Mediterranean,ARE,United Arab Emirates,SEX,SEX_MLE,Male,27.576348,27.6 [20.0-35.5],19.953483,35.542661
NCD_BMI_25A,"Overweight among adults, BMI ≥ 25 kg/m2 (age-standardized estimate) (%)",https://www.who.int/data/gho/data/indicators/indicator-details/GHO/prevalence-of-overweight-among-adults-bmi--25-%28age-standardized-estimate%29-%28-%29,2009,2009,2009,EMR,Eastern Mediterranean,ARE,United Arab Emirates,SEX,SEX_MLE,Male,69.693786,69.7 [66.9-72.6],66.882706,72.563273
NCD_BMI_MINUS2C,"Thinness among children and adolescents, BMI-for-age < -2 standard deviations below the median (%)",https://www.who.int/data/gho/data/indicators/indicator-details/GHO/prevalence-of-thinness-among-children-and-adolescents-bmi--2-standard-deviations-below-the-median-%28crude-estimate%29-%28-%29,2017,2017,2017,EMR,Eastern Mediterranean,ARE,United Arab Emirates,SEX,SEX_BTSX,Both sexes,3.9274536,3.9 [3.0-5.1],2.9600717,5.0590195
NCD_BMI_PLUS2C,"Obesity among children and adolescents, BMI-for-age > +2 standard deviations above the median (crude estimate) (%)",https://www.who.int/data/gho/data/indicators/indicator-details/GHO/prevalence-of-obesity-among-children-and-adolescents-bmi-2-standard-deviations-above-the-median-%28crude-estimate%29-%28-%29,2016,2016,2016,EMR,Eastern Mediterranean,ARE,United Arab Emirates,SEX,SEX_FMLE,Female,15.687071,15.7 [12.6-19.2],12.566301,19.20072
NCD_BMI_MINUS2C,"Thinness among children and adolescents, BMI-for-age < -2 standard deviations below the median (%)",https://www.who.int/data/gho/data/indicators/indicator-details/GHO/prevalence-of-thinness-among-children-and-adolescents-bmi--2-standard-deviations-below-the-median-%28crude-estimate%29-%28-%29,2020,2020,2020,EMR,Eastern Mediterranean,ARE,United Arab Emirates,SEX,SEX_MLE,Male,4.908675,4.9 [2.9-7.5],2.9125102,7.5428821
NCD_BMI_PLUS2C,"Obesity among children and adolescents, BMI-for-age > +2 standard deviations above the median (crude estimate) (%)",https://www.who.int/data/gho/data/indicators/indicator-details/GHO/prevalence-of-obesity-among-children-and-adolescents-bmi-2-standard-deviations-above-the-median-%28crude-estimate%29-%28-%29,2001,2001,2001,EMR,Eastern Mediterranean,ARE,United Arab Emirates,SEX,SEX_FMLE,Female,10.730606,10.7 [5.2-18.2],5.1824965,18.175966
NCD_BMI_30A,"Obesity among adults, BMI ≥ 30 kg/m2 (age-standardized estimate) (%)",https://www.who.int/data/gho/data/indicators/indicator-details/GHO/prevalence-of-obesity-among-adults-bmi--30-%28age-standardized-estimate%29-%28-%29,2000,2000,2000,EMR,Eastern Mediterranean,ARE,United Arab Emirates,SEX,SEX_FMLE,Female,36.328468,36.3 [33.3-39.4],33.302888,39.439324
NUTRITION_ANAEMIA_CHILDREN_PREV,Prevalence of anaemia in children aged 6-59 months (%),https://www.who.int/data/gho/data/indicators/indicator-details/GHO/anaemia-in-non-pregnant-women-number-%28in-thousands%29,2010,2010,2010,EMR,Eastern Mediterranean,ARE,United Arab Emirates,SEVERITY,SEVERITY_MODERATE,Moderate,4.9,4.9 [1.5-13.0],1.5,13
NCD_BMI_MINUS2C,"Thinness among children and adolescents, BMI-for-age < -2 standard deviations below the median (%)",https://www.who.int/data/gho/data/indicators/indicator-details/GHO/prevalence-of-thinness-among-children-and-adolescents-bmi--2-standard-deviations-below-the-median-%28crude-estimate%29-%28-%29,1998,1998,1998,EMR,Eastern Mediterranean,ARE,United Arab Emirates,SEX,SEX_MLE,Male,5.684869,5.7 [3.6-8.4],3.5644878,8.4429838
NUTRITION_ANAEMIA_REPRODUCTIVEAGE_NUM,Number of women of reproductive age (aged 15-49 years) with anaemia (thousands),https://www.who.int/data/gho/data/indicators/indicator-details/GHO/anaemia-in-women-of-reproductive-age-number-%28in-thousands%29,2005,2005,2005,EMR,Eastern Mediterranean,ARE,United Arab Emirates,SEX,SEX_FMLE,Female,12,12.0 [6.6-16.7],6.6,16.7
NCD_BMI_PLUS1C,"Overweight among children and adolescents, BMI-for-age > +1 standard deviations above the median (crude estimate) (%)",https://www.who.int/data/gho/data/indicators/indicator-details/GHO/prevalence-of-overweight-among-children-and-adolescents-bmi-1-standard-deviations-above-the-median-%28crude-estimate%29-%28-%29,2002,2002,2002,EMR,Eastern Mediterranean,ARE,United Arab Emirates,SEX,SEX_FMLE,Female,31.091967,31.1 [27.0-35.4],26.966482,35.35817
NCD_BMI_PLUS2C,"Obesity among children and adolescents, BMI-for-age > +2 standard deviations above the median (crude estimate) (%)",https://www.who.int/data/gho/data/indicators/indicator-details/GHO/prevalence-of-obesity-among-children-and-adolescents-bmi-2-standard-deviations-above-the-median-%28crude-estimate%29-%28-%29,2001,2001,2001,EMR,Eastern Mediterranean,ARE,United Arab Emirates,SEX,SEX_FMLE,Female,11.045611,11.0 [7.4-15.3],7.4269444,15.270863
NCD_BMI_MINUS2C,"Thinness among children and adolescents, BMI-for-age < -2 standard deviations below the median (%)",https://www.who.int/data/gho/data/indicators/indicator-details/GHO/prevalence-of-thinness-among-children-and-adolescents-bmi--2-standard-deviations-below-the-median-%28crude-estimate%29-%28-%29,2018,2018,2018,EMR,Eastern Mediterranean,ARE,United Arab Emirates,SEX,SEX_FMLE,Female,3.0062854,3.0 [1.9-4.5],1.8835131,4.4759966
NCD_BMI_PLUS1C,"Overweight among children and adolescents, BMI-for-age > +1 standard deviations above the median (crude estimate) (%)",https://www.who.int/data/gho/data/indicators/indicator-details/GHO/prevalence-of-overweight-among-children-and-adolescents-bmi-1-standard-deviations-above-the-median-%28crude-estimate%29-%28-%29,1999,1999,1999,EMR,Eastern Mediterranean,ARE,United Arab Emirates,SEX,SEX_FMLE,Female,29.287666,29.3 [24.2-34.7],24.157959,34.742334
NCD_BMI_PLUS1C,"Overweight among children and adolescents, BMI-for-age > +1 standard deviations above the median (crude estimate) (%)",https://www.who.int/data/gho/data/indicators/indicator-details/GHO/prevalence-of-overweight-among-children-and-adolescents-bmi-1-standard-deviations-above-the-median-%28crude-estimate%29-%28-%29,1993,1993,1993,EMR,Eastern Mediterranean,ARE,United Arab Emirates,SEX,SEX_MLE,Male,24.809116,24.8 [15.7-35.3],15.690455,35.270125
NUTRITION_ANAEMIA_REPRODUCTIVEAGE_NUM,Number of women of reproductive age (aged 15-49 years) with anaemia (thousands),https://www.who.int/data/gho/data/indicators/indicator-details/GHO/anaemia-in-women-of-reproductive-age-number-%28in-thousands%29,2011,2011,2011,EMR,Eastern Mediterranean,ARE,United Arab Emirates,SEX,SEX_FMLE,Female,14.5,14.5 [7.7-20.4],7.7,20.4
NCD_BMI_PLUS1C,"Overweight among children and adolescents, BMI-for-age > +1 standard deviations above the median (crude estimate) (%)",https://www.who.int/data/gho/data/indicators/indicator-details/GHO/prevalence-of-overweight-among-children-and-adolescents-bmi-1-standard-deviations-above-the-median-%28crude-estimate%29-%28-%29,2012,2012,2012,EMR,Eastern Mediterranean,ARE,United Arab Emirates,SEX,SEX_FMLE,Female,35.975668,36.0 [31.6-40.5],31.644717,40.505707
NUTRITION_ANAEMIA_CHILDREN_PREV,Prevalence of anaemia in children aged 6-59 months (%),https://www.who.int/data/gho/data/indicators/indicator-details/GHO/anaemia-in-non-pregnant-women-number-%28in-thousands%29,2004,2004,2004,EMR,Eastern Mediterranean,ARE,United Arab Emirates,SEVERITY,SEVERITY_MILD,Mild,13.7,13.7 [6.7-24.4],6.7,24.4
NCD_BMI_30A,"Obesity among adults, BMI ≥ 30 kg/m2 (age-standardized estimate) (%)",https://www.who.int/data/gho/data/indicators/indicator-details/GHO/prevalence-of-obesity-among-adults-bmi--30-%28age-standardized-estimate%29-%28-%29,2009,2009,2009,EMR,Eastern Mediterranean,ARE,United Arab Emirates,SEX,SEX_MLE,Male,26.48004,26.5 [23.6-29.4],23.638868,29.370421
NUTRITION_ANAEMIA_CHILDREN_PREV,Prevalence of anaemia in children aged 6-59 months (%),https://www.who.int/data/gho/data/indicators/indicator-details/GHO/anaemia-in-non-pregnant-women-number-%28in-thousands%29,2007,2007,2007,EMR,Eastern Mediterranean,ARE,United Arab Emirates,SEVERITY,SEVERITY_MODERATE,Moderate,5,5.0 [1.5-13.9],1.5,13.9
NCD_BMI_25A,"Overweight among adults, BMI ≥ 25 kg/m2 (age-standardized estimate) (%)",https://www.who.int/data/gho/data/indicators/indicator-details/GHO/prevalence-of-overweight-among-adults-bmi--25-%28age-standardized-estimate%29-%28-%29,2019,2019,2019,EMR,Eastern Mediterranean,ARE,United Arab Emirates,SEX,SEX_FMLE,Female,69.397676,69.4 [65.9-72.9],65.946317,72.868544
NCD_BMI_25A,"Overweight among adults, BMI ≥ 25 kg/m2 (age-standardized estimate) (%)",https://www.who.int/data/gho/data/indicators/indicator-details/GHO/prevalence-of-overweight-among-adults-bmi--25-%28age-standardized-estimate%29-%28-%29,2021,2021,2021,EMR,Eastern Mediterranean,ARE,United Arab Emirates,SEX,SEX_FMLE,Female,69.249535,69.2 [65.2-73.3],65.197432,73.338836
NCD_BMI_PLUS1C,"Overweight among children and adolescents, BMI-for-age > +1 standard deviations above the median (crude estimate) (%)",https://www.who.int/data/gho/data/indicators/indicator-details/GHO/prevalence-of-overweight-among-children-and-adolescents-bmi-1-standard-deviations-above-the-median-%28crude-estimate%29-%28-%29,1999,1999,1999,EMR,Eastern Mediterranean,ARE,United Arab Emirates,SEX,SEX_FMLE,Female,29.270849,29.3 [24.6-34.2],24.58307,34.230533
NCD_BMI_PLUS1C,"Overweight among children and adolescents, BMI-for-age > +1 standard deviations above the median (crude estimate) (%)",https://www.who.int/data/gho/data/indicators/indicator-details/GHO/prevalence-of-overweight-among-children-and-adolescents-bmi-1-standard-deviations-above-the-median-%28crude-estimate%29-%28-%29,1995,1995,1995,EMR,Eastern Mediterranean,ARE,United Arab Emirates,SEX,SEX_MLE,Male,28.730601,28.7 [21.8-36.0],21.757989,35.98122
NCD_BMI_30A,"Obesity among adults, BMI ≥ 30 kg/m2 (age-standardized estimate) (%)",https://www.who.int/data/gho/data/indicators/indicator-details/GHO/prevalence-of-obesity-among-adults-bmi--30-%28age-standardized-estimate%29-%28-%29,2016,2016,2016,EMR,Eastern Mediterranean,ARE,United Arab Emirates,SEX,SEX_FMLE,Female,39.237431,39.2 [35.9-42.5],35.92104,42.545903
NCD_BMI_PLUS2C,"Obesity among children and adolescents, BMI-for-age > +2 standard deviations above the median (crude estimate) (%)",https://www.who.int/data/gho/data/indicators/indicator-details/GHO/prevalence-of-obesity-among-children-and-adolescents-bmi-2-standard-deviations-above-the-median-%28crude-estimate%29-%28-%29,2016,2016,2016,EMR,Eastern Mediterranean,ARE,United Arab Emirates,SEX,SEX_BTSX,Both sexes,19.329138,19.3 [16.9-21.8],16.929072,21.833973
NCD_BMI_30A,"Obesity among adults, BMI ≥ 30 kg/m2 (age-standardized estimate) (%)",https://www.who.int/data/gho/data/indicators/indicator-details/GHO/prevalence-of-obesity-among-adults-bmi--30-%28age-standardized-estimate%29-%28-%29,1990,1990,1990,EMR,Eastern Mediterranean,ARE,United Arab Emirates,SEX,SEX_BTSX,Both sexes,18.667667,18.7 [15.8-21.9],15.831064,21.900509
NCD_BMI_MINUS2C,"Thinness among children and adolescents, BMI-for-age < -2 standard deviations below the median (%)",https://www.who.int/data/gho/data/indicators/indicator-details/GHO/prevalence-of-thinness-among-children-and-adolescents-bmi--2-standard-deviations-below-the-median-%28crude-estimate%29-%28-%29,1997,1997,1997,EMR,Eastern Mediterranean,ARE,United Arab Emirates,SEX,SEX_MLE,Male,3.8767442,3.9 [1.4-8.4],1.3532073,8.4059842
NUTRITION_ANAEMIA_REPRODUCTIVEAGE_NUM,Number of women of reproductive age (aged 15-49 years) with anaemia (thousands),https://www.who.int/data/gho/data/indicators/indicator-details/GHO/anaemia-in-women-of-reproductive-age-number-%28in-thousands%29,2018,2018,2018,EMR,Eastern Mediterranean,ARE,United Arab Emirates,SEX,SEX_FMLE,Female,17,17.0 [8.9-24.0],8.9,24
NUTRITION_ANAEMIA_REPRODUCTIVEAGE_PREV,Prevalence of anaemia in women of reproductive age (aged 15-49) (%),https://www.who.int/data/gho/data/indicators/indicator-details/GHO/prevalence-of-anaemia-in-women-of-reproductive-age-%28-%29,2016,2016,2016,EMR,Eastern Mediterranean,ARE,United Arab Emirates,SEX,SEX_FMLE,Female,29,29.0 [15.5-40.8],15.5,40.8
NUTRITION_ANAEMIA_CHILDREN_NUM,Number of children aged 6-59 months with anaemia (thousands),https://www.who.int/data/gho/data/indicators/indicator-details/GHO/anaemia-in-children-under-5-years-number,2000,2000,2000,EMR,Eastern Mediterranean,ARE,United Arab Emirates,SEVERITY,SEVERITY_MODERATE,Moderate,14.8,14.8 [4.4-41.9],4.4,41.9
NCD_BMI_18C,"Underweight among adults, BMI < 18.5 kg/m2 (crude estimate) (%)",https://www.who.int/data/gho/data/indicators/indicator-details/GHO/prevalence-of-underweight-among-adults-bmi-18-%28crude-estimate%29-%28-%29,2006,2006,2006,EMR,Eastern Mediterranean,ARE,United Arab Emirates,SEX,SEX_MLE,Male,2.8198425,2.8 [1.9-4.0],1.8537609,4.0022481
NCD_BMI_18C,"Underweight among adults, BMI < 18.5 kg/m2 (crude estimate) (%)",https://www.who.int/data/gho/data/indicators/indicator-details/GHO/prevalence-of-underweight-among-adults-bmi-18-%28crude-estimate%29-%28-%29,1992,1992,1992,EMR,Eastern Mediterranean,ARE,United Arab Emirates,SEX,SEX_FMLE,Female,3.6784276,3.7 [2.1-5.8],2.1292999,5.7920091
NCD_BMI_18A,"Underweight among adults, BMI < 18.5 kg/m2 (age-standardized estimate) (%)",https://www.who.int/data/gho/data/indicators/indicator-details/GHO/prevalence-of-underweight-among-adults-bmi-18-%28age-standardized-estimate%29-%28-%29,2006,2006,2006,EMR,Eastern Mediterranean,ARE,United Arab Emirates,SEX,SEX_MLE,Male,3.1709112,3.2 [2.1-4.4],2.1412294,4.4401035
NCD_BMI_PLUS2C,"Obesity among children and adolescents, BMI-for-age > +2 standard deviations above the median (crude estimate) (%)",https://www.who.int/data/gho/data/indicators/indicator-details/GHO/prevalence-of-obesity-among-children-and-adolescents-bmi-2-standard-deviations-above-the-median-%28crude-estimate%29-%28-%29,2001,2001,2001,EMR,Eastern Mediterranean,ARE,United Arab Emirates,SEX,SEX_BTSX,Both sexes,13.46634,13.5 [10.5-16.7],10.505562,16.669582
NCD_BMI_25C,"Overweight among adults, BMI ≥ 25 kg/m2 (crude estimate) (%)",https://www.who.int/data/gho/data/indicators/indicator-details/GHO/prevalence-of-overweight-among-adults-bmi-greaterequal-25-%28crude-estimate%29-%28-%29,2003,2003,2003,EMR,Eastern Mediterranean,ARE,United Arab Emirates,SEX,SEX_BTSX,Both sexes,65.419233,65.4 [63.0-67.8],63.003874,67.821497
NCD_BMI_MINUS2C,"Thinness among children and adolescents, BMI-for-age < -2 standard deviations below the median (%)",https://www.who.int/data/gho/data/indicators/indicator-details/GHO/prevalence-of-thinness-among-children-and-adolescents-bmi--2-standard-deviations-below-the-median-%28crude-estimate%29-%28-%29,2022,2022,2022,EMR,Eastern Mediterranean,ARE,United Arab Emirates,SEX,SEX_FMLE,Female,2.9133772,2.9 [0.9-6.5],0.89500714,6.5485865
NCD_BMI_PLUS2C,"Obesity among children and adolescents, BMI-for-age > +2 standard deviations above the median (crude estimate) (%)",https://www.who.int/data/gho/data/indicators/indicator-details/GHO/prevalence-of-obesity-among-children-and-adolescents-bmi-2-standard-deviations-above-the-median-%28crude-estimate%29-%28-%29,2000,2000,2000,EMR,Eastern Mediterranean,ARE,United Arab Emirates,SEX,SEX_MLE,Male,14.586425,14.6 [10.2-19.6],10.225801,19.577105
NCD_BMI_30A,"Obesity among adults, BMI ≥ 30 kg/m2 (age-standardized estimate) (%)",https://www.who.int/data/gho/data/indicators/indicator-details/GHO/prevalence-of-obesity-among-adults-bmi--30-%28age-standardized-estimate%29-%28-%29,2014,2014,2014,EMR,Eastern Mediterranean,ARE,United Arab Emirates,SEX,SEX_MLE,Male,27.859589,27.9 [24.8-31.0],24.83661,30.968669
NUTRITION_ANAEMIA_REPRODUCTIVEAGE_NUM,Number of women of reproductive age (aged 15-49 years) with anaemia (thousands),https://www.who.int/data/gho/data/indicators/indicator-details/GHO/anaemia-in-women-of-reproductive-age-number-%28in-thousands%29,2017,2017,2017,EMR,Eastern Mediterranean,ARE,United Arab Emirates,SEX,SEX_FMLE,Female,582.4,582.4 [279.4-1042.8],279.4,1042.8
NUTRITION_ANAEMIA_REPRODUCTIVEAGE_NUM,Number of women of reproductive age (aged 15-49 years) with anaemia (thousands),https://www.who.int/data/gho/data/indicators/indicator-details/GHO/anaemia-in-women-of-reproductive-age-number-%28in-thousands%29,2008,2008,2008,EMR,Eastern Mediterranean,ARE,United Arab Emirates,SEX,SEX_FMLE,Female,11.3,11.3 [6.1-15.8],6.1,15.8
NCD_BMI_PLUS1C,"Overweight among children and adolescents, BMI-for-age > +1 standard deviations above the median (crude estimate) (%)",https://www.who.int/data/gho/data/indicators/indicator-details/GHO/prevalence-of-overweight-among-children-and-adolescents-bmi-1-standard-deviations-above-the-median-%28crude-estimate%29-%28-%29,2019,2019,2019,EMR,Eastern Mediterranean,ARE,United Arab Emirates,SEX,SEX_MLE,Male,45.525131,45.5 [39.4-51.7],39.401823,51.66474
NCD_BMI_30C,"Obesity among adults, BMI ≥ 30 kg/m2 (crude estimate) (%)",https://www.who.int/data/gho/data/indicators/indicator-details/GHO/prevalence-of-obesity-among-adults-bmi--30-%28crude-estimate%29-%28-%29,1998,1998,1998,EMR,Eastern Mediterranean,ARE,United Arab Emirates,SEX,SEX_BTSX,Both sexes,23.238496,23.2 [20.9-25.8],20.878065,25.775313
NCD_BMI_PLUS2C,"Obesity among children and adolescents, BMI-for-age > +2 standard deviations above the median (crude estimate) (%)",https://www.who.int/data/gho/data/indicators/indicator-details/GHO/prevalence-of-obesity-among-children-and-adolescents-bmi-2-standard-deviations-above-the-median-%28crude-estimate%29-%28-%29,2011,2011,2011,EMR,Eastern Mediterranean,ARE,United Arab Emirates,SEX,SEX_BTSX,Both sexes,17.07743,17.1 [14.4-20.0],14.359365,20.031235
NCD_BMI_PLUS2C,"Obesity among children and adolescents, BMI-for-age > +2 standard deviations above the median (crude estimate) (%)",https://www.who.int/data/gho/data/indicators/indicator-details/GHO/prevalence-of-obesity-among-children-and-adolescents-bmi-2-standard-deviations-above-the-median-%28crude-estimate%29-%28-%29,2002,2002,2002,EMR,Eastern Mediterranean,ARE,United Arab Emirates,SEX,SEX_BTSX,Both sexes,12.724362,12.7 [8.0-18.3],8.0054231,18.306448
NUTRITION_ANAEMIA_REPRODUCTIVEAGE_NUM,Number of women of reproductive age (aged 15-49 years) with anaemia (thousands),https://www.who.int/data/gho/data/indicators/indicator-details/GHO/anaemia-in-women-of-reproductive-age-number-%28in-thousands%29,2002,2002,2002,EMR,Eastern Mediterranean,ARE,United Arab Emirates,SEX,SEX_FMLE,Female,11.4,11.4 [6.2-15.7],6.2,15.7
NCD_BMI_PLUS2C,"Obesity among children and adolescents, BMI-for-age > +2 standard deviations above the median (crude estimate) (%)",https://www.who.int/data/gho/data/indicators/indicator-details/GHO/prevalence-of-obesity-among-children-and-adolescents-bmi-2-standard-deviations-above-the-median-%28crude-estimate%29-%28-%29,1995,1995,1995,EMR,Eastern Mediterranean,ARE,United Arab Emirates,SEX,SEX_MLE,Male,10.491101,10.5 [4.2-19.3],4.1748844,19.30923
NCD_BMI_MINUS2C,"Thinness among children and adolescents, BMI-for-age < -2 standard deviations below the median (%)",https://www.who.int/data/gho/data/indicators/indicator-details/GHO/prevalence-of-thinness-among-children-and-adolescents-bmi--2-standard-deviations-below-the-median-%28crude-estimate%29-%28-%29,2003,2003,2003,EMR,Eastern Mediterranean,ARE,United Arab Emirates,SEX,SEX_FMLE,Female,3.0982524,3.1 [1.1-6.5],1.1331295,6.5012723
NCD_BMI_18A,"Underweight among adults, BMI < 18.5 kg/m2 (age-standardized estimate) (%)",https://www.who.int/data/gho/data/indicators/indicator-details/GHO/prevalence-of-underweight-among-adults-bmi-18-%28age-standardized-estimate%29-%28-%29,1992,1992,1992,EMR,Eastern Mediterranean,ARE,United Arab Emirates,SEX,SEX_FMLE,Female,3.0771071,3.1 [1.8-4.8],1.8110571,4.7885615
NCD_BMI_PLUS1C,"Overweight among children and adolescents, BMI-for-age > +1 standard deviations above the median (crude estimate) (%)",https://www.who.int/data/gho/data/indicators/indicator-details/GHO/prevalence-of-overweight-among-children-and-adolescents-bmi-1-standard-deviations-above-the-median-%28crude-estimate%29-%28-%29,2018,2018,2018,EMR,Eastern Mediterranean,ARE,United Arab Emirates,SEX,SEX_MLE,Male,41.95191,42.0 [32.0-51.8],32.017365,51.803541
NCD_BMI_PLUS1C,"Overweight among children and adolescents, BMI-for-age > +1 standard deviations above the median (crude estimate) (%)",https://www.who.int/data/gho/data/indicators/indicator-details/GHO/prevalence-of-overweight-among-children-and-adolescents-bmi-1-standard-deviations-above-the-median-%28crude-estimate%29-%28-%29,2007,2007,2007,EMR,Eastern Mediterranean,ARE,United Arab Emirates,SEX,SEX_BTSX,Both sexes,36.838442,36.8 [33.7-40.0],33.666998,40.000144
NCD_BMI_25C,"Overweight among adults, BMI ≥ 25 kg/m2 (crude estimate) (%)",https://www.who.int/data/gho/data/indicators/indicator-details/GHO/prevalence-of-overweight-among-adults-bmi-greaterequal-25-%28crude-estimate%29-%28-%29,2013,2013,2013,EMR,Eastern Mediterranean,ARE,United Arab Emirates,SEX,SEX_MLE,Male,71.569854,71.6 [68.7-74.4],68.722975,74.420333
NCD_BMI_MINUS2C,"Thinness among children and adolescents, BMI-for-age < -2 standard deviations below the median (%)",https://www.who.int/data/gho/data/indicators/indicator-details/GHO/prevalence-of-thinness-among-children-and-adolescents-bmi--2-standard-deviations-below-the-median-%28crude-estimate%29-%28-%29,2007,2007,2007,EMR,Eastern Mediterranean,ARE,United Arab Emirates,SEX,SEX_FMLE,Female,2.9300936,2.9 [1.1-6.2],1.0862416,6.1683595
NUTRITION_ANAEMIA_CHILDREN_PREV,Prevalence of anaemia in children aged 6-59 months (%),https://www.who.int/data/gho/data/indicators/indicator-details/GHO/anaemia-in-non-pregnant-women-number-%28in-thousands%29,2017,2017,2017,EMR,Eastern Mediterranean,ARE,United Arab Emirates,SEX,SEX_BTSX,Both sexes,19.6,19.6 [8.1-36.2],8.1,36.2
NCD_BMI_PLUS2C,"Obesity among children and adolescents, BMI-for-age > +2 standard deviations above the median (crude estimate) (%)",https://www.who.int/data/gho/data/indicators/indicator-details/GHO/prevalence-of-obesity-among-children-and-adolescents-bmi-2-standard-deviations-above-the-median-%28crude-estimate%29-%28-%29,1992,1992,1992,EMR,Eastern Mediterranean,ARE,United Arab Emirates,SEX,SEX_BTSX,Both sexes,8.4553398,8.5 [4.1-14.3],4.1277643,14.258213
NCD_BMI_MINUS2C,"Thinness among children and adolescents, BMI-for-age < -2 standard deviations below the median (%)",https://www.who.int/data/gho/data/indicators/indicator-details/GHO/prevalence-of-thinness-among-children-and-adolescents-bmi--2-standard-deviations-below-the-median-%28crude-estimate%29-%28-%29,1997,1997,1997,EMR,Eastern Mediterranean,ARE,United Arab Emirates,SEX,SEX_MLE,Male,5.7687271,5.8 [3.5-8.6],3.536465,8.6484775
NUTRITION_ANAEMIA_CHILDREN_NUM,Number of children aged 6-59 months with anaemia (thousands),https://www.who.int/data/gho/data/indicators/indicator-details/GHO/anaemia-in-children-under-5-years-number,2018,2018,2018,EMR,Eastern Mediterranean,ARE,United Arab Emirates,SEVERITY,SEVERITY_MODERATE,Moderate,24.6,24.6 [6.36-64.8],6.36,64.8
NCD_BMI_MINUS2C,"Thinness among children and adolescents, BMI-for-age < -2 standard deviations below the median (%)",https://www.who.int/data/gho/data/indicators/indicator-details/GHO/prevalence-of-thinness-among-children-and-adolescents-bmi--2-standard-deviations-below-the-median-%28crude-estimate%29-%28-%29,2009,2009,2009,EMR,Eastern Mediterranean,ARE,United Arab Emirates,SEX,SEX_FMLE,Female,2.9021403,2.9 [1.1-6.1],1.0735409,6.1004192
NCD_BMI_18A,"Underweight among adults, BMI < 18.5 kg/m2 (age-standardized estimate) (%)",https://www.who.int/data/gho/data/indicators/indicator-details/GHO/prevalence-of-underweight-among-adults-bmi-18-%28age-standardized-estimate%29-%28-%29,2001,2001,2001,EMR,Eastern Mediterranean,ARE,United Arab Emirates,SEX,SEX_MLE,Male,3.6222052,3.6 [2.4-5.1],2.3961844,5.1186405
NUTRITION_ANAEMIA_CHILDREN_NUM,Number of children aged 6-59 months with anaemia (thousands),https://www.who.int/data/gho/data/indicators/indicator-details/GHO/anaemia-in-children-under-5-years-number,2002,2002,2002,EMR,Eastern Mediterranean,ARE,United Arab Emirates,SEVERITY,SEVERITY_MODERATE,Moderate,13.2,13.2 [3.9-35.7],3.9,35.7
NUTRITION_ANAEMIA_REPRODUCTIVEAGE_NUM,Number of women of reproductive age (aged 15-49 years) with anaemia (thousands),https://www.who.int/data/gho/data/indicators/indicator-details/GHO/anaemia-in-women-of-reproductive-age-number-%28in-thousands%29,2016,2016,2016,EMR,Eastern Mediterranean,ARE,United Arab Emirates,SEX,SEX_FMLE,Female,568.5,568.5 [275.0-1014.8],275,1014.8
NCD_BMI_PLUS2C,"Obesity among children and adolescents, BMI-for-age > +2 standard deviations above the median (crude estimate) (%)",https://www.who.int/data/gho/data/indicators/indicator-details/GHO/prevalence-of-obesity-among-children-and-adolescents-bmi-2-standard-deviations-above-the-median-%28crude-estimate%29-%28-%29,1990,1990,1990,EMR,Eastern Mediterranean,ARE,United Arab Emirates,SEX,SEX_FMLE,Female,7.1177438,7.1 [2.3-15.2],2.2793408,15.16262
NCD_BMI_PLUS2C,"Obesity among children and adolescents, BMI-for-age > +2 standard deviations above the median (crude estimate) (%)",https://www.who.int/data/gho/data/indicators/indicator-details/GHO/prevalence-of-obesity-among-children-and-adolescents-bmi-2-standard-deviations-above-the-median-%28crude-estimate%29-%28-%29,1997,1997,1997,EMR,Eastern Mediterranean,ARE,United Arab Emirates,SEX,SEX_FMLE,Female,9.3698613,9.4 [4.1-17.0],4.1254014,16.967419
NCD_BMI_PLUS2C,"Obesity among children and adolescents, BMI-for-age > +2 standard deviations above the median (crude estimate) (%)",https://www.who.int/data/gho/data/indicators/indicator-details/GHO/prevalence-of-obesity-among-children-and-adolescents-bmi-2-standard-deviations-above-the-median-%28crude-estimate%29-%28-%29,2010,2010,2010,EMR,Eastern Mediterranean,ARE,United Arab Emirates,SEX,SEX_BTSX,Both sexes,16.788732,16.8 [14.1-19.7],14.082192,19.732784
NUTRITION_ANAEMIA_CHILDREN_NUM,Number of children aged 6-59 months with anaemia (thousands),https://www.who.int/data/gho/data/indicators/indicator-details/GHO/anaemia-in-children-under-5-years-number,2010,2010,2010,EMR,Eastern Mediterranean,ARE,United Arab Emirates,SEVERITY,SEVERITY_MILD,Mild,63.6,63.6 [30.7-111],30.7,111
NUTRITION_ANAEMIA_CHILDREN_PREV,Prevalence of anaemia in children aged 6-59 months (%),https://www.who.int/data/gho/data/indicators/indicator-details/GHO/anaemia-in-non-pregnant-women-number-%28in-thousands%29,2017,2017,2017,EMR,Eastern Mediterranean,ARE,United Arab Emirates,SEVERITY,SEVERITY_MODERATE,Moderate,4.7,4.7 [1.3-12.1],1.3,12.1
NCD_BMI_MINUS2C,"Thinness among children and adolescents, BMI-for-age < -2 standard deviations below the median (%)",https://www.who.int/data/gho/data/indicators/indicator-details/GHO/prevalence-of-thinness-among-children-and-adolescents-bmi--2-standard-deviations-below-the-median-%28crude-estimate%29-%28-%29,2022,2022,2022,EMR,Eastern Mediterranean,ARE,United Arab Emirates,SEX,SEX_FMLE,Female,3.0068658,3.0 [1.4-5.4],1.4089338,5.4275502
NCD_BMI_30C,"Obesity among adults, BMI ≥ 30 kg/m2 (crude estimate) (%)",https://www.who.int/data/gho/data/indicators/indicator-details/GHO/prevalence-of-obesity-among-adults-bmi--30-%28crude-estimate%29-%28-%29,1998,1998,1998,EMR,Eastern Mediterranean,ARE,United Arab Emirates,SEX,SEX_MLE,Male,20.267354,20.3 [17.3-23.5],17.252342,23.499933
NCD_BMI_PLUS2C,"Obesity among children and adolescents, BMI-for-age > +2 standard deviations above the median (crude estimate) (%)",https://www.who.int/data/gho/data/indicators/indicator-details/GHO/prevalence-of-obesity-among-children-and-adolescents-bmi-2-standard-deviations-above-the-median-%28crude-estimate%29-%28-%29,2018,2018,2018,EMR,Eastern Mediterranean,ARE,United Arab Emirates,SEX,SEX_FMLE,Female,16.036278,16.0 [11.4-21.4],11.434226,21.386082
NUTRITION_ANAEMIA_CHILDREN_PREV,Prevalence of anaemia in children aged 6-59 months (%),https://www.who.int/data/gho/data/indicators/indicator-details/GHO/anaemia-in-non-pregnant-women-number-%28in-thousands%29,2012,2012,2012,EMR,Eastern Mediterranean,ARE,United Arab Emirates,SEVERITY,SEVERITY_MODERATE,Moderate,4.8,4.8 [1.5-12.6],1.5,12.6
NUTRITION_ANAEMIA_CHILDREN_NUM,Number of children aged 6-59 months with anaemia (thousands),https://www.who.int/data/gho/data/indicators/indicator-details/GHO/anaemia-in-children-under-5-years-number,2003,2003,2003,EMR,Eastern Mediterranean,ARE,United Arab Emirates,SEX,SEX_BTSX,Both sexes,48.954,49 [22-92],22,92
NUTRITION_ANAEMIA_REPRODUCTIVEAGE_NUM,Number of women of reproductive age (aged 15-49 years) with anaemia (thousands),https://www.who.int/data/gho/data/indicators/indicator-details/GHO/anaemia-in-women-of-reproductive-age-number-%28in-thousands%29,2009,2009,2009,EMR,Eastern Mediterranean,ARE,United Arab Emirates,SEX,SEX_FMLE,Female,13.2,13.2 [7.1-18.5],7.1,18.5
NCD_BMI_PLUS2C,"Obesity among children and adolescents, BMI-for-age > +2 standard deviations above the median (crude estimate) (%)",https://www.who.int/data/gho/data/indicators/indicator-details/GHO/prevalence-of-obesity-among-children-and-adolescents-bmi-2-standard-deviations-above-the-median-%28crude-estimate%29-%28-%29,2019,2019,2019,EMR,Eastern Mediterranean,ARE,United Arab Emirates,SEX,SEX_BTSX,Both sexes,19.648241,19.6 [15.9-23.8],15.852448,23.755851
NUTRITION_ANAEMIA_REPRODUCTIVEAGE_NUM,Number of women of reproductive age (aged 15-49 years) with anaemia (thousands),https://www.who.int/data/gho/data/indicators/indicator-details/GHO/anaemia-in-women-of-reproductive-age-number-%28in-thousands%29,2007,2007,2007,EMR,Eastern Mediterranean,ARE,United Arab Emirates,SEX,SEX_FMLE,Female,307.5,307.5 [152.6-551.9],152.6,551.9
NCD_BMI_MINUS2C,"Thinness among children and adolescents, BMI-for-age < -2 standard deviations below the median (%)",https://www.who.int/data/gho/data/indicators/indicator-details/GHO/prevalence-of-thinness-among-children-and-adolescents-bmi--2-standard-deviations-below-the-median-%28crude-estimate%29-%28-%29,2011,2011,2011,EMR,Eastern Mediterranean,ARE,United Arab Emirates,SEX,SEX_BTSX,Both sexes,3.0366322,3.0 [1.6-5.2],1.6013892,5.1615249
NCD_BMI_PLUS2C,"Obesity among children and adolescents, BMI-for-age > +2 standard deviations above the median (crude estimate) (%)",https://www.who.int/data/gho/data/indicators/indicator-details/GHO/prevalence-of-obesity-among-children-and-adolescents-bmi-2-standard-deviations-above-the-median-%28crude-estimate%29-%28-%29,2001,2001,2001,EMR,Eastern Mediterranean,ARE,United Arab Emirates,SEX,SEX_MLE,Male,15.679166,15.7 [11.7-20.2],11.65641,20.241272
NCD_BMI_PLUS1C,"Overweight among children and adolescents, BMI-for-age > +1 standard deviations above the median (crude estimate) (%)",https://www.who.int/data/gho/data/indicators/indicator-details/GHO/prevalence-of-overweight-among-children-and-adolescents-bmi-1-standard-deviations-above-the-median-%28crude-estimate%29-%28-%29,2001,2001,2001,EMR,Eastern Mediterranean,ARE,United Arab Emirates,SEX,SEX_MLE,Male,31.33319,31.3 [22.8-40.9],22.801144,40.925854
NCD_BMI_MINUS2C,"Thinness among children and adolescents, BMI-for-age < -2 standard deviations below the median (%)",https://www.who.int/data/gho/data/indicators/indicator-details/GHO/prevalence-of-thinness-among-children-and-adolescents-bmi--2-standard-deviations-below-the-median-%28crude-estimate%29-%28-%29,2013,2013,2013,EMR,Eastern Mediterranean,ARE,United Arab Emirates,SEX,SEX_MLE,Male,3.1700432,3.2 [1.2-6.5],1.2114329,6.5088727
NUTRITION_ANAEMIA_CHILDREN_NUM,Number of children aged 6-59 months with anaemia (thousands),https://www.who.int/data/gho/data/indicators/indicator-details/GHO/anaemia-in-children-under-5-years-number,2015,2015,2015,EMR,Eastern Mediterranean,ARE,United Arab Emirates,SEVERITY,SEVERITY_MODERATE,Moderate,23.5,23.5 [7.01-57.7],7.01,57.7
NCD_BMI_MINUS2C,"Thinness among children and adolescents, BMI-for-age < -2 standard deviations below the median (%)",https://www.who.int/data/gho/data/indicators/indicator-details/GHO/prevalence-of-thinness-among-children-and-adolescents-bmi--2-standard-deviations-below-the-median-%28crude-estimate%29-%28-%29,2011,2011,2011,EMR,Eastern Mediterranean,ARE,United Arab Emirates,SEX,SEX_MLE,Male,4.177887,4.2 [2.8-5.9],2.8465942,5.9421707
NCD_BMI_PLUS2C,"Obesity among children and adolescents, BMI-for-age > +2 standard deviations above the median (crude estimate) (%)",https://www.who.int/data/gho/data/indicators/indicator-details/GHO/prevalence-of-obesity-among-children-and-adolescents-bmi-2-standard-deviations-above-the-median-%28crude-estimate%29-%28-%29,2003,2003,2003,EMR,Eastern Mediterranean,ARE,United Arab Emirates,SEX,SEX_MLE,Male,14.830512,14.8 [7.7-24.0],7.739047,23.993689
NCD_BMI_PLUS1C,"Overweight among children and adolescents, BMI-for-age > +1 standard deviations above the median (crude estimate) (%)",https://www.who.int/data/gho/data/indicators/indicator-details/GHO/prevalence-of-overweight-among-children-and-adolescents-bmi-1-standard-deviations-above-the-median-%28crude-estimate%29-%28-%29,1995,1995,1995,EMR,Eastern Mediterranean,ARE,United Arab Emirates,SEX,SEX_MLE,Male,26.264384,26.3 [17.3-36.5],17.323229,36.514056
NUTRITION_ANAEMIA_CHILDREN_PREV,Prevalence of anaemia in children aged 6-59 months (%),https://www.who.int/data/gho/data/indicators/indicator-details/GHO/anaemia-in-non-pregnant-women-number-%28in-thousands%29,2004,2004,2004,EMR,Eastern Mediterranean,ARE,United Arab Emirates,SEVERITY,SEVERITY_TOTAL,Total,18.9,18.9 [8.6-35.6],8.6,35.6
NUTRITION_ANAEMIA_CHILDREN_NUM,Number of children aged 6-59 months with anaemia (thousands),https://www.who.int/data/gho/data/indicators/indicator-details/GHO/anaemia-in-children-under-5-years-number,2014,2014,2014,EMR,Eastern Mediterranean,ARE,United Arab Emirates,SEX,SEX_BTSX,Both sexes,97.811,98 [44-176],44,176
NCD_BMI_MINUS2C,"Thinness among children and adolescents, BMI-for-age < -2 standard deviations below the median (%)",https://www.who.int/data/gho/data/indicators/indicator-details/GHO/prevalence-of-thinness-among-children-and-adolescents-bmi--2-standard-deviations-below-the-median-%28crude-estimate%29-%28-%29,2005,2005,2005,EMR,Eastern Mediterranean,ARE,United Arab Emirates,SEX,SEX_BTSX,Both sexes,3.1510096,3.2 [1.6-5.4],1.6412286,5.4395016
NCD_BMI_MINUS2C,"Thinness among children and adolescents, BMI-for-age < -2 standard deviations below the median (%)",https://www.who.int/data/gho/data/indicators/indicator-details/GHO/prevalence-of-thinness-among-children-and-adolescents-bmi--2-standard-deviations-below-the-median-%28crude-estimate%29-%28-%29,1990,1990,1990,EMR,Eastern Mediterranean,ARE,United Arab Emirates,SEX,SEX_FMLE,Female,4.766544,4.8 [2.3-8.6],2.2667829,8.5591361
NUTRITION_ANAEMIA_CHILDREN_PREV,Prevalence of anaemia in children aged 6-59 months (%),https://www.who.int/data/gho/data/indicators/indicator-details/GHO/anaemia-in-non-pregnant-women-number-%28in-thousands%29,2002,2002,2002,EMR,Eastern Mediterranean,ARE,United Arab Emirates,SEVERITY,SEVERITY_MODERATE,Moderate,5.2,5.2 [1.5-14.2],1.5,14.2
NCD_BMI_MINUS2C,"Thinness among children and adolescents, BMI-for-age < -2 standard deviations below the median (%)",https://www.who.int/data/gho/data/indicators/indicator-details/GHO/prevalence-of-thinness-among-children-and-adolescents-bmi--2-standard-deviations-below-the-median-%28crude-estimate%29-%28-%29,2011,2011,2011,EMR,Eastern Mediterranean,ARE,United Arab Emirates,SEX,SEX_BTSX,Both sexes,3.9538201,4.0 [3.2-4.8],3.1574003,4.8244424
NCD_BMI_PLUS2C,"Obesity among children and adolescents, BMI-for-age > +2 standard deviations above the median (crude estimate) (%)",https://www.who.int/data/gho/data/indicators/indicator-details/GHO/prevalence-of-obesity-among-children-and-adolescents-bmi-2-standard-deviations-above-the-median-%28crude-estimate%29-%28-%29,2011,2011,2011,EMR,Eastern Mediterranean,ARE,United Arab Emirates,SEX,SEX_FMLE,Female,13.906361,13.9 [10.5-17.9],10.541496,17.93168
NCD_BMI_18C,"Underweight among adults, BMI < 18.5 kg/m2 (crude estimate) (%)",https://www.who.int/data/gho/data/indicators/indicator-details/GHO/prevalence-of-underweight-among-adults-bmi-18-%28crude-estimate%29-%28-%29,2014,2014,2014,EMR,Eastern Mediterranean,ARE,United Arab Emirates,SEX,SEX_MLE,Male,2.4847781,2.5 [1.6-3.6],1.5819866,3.5970826
NUTRITION_ANAEMIA_CHILDREN_PREV,Prevalence of anaemia in children aged 6-59 months (%),https://www.who.int/data/gho/data/indicators/indicator-details/GHO/anaemia-in-non-pregnant-women-number-%28in-thousands%29,2001,2001,2001,EMR,Eastern Mediterranean,ARE,United Arab Emirates,SEVERITY,SEVERITY_TOTAL,Total,19.2,19.2 [8.5-36.7],8.5,36.7
NCD_BMI_PLUS1C,"Overweight among children and adolescents, BMI-for-age > +1 standard deviations above the median (crude estimate) (%)",https://www.who.int/data/gho/data/indicators/indicator-details/GHO/prevalence-of-overweight-among-children-and-adolescents-bmi-1-standard-deviations-above-the-median-%28crude-estimate%29-%28-%29,1995,1995,1995,EMR,Eastern Mediterranean,ARE,United Arab Emirates,SEX,SEX_BTSX,Both sexes,27.969301,28.0 [23.2-32.9],23.20876,32.873636
NCD_BMI_30C,"Obesity among adults, BMI ≥ 30 kg/m2 (crude estimate) (%)",https://www.who.int/data/gho/data/indicators/indicator-details/GHO/prevalence-of-obesity-among-adults-bmi--30-%28crude-estimate%29-%28-%29,2006,2006,2006,EMR,Eastern Mediterranean,ARE,United Arab Emirates,SEX,SEX_BTSX,Both sexes,28.4316,28.4 [26.2-30.8],26.164103,30.7625
NCD_BMI_30C,"Obesity among adults, BMI ≥ 30 kg/m2 (crude estimate) (%)",https://www.who.int/data/gho/data/indicators/indicator-details/GHO/prevalence-of-obesity-among-adults-bmi--30-%28crude-estimate%29-%28-%29,2021,2021,2021,EMR,Eastern Mediterranean,ARE,United Arab Emirates,SEX,SEX_BTSX,Both sexes,30.388108,30.4 [26.9-34.1],26.855469,34.057057
NCD_BMI_PLUS2C,"Obesity among children and adolescents, BMI-for-age > +2 standard deviations above the median (crude estimate) (%)",https://www.who.int/data/gho/data/indicators/indicator-details/GHO/prevalence-of-obesity-among-children-and-adolescents-bmi-2-standard-deviations-above-the-median-%28crude-estimate%29-%28-%29,2019,2019,2019,EMR,Eastern Mediterranean,ARE,United Arab Emirates,SEX,SEX_BTSX,Both sexes,20.347251,20.3 [17.1-23.6],17.127366,23.636085
NUTRITION_ANAEMIA_REPRODUCTIVEAGE_NUM,Number of women of reproductive age (aged 15-49 years) with anaemia (thousands),https://www.who.int/data/gho/data/indicators/indicator-details/GHO/anaemia-in-women-of-reproductive-age-number-%28in-thousands%29,2016,2016,2016,EMR,Eastern Mediterranean,ARE,United Arab Emirates,SEX,SEX_FMLE,Female,17.4,17.4 [9.3-24.5],9.3,24.5
NUTRITION_ANAEMIA_CHILDREN_NUM,Number of children aged 6-59 months with anaemia (thousands),https://www.who.int/data/gho/data/indicators/indicator-details/GHO/anaemia-in-children-under-5-years-number,2001,2001,2001,EMR,Eastern Mediterranean,ARE,United Arab Emirates,SEVERITY,SEVERITY_MILD,Mild,35,35 [16.6-64.2],16.6,64.2
NCD_BMI_PLUS1C,"Overweight among children and adolescents, BMI-for-age > +1 standard deviations above the median (crude estimate) (%)",https://www.who.int/data/gho/data/indicators/indicator-details/GHO/prevalence-of-overweight-among-children-and-adolescents-bmi-1-standard-deviations-above-the-median-%28crude-estimate%29-%28-%29,1998,1998,1998,EMR,Eastern Mediterranean,ARE,United Arab Emirates,SEX,SEX_FMLE,Female,28.72704,28.7 [23.8-33.9],23.849024,33.895388
NCD_BMI_PLUS2C,"Obesity among children and adolescents, BMI-for-age > +2 standard deviations above the median (crude estimate) (%)",https://www.who.int/data/gho/data/indicators/indicator-details/GHO/prevalence-of-obesity-among-children-and-adolescents-bmi-2-standard-deviations-above-the-median-%28crude-estimate%29-%28-%29,1993,1993,1993,EMR,Eastern Mediterranean,ARE,United Arab Emirates,SEX,SEX_FMLE,Female,8.0905199,8.1 [3.1-16.0],3.0901294,16.009305
NCD_BMI_18C,"Underweight among adults, BMI < 18.5 kg/m2 (crude estimate) (%)",https://www.who.int/data/gho/data/indicators/indicator-details/GHO/prevalence-of-underweight-among-adults-bmi-18-%28crude-estimate%29-%28-%29,1994,1994,1994,EMR,Eastern Mediterranean,ARE,United Arab Emirates,SEX,SEX_BTSX,Both sexes,3.9215621,3.9 [2.6-5.6],2.6180733,5.5509765
NCD_BMI_PLUS2C,"Obesity among children and adolescents, BMI-for-age > +2 standard deviations above the median (crude estimate) (%)",https://www.who.int/data/gho/data/indicators/indicator-details/GHO/prevalence-of-obesity-among-children-and-adolescents-bmi-2-standard-deviations-above-the-median-%28crude-estimate%29-%28-%29,1994,1994,1994,EMR,Eastern Mediterranean,ARE,United Arab Emirates,SEX,SEX_MLE,Male,11.59772,11.6 [6.4-17.8],6.4419821,17.837074
NUTRITION_ANAEMIA_CHILDREN_PREV,Prevalence of anaemia in children aged 6-59 months (%),https://www.who.int/data/gho/data/indicators/indicator-details/GHO/anaemia-in-non-pregnant-women-number-%28in-thousands%29,2009,2009,2009,EMR,Eastern Mediterranean,ARE,United Arab Emirates,SEVERITY,SEVERITY_MODERATE,Moderate,4.9,4.9 [1.5-13.5],1.5,13.5
NCD_BMI_PLUS2C,"Obesity among children and adolescents, BMI-for-age > +2 standard deviations above the median (crude estimate) (%)",https://www.who.int/data/gho/data/indicators/indicator-details/GHO/prevalence-of-obesity-among-children-and-adolescents-bmi-2-standard-deviations-above-the-median-%28crude-estimate%29-%28-%29,1993,1993,1993,EMR,Eastern Mediterranean,ARE,United Arab Emirates,SEX,SEX_FMLE,Female,8.4021337,8.4 [4.4-13.7],4.427864,13.670626
NCD_BMI_PLUS2C,"Obesity among children and adolescents, BMI-for-age > +2 standard deviations above the median (crude estimate) (%)",https://www.who.int/data/gho/data/indicators/indicator-details/GHO/prevalence-of-obesity-among-children-and-adolescents-bmi-2-standard-deviations-above-the-median-%28crude-estimate%29-%28-%29,2010,2010,2010,EMR,Eastern Mediterranean,ARE,United Arab Emirates,SEX,SEX_MLE,Male,18.027534,18.0 [10.2-27.3],10.195796,27.316812
NUTRITION_ANAEMIA_CHILDREN_PREV,Prevalence of anaemia in children aged 6-59 months (%),https://www.who.int/data/gho/data/indicators/indicator-details/GHO/anaemia-in-non-pregnant-women-number-%28in-thousands%29,2005,2005,2005,EMR,Eastern Mediterranean,ARE,United Arab Emirates,SEX,SEX_BTSX,Both sexes,18.7,18.7 [8.5-35.3],8.5,35.3
NCD_BMI_18C,"Underweight among adults, BMI < 18.5 kg/m2 (crude estimate) (%)",https://www.who.int/data/gho/data/indicators/indicator-details/GHO/prevalence-of-underweight-among-adults-bmi-18-%28crude-estimate%29-%28-%29,2006,2006,2006,EMR,Eastern Mediterranean,ARE,United Arab Emirates,SEX,SEX_FMLE,Female,2.5008209,2.5 [1.8-3.4],1.7825646,3.3763759
NCD_BMI_30C,"Obesity among adults, BMI ≥ 30 kg/m2 (crude estimate) (%)",https://www.who.int/data/gho/data/indicators/indicator-details/GHO/prevalence-of-obesity-among-adults-bmi--30-%28crude-estimate%29-%28-%29,2021,2021,2021,EMR,Eastern Mediterranean,ARE,United Arab Emirates,SEX,SEX_FMLE,Female,35.04113,35.0 [30.7-39.5],30.728042,39.480597
NCD_BMI_PLUS1C,"Overweight among children and adolescents, BMI-for-age > +1 standard deviations above the median (crude estimate) (%)",https://www.who.int/data/gho/data/indicators/indicator-details/GHO/prevalence-of-overweight-among-children-and-adolescents-bmi-1-standard-deviations-above-the-median-%28crude-estimate%29-%28-%29,1996,1996,1996,EMR,Eastern Mediterranean,ARE,United Arab Emirates,SEX,SEX_FMLE,Female,27.507254,27.5 [19.1-36.7],19.140127,36.735335
NCD_BMI_30A,"Obesity among adults, BMI ≥ 30 kg/m2 (age-standardized estimate) (%)",https://www.who.int/data/gho/data/indicators/indicator-details/GHO/prevalence-of-obesity-among-adults-bmi--30-%28age-standardized-estimate%29-%28-%29,1995,1995,1995,EMR,Eastern Mediterranean,ARE,United Arab Emirates,SEX,SEX_BTSX,Both sexes,21.909964,21.9 [19.5-24.6],19.451684,24.574386
NUTRITION_ANAEMIA_REPRODUCTIVEAGE_PREV,Prevalence of anaemia in women of reproductive age (aged 15-49) (%),https://www.who.int/data/gho/data/indicators/indicator-details/GHO/prevalence-of-anaemia-in-women-of-reproductive-age-%28-%29,2005,2005,2005,EMR,Eastern Mediterranean,ARE,United Arab Emirates,SEX,SEX_FMLE,Female,29,29.0 [16.0-40.2],16,40.2
NCD_BMI_25C,"Overweight among adults, BMI ≥ 25 kg/m2 (crude estimate) (%)",https://www.who.int/data/gho/data/indicators/indicator-details/GHO/prevalence-of-overweight-among-adults-bmi-greaterequal-25-%28crude-estimate%29-%28-%29,1991,1991,1991,EMR,Eastern Mediterranean,ARE,United Arab Emirates,SEX,SEX_BTSX,Both sexes,54.71254,54.7 [50.2-59.0],50.217593,59.020317
NCD_BMI_MINUS2C,"Thinness among children and adolescents, BMI-for-age < -2 standard deviations below the median (%)",https://www.who.int/data/gho/data/indicators/indicator-details/GHO/prevalence-of-thinness-among-children-and-adolescents-bmi--2-standard-deviations-below-the-median-%28crude-estimate%29-%28-%29,2001,2001,2001,EMR,Eastern Mediterranean,ARE,United Arab Emirates,SEX,SEX_BTSX,Both sexes,4.2391334,4.2 [3.0-5.7],3.018003,5.73254
NCD_BMI_MINUS2C,"Thinness among children and adolescents, BMI-for-age < -2 standard deviations below the median (%)",https://www.who.int/data/gho/data/indicators/indicator-details/GHO/prevalence-of-thinness-among-children-and-adolescents-bmi--2-standard-deviations-below-the-median-%28crude-estimate%29-%28-%29,1991,1991,1991,EMR,Eastern Mediterranean,ARE,United Arab Emirates,SEX,SEX_BTSX,Both sexes,5.1543929,5.2 [3.1-7.9],3.1002862,7.8691624
NCD_BMI_25C,"Overweight among adults, BMI ≥ 25 kg/m2 (crude estimate) (%)",https://www.who.int/data/gho/data/indicators/indicator-details/GHO/prevalence-of-overweight-among-adults-bmi-greaterequal-25-%28crude-estimate%29-%28-%29,2007,2007,2007,EMR,Eastern Mediterranean,ARE,United Arab Emirates,SEX,SEX_MLE,Male,69.32807,69.3 [66.4-72.3],66.42319,72.29231
NCD_BMI_PLUS2C,"Obesity among children and adolescents, BMI-for-age > +2 standard deviations above the median (crude estimate) (%)",https://www.who.int/data/gho/data/indicators/indicator-details/GHO/prevalence-of-obesity-among-children-and-adolescents-bmi-2-standard-deviations-above-the-median-%28crude-estimate%29-%28-%29,2021,2021,2021,EMR,Eastern Mediterranean,ARE,United Arab Emirates,SEX,SEX_BTSX,Both sexes,20.287579,20.3 [15.8-25.1],15.777709,25.086489
NCD_BMI_PLUS2C,"Obesity among children and adolescents, BMI-for-age > +2 standard deviations above the median (crude estimate) (%)",https://www.who.int/data/gho/data/indicators/indicator-details/GHO/prevalence-of-obesity-among-children-and-adolescents-bmi-2-standard-deviations-above-the-median-%28crude-estimate%29-%28-%29,2016,2016,2016,EMR,Eastern Mediterranean,ARE,United Arab Emirates,SEX,SEX_BTSX,Both sexes,18.650515,18.7 [15.5-22.1],15.519315,22.086255
NUTRITION_ANAEMIA_REPRODUCTIVEAGE_NUM,Number of women of reproductive age (aged 15-49 years) with anaemia (thousands),https://www.who.int/data/gho/data/indicators/indicator-details/GHO/anaemia-in-women-of-reproductive-age-number-%28in-thousands%29,2020,2020,2020,EMR,Eastern Mediterranean,ARE,United Arab Emirates,SEX,SEX_FMLE,Female,17.5,17.5 [8.9-24.9],8.9,24.9
NCD_BMI_MINUS2C,"Thinness among children and adolescents, BMI-for-age < -2 standard deviations below the median (%)",https://www.who.int/data/gho/data/indicators/indicator-details/GHO/prevalence-of-thinness-among-children-and-adolescents-bmi--2-standard-deviations-below-the-median-%28crude-estimate%29-%28-%29,2008,2008,2008,EMR,Eastern Mediterranean,ARE,United Arab Emirates,SEX,SEX_MLE,Male,3.2198299,3.2 [1.2-6.7],1.2321515,6.7044631
NCD_BMI_30C,"Obesity among adults, BMI ≥ 30 kg/m2 (crude estimate) (%)",https://www.who.int/data/gho/data/indicators/indicator-details/GHO/prevalence-of-obesity-among-adults-bmi--30-%28crude-estimate%29-%28-%29,2004,2004,2004,EMR,Eastern Mediterranean,ARE,United Arab Emirates,SEX,SEX_BTSX,Both sexes,27.138066,27.1 [24.9-29.5],24.865362,29.467553
NCD_BMI_MINUS2C,"Thinness among children and adolescents, BMI-for-age < -2 standard deviations below the median (%)",https://www.who.int/data/gho/data/indicators/indicator-details/GHO/prevalence-of-thinness-among-children-and-adolescents-bmi--2-standard-deviations-below-the-median-%28crude-estimate%29-%28-%29,1993,1993,1993,EMR,Eastern Mediterranean,ARE,United Arab Emirates,SEX,SEX_BTSX,Both sexes,5.3791102,5.4 [3.5-7.7],3.5357036,7.6775111
NUTRITION_ANAEMIA_CHILDREN_NUM,Number of children aged 6-59 months with anaemia (thousands),https://www.who.int/data/gho/data/indicators/indicator-details/GHO/anaemia-in-children-under-5-years-number,2006,2006,2006,EMR,Eastern Mediterranean,ARE,United Arab Emirates,SEVERITY,SEVERITY_MODERATE,Moderate,15.9,15.9 [4.61-44.6],4.61,44.6
NCD_BMI_MINUS2C,"Thinness among children and adolescents, BMI-for-age < -2 standard deviations below the median (%)",https://www.who.int/data/gho/data/indicators/indicator-details/GHO/prevalence-of-thinness-among-children-and-adolescents-bmi--2-standard-deviations-below-the-median-%28crude-estimate%29-%28-%29,2012,2012,2012,EMR,Eastern Mediterranean,ARE,United Arab Emirates,SEX,SEX_MLE,Male,4.1614793,4.2 [2.8-5.9],2.8477401,5.9258245
NCD_BMI_25C,"Overweight among adults, BMI ≥ 25 kg/m2 (crude estimate) (%)",https://www.who.int/data/gho/data/indicators/indicator-details/GHO/prevalence-of-overweight-among-adults-bmi-greaterequal-25-%28crude-estimate%29-%28-%29,2019,2019,2019,EMR,Eastern Mediterranean,ARE,United Arab Emirates,SEX,SEX_FMLE,Female,66.872579,66.9 [63.3-70.5],63.267022,70.517367
NCD_BMI_MINUS2C,"Thinness among children and adolescents, BMI-for-age < -2 standard deviations below the median (%)",https://www.who.int/data/gho/data/indicators/indicator-details/GHO/prevalence-of-thinness-among-children-and-adolescents-bmi--2-standard-deviations-below-the-median-%28crude-estimate%29-%28-%29,2002,2002,2002,EMR,Eastern Mediterranean,ARE,United Arab Emirates,SEX,SEX_MLE,Male,5.2984703,5.3 [3.6-7.5],3.5585739,7.4700318
NCD_BMI_30A,"Obesity among adults, BMI ≥ 30 kg/m2 (age-standardized estimate) (%)",https://www.who.int/data/gho/data/indicators/indicator-details/GHO/prevalence-of-obesity-among-adults-bmi--30-%28age-standardized-estimate%29-%28-%29,2012,2012,2012,EMR,Eastern Mediterranean,ARE,United Arab Emirates,SEX,SEX_FMLE,Female,39.07567,39.1 [36.2-42.0],36.18663,42.020842
NUTRITION_ANAEMIA_CHILDREN_NUM,Number of children aged 6-59 months with anaemia (thousands),https://www.who.int/data/gho/data/indicators/indicator-details/GHO/anaemia-in-children-under-5-years-number,2012,2012,2012,EMR,Eastern Mediterranean,ARE,United Arab Emirates,SEVERITY,SEVERITY_SEVERE,Severe,0.34,0.34 [0.03-1.41],0.03,1.41
NCD_BMI_30A,"Obesity among adults, BMI ≥ 30 kg/m2 (age-standardized estimate) (%)",https://www.who.int/data/gho/data/indicators/indicator-details/GHO/prevalence-of-obesity-among-adults-bmi--30-%28age-standardized-estimate%29-%28-%29,2002,2002,2002,EMR,Eastern Mediterranean,ARE,United Arab Emirates,SEX,SEX_FMLE,Female,37.203366,37.2 [34.3-40.2],34.281379,40.169474
NCD_BMI_PLUS1C,"Overweight among children and adolescents, BMI-for-age > +1 standard deviations above the median (crude estimate) (%)",https://www.who.int/data/gho/data/indicators/indicator-details/GHO/prevalence-of-overweight-among-children-and-adolescents-bmi-1-standard-deviations-above-the-median-%28crude-estimate%29-%28-%29,2000,2000,2000,EMR,Eastern Mediterranean,ARE,United Arab Emirates,SEX,SEX_MLE,Male,30.438584,30.4 [21.9-40.1],21.870932,40.134901
NCD_BMI_PLUS2C,"Obesity among children and adolescents, BMI-for-age > +2 standard deviations above the median (crude estimate) (%)",https://www.who.int/data/gho/data/indicators/indicator-details/GHO/prevalence-of-obesity-among-children-and-adolescents-bmi-2-standard-deviations-above-the-median-%28crude-estimate%29-%28-%29,2000,2000,2000,EMR,Eastern Mediterranean,ARE,United Arab Emirates,SEX,SEX_FMLE,Female,10.385461,10.4 [4.9-17.9],4.9161386,17.859584
NCD_BMI_25C,"Overweight among adults, BMI ≥ 25 kg/m2 (crude estimate) (%)",https://www.who.int/data/gho/data/indicators/indicator-details/GHO/prevalence-of-overweight-among-adults-bmi-greaterequal-25-%28crude-estimate%29-%28-%29,2018,2018,2018,EMR,Eastern Mediterranean,ARE,United Arab Emirates,SEX,SEX_FMLE,Female,66.960001,67.0 [63.6-70.3],63.620692,70.334464
NCD_BMI_30A,"Obesity among adults, BMI ≥ 30 kg/m2 (age-standardized estimate) (%)",https://www.who.int/data/gho/data/indicators/indicator-details/GHO/prevalence-of-obesity-among-adults-bmi--30-%28age-standardized-estimate%29-%28-%29,2000,2000,2000,EMR,Eastern Mediterranean,ARE,United Arab Emirates,SEX,SEX_BTSX,Both sexes,25.519553,25.5 [23.3-27.9],23.288485,27.851117
NCD_BMI_PLUS1C,"Overweight among children and adolescents, BMI-for-age > +1 standard deviations above the median (crude estimate) (%)",https://www.who.int/data/gho/data/indicators/indicator-details/GHO/prevalence-of-overweight-among-children-and-adolescents-bmi-1-standard-deviations-above-the-median-%28crude-estimate%29-%28-%29,2010,2010,2010,EMR,Eastern Mediterranean,ARE,United Arab Emirates,SEX,SEX_BTSX,Both sexes,38.323191,38.3 [35.2-41.4],35.221213,41.422772
NUTRITION_ANAEMIA_REPRODUCTIVEAGE_NUM,Number of women of reproductive age (aged 15-49 years) with anaemia (thousands),https://www.who.int/data/gho/data/indicators/indicator-details/GHO/anaemia-in-women-of-reproductive-age-number-%28in-thousands%29,2017,2017,2017,EMR,Eastern Mediterranean,ARE,United Arab Emirates,SEX,SEX_FMLE,Female,600,600.0 [295.1-1063.4],295.1,1063.4
NCD_BMI_PLUS2C,"Obesity among children and adolescents, BMI-for-age > +2 standard deviations above the median (crude estimate) (%)",https://www.who.int/data/gho/data/indicators/indicator-details/GHO/prevalence-of-obesity-among-children-and-adolescents-bmi-2-standard-deviations-above-the-median-%28crude-estimate%29-%28-%29,1990,1990,1990,EMR,Eastern Mediterranean,ARE,United Arab Emirates,SEX,SEX_FMLE,Female,7.3804773,7.4 [3.3-13.5],3.2834131,13.469934
NCD_BMI_18C,"Underweight among adults, BMI < 18.5 kg/m2 (crude estimate) (%)",https://www.who.int/data/gho/data/indicators/indicator-details/GHO/prevalence-of-underweight-among-adults-bmi-18-%28crude-estimate%29-%28-%29,2003,2003,2003,EMR,Eastern Mediterranean,ARE,United Arab Emirates,SEX,SEX_FMLE,Female,2.8558426,2.9 [2.0-3.9],2.0170152,3.8910534
NCD_BMI_MINUS2C,"Thinness among children and adolescents, BMI-for-age < -2 standard deviations below the median (%)",https://www.who.int/data/gho/data/indicators/indicator-details/GHO/prevalence-of-thinness-among-children-and-adolescents-bmi--2-standard-deviations-below-the-median-%28crude-estimate%29-%28-%29,1994,1994,1994,EMR,Eastern Mediterranean,ARE,United Arab Emirates,SEX,SEX_FMLE,Female,4.1363891,4.1 [2.0-7.3],2.003058,7.3075324
NCD_BMI_PLUS2C,"Obesity among children and adolescents, BMI-for-age > +2 standard deviations above the median (crude estimate) (%)",https://www.who.int/data/gho/data/indicators/indicator-details/GHO/prevalence-of-obesity-among-children-and-adolescents-bmi-2-standard-deviations-above-the-median-%28crude-estimate%29-%28-%29,1995,1995,1995,EMR,Eastern Mediterranean,ARE,United Arab Emirates,SEX,SEX_FMLE,Female,8.935976,8.9 [4.9-14.3],4.8754226,14.306781
NCD_BMI_25A,"Overweight among adults, BMI ≥ 25 kg/m2 (age-standardized estimate) (%)",https://www.who.int/data/gho/data/indicators/indicator-details/GHO/prevalence-of-overweight-among-adults-bmi--25-%28age-standardized-estimate%29-%28-%29,2016,2016,2016,EMR,Eastern Mediterranean,ARE,United Arab Emirates,SEX,SEX_FMLE,Female,69.435108,69.4 [66.5-72.3],66.516531,72.311485
NCD_BMI_18A,"Underweight among adults, BMI < 18.5 kg/m2 (age-standardized estimate) (%)",https://www.who.int/data/gho/data/indicators/indicator-details/GHO/prevalence-of-underweight-among-adults-bmi-18-%28age-standardized-estimate%29-%28-%29,2011,2011,2011,EMR,Eastern Mediterranean,ARE,United Arab Emirates,SEX,SEX_BTSX,Both sexes,2.7576597,2.8 [2.1-3.6],2.0742437,3.5845242
NCD_BMI_PLUS1C,"Overweight among children and adolescents, BMI-for-age > +1 standard deviations above the median (crude estimate) (%)",https://www.who.int/data/gho/data/indicators/indicator-details/GHO/prevalence-of-overweight-among-children-and-adolescents-bmi-1-standard-deviations-above-the-median-%28crude-estimate%29-%28-%29,2013,2013,2013,EMR,Eastern Mediterranean,ARE,United Arab Emirates,SEX,SEX_BTSX,Both sexes,40.75931,40.8 [38.5-43.0],38.528094,42.977059
NUTRITION_ANAEMIA_REPRODUCTIVEAGE_NUM,Number of women of reproductive age (aged 15-49 years) with anaemia (thousands),https://www.who.int/data/gho/data/indicators/indicator-details/GHO/anaemia-in-women-of-reproductive-age-number-%28in-thousands%29,2007,2007,2007,EMR,Eastern Mediterranean,ARE,United Arab Emirates,SEX,SEX_FMLE,Female,318.8,318.8 [162.4-564.2],162.4,564.2
NCD_BMI_MINUS2C,"Thinness among children and adolescents, BMI-for-age < -2 standard deviations below the median (%)",https://www.who.int/data/gho/data/indicators/indicator-details/GHO/prevalence-of-thinness-among-children-and-adolescents-bmi--2-standard-deviations-below-the-median-%28crude-estimate%29-%28-%29,2002,2002,2002,EMR,Eastern Mediterranean,ARE,United Arab Emirates,SEX,SEX_MLE,Male,3.4790985,3.5 [1.3-7.4],1.2840744,7.3820859
NCD_BMI_PLUS1C,"Overweight among children and adolescents, BMI-for-age > +1 standard deviations above the median (crude estimate) (%)",https://www.who.int/data/gho/data/indicators/indicator-details/GHO/prevalence-of-overweight-among-children-and-adolescents-bmi-1-standard-deviations-above-the-median-%28crude-estimate%29-%28-%29,2018,2018,2018,EMR,Eastern Mediterranean,ARE,United Arab Emirates,SEX,SEX_BTSX,Both sexes,40.174681,40.2 [33.4-47.0],33.356518,46.976146
NCD_BMI_PLUS1C,"Overweight among children and adolescents, BMI-for-age > +1 standard deviations above the median (crude estimate) (%)",https://www.who.int/data/gho/data/indicators/indicator-details/GHO/prevalence-of-overweight-among-children-and-adolescents-bmi-1-standard-deviations-above-the-median-%28crude-estimate%29-%28-%29,2013,2013,2013,EMR,Eastern Mediterranean,ARE,United Arab Emirates,SEX,SEX_FMLE,Female,36.126152,36.1 [27.6-45.0],27.611986,44.964632
NCD_BMI_25A,"Overweight among adults, BMI ≥ 25 kg/m2 (age-standardized estimate) (%)",https://www.who.int/data/gho/data/indicators/indicator-details/GHO/prevalence-of-overweight-among-adults-bmi--25-%28age-standardized-estimate%29-%28-%29,2017,2017,2017,EMR,Eastern Mediterranean,ARE,United Arab Emirates,SEX,SEX_BTSX,Both sexes,70.750529,70.8 [68.4-73.1],68.374979,73.108798
NCD_BMI_25C,"Overweight among adults, BMI ≥ 25 kg/m2 (crude estimate) (%)",https://www.who.int/data/gho/data/indicators/indicator-details/GHO/prevalence-of-overweight-among-adults-bmi-greaterequal-25-%28crude-estimate%29-%28-%29,2007,2007,2007,EMR,Eastern Mediterranean,ARE,United Arab Emirates,SEX,SEX_FMLE,Female,66.580212,66.6 [64.0-69.1],63.973904,69.134432
NCD_BMI_MINUS2C,"Thinness among children and adolescents, BMI-for-age < -2 standard deviations below the median (%)",https://www.who.int/data/gho/data/indicators/indicator-details/GHO/prevalence-of-thinness-among-children-and-adolescents-bmi--2-standard-deviations-below-the-median-%28crude-estimate%29-%28-%29,2016,2016,2016,EMR,Eastern Mediterranean,ARE,United Arab Emirates,SEX,SEX_FMLE,Female,3.0083148,3.0 [2.0-4.3],2.0277351,4.2604718
NCD_BMI_PLUS2C,"Obesity among children and adolescents, BMI-for-age > +2 standard deviations above the median (crude estimate) (%)",https://www.who.int/data/gho/data/indicators/indicator-details/GHO/prevalence-of-obesity-among-children-and-adolescents-bmi-2-standard-deviations-above-the-median-%28crude-estimate%29-%28-%29,2015,2015,2015,EMR,Eastern Mediterranean,ARE,United Arab Emirates,SEX,SEX_BTSX,Both sexes,18.316767,18.3 [15.3-21.6],15.304448,21.585248
NCD_BMI_PLUS2C,"Obesity among children and adolescents, BMI-for-age > +2 standard deviations above the median (crude estimate) (%)",https://www.who.int/data/gho/data/indicators/indicator-details/GHO/prevalence-of-obesity-among-children-and-adolescents-bmi-2-standard-deviations-above-the-median-%28crude-estimate%29-%28-%29,2014,2014,2014,EMR,Eastern Mediterranean,ARE,United Arab Emirates,SEX,SEX_BTSX,Both sexes,17.990451,18.0 [15.1-21.1],15.078518,21.148595
NCD_BMI_18A,"Underweight among adults, BMI < 18.5 kg/m2 (age-standardized estimate) (%)",https://www.who.int/data/gho/data/indicators/indicator-details/GHO/prevalence-of-underweight-among-adults-bmi-18-%28age-standardized-estimate%29-%28-%29,2017,2017,2017,EMR,Eastern Mediterranean,ARE,United Arab Emirates,SEX,SEX_BTSX,Both sexes,2.7410174,2.7 [2.0-3.7],1.983274,3.6576748
NCD_BMI_PLUS2C,"Obesity among children and adolescents, BMI-for-age > +2 standard deviations above the median (crude estimate) (%)",https://www.who.int/data/gho/data/indicators/indicator-details/GHO/prevalence-of-obesity-among-children-and-adolescents-bmi-2-standard-deviations-above-the-median-%28crude-estimate%29-%28-%29,2016,2016,2016,EMR,Eastern Mediterranean,ARE,United Arab Emirates,SEX,SEX_FMLE,Female,14.975372,15.0 [8.1-23.5],8.0742955,23.52117
NCD_BMI_18C,"Underweight among adults, BMI < 18.5 kg/m2 (crude estimate) (%)",https://www.who.int/data/gho/data/indicators/indicator-details/GHO/prevalence-of-underweight-among-adults-bmi-18-%28crude-estimate%29-%28-%29,2016,2016,2016,EMR,Eastern Mediterranean,ARE,United Arab Emirates,SEX,SEX_BTSX,Both sexes,2.544722,2.5 [1.8-3.4],1.8325284,3.4130022
NCD_BMI_18C,"Underweight among adults, BMI < 18.5 kg/m2 (crude estimate) (%)",https://www.who.int/data/gho/data/indicators/indicator-details/GHO/prevalence-of-underweight-among-adults-bmi-18-%28crude-estimate%29-%28-%29,2010,2010,2010,EMR,Eastern Mediterranean,ARE,United Arab Emirates,SEX,SEX_BTSX,Both sexes,2.564152,2.6 [1.9-3.4],1.8995577,3.3752598
NCD_BMI_PLUS2C,"Obesity among children and adolescents, BMI-for-age > +2 standard deviations above the median (crude estimate) (%)",https://www.who.int/data/gho/data/indicators/indicator-details/GHO/prevalence-of-obesity-among-children-and-adolescents-bmi-2-standard-deviations-above-the-median-%28crude-estimate%29-%28-%29,2020,2020,2020,EMR,Eastern Mediterranean,ARE,United Arab Emirates,SEX,SEX_BTSX,Both sexes,20.673044,20.7 [17.1-24.4],17.092395,24.378608
NCD_BMI_18A,"Underweight among adults, BMI < 18.5 kg/m2 (age-standardized estimate) (%)",https://www.who.int/data/gho/data/indicators/indicator-details/GHO/prevalence-of-underweight-among-adults-bmi-18-%28age-standardized-estimate%29-%28-%29,1996,1996,1996,EMR,Eastern Mediterranean,ARE,United Arab Emirates,SEX,SEX_MLE,Male,4.2264998,4.2 [2.7-6.1],2.6618797,6.1293554
NUTRITION_ANAEMIA_CHILDREN_NUM,Number of children aged 6-59 months with anaemia (thousands),https://www.who.int/data/gho/data/indicators/indicator-details/GHO/anaemia-in-children-under-5-years-number,2008,2008,2008,EMR,Eastern Mediterranean,ARE,United Arab Emirates,SEVERITY,SEVERITY_MILD,Mild,55.5,55.5 [27-97.2],27,97.2
NUTRITION_ANAEMIA_CHILDREN_PREV,Prevalence of anaemia in children aged 6-59 months (%),https://www.who.int/data/gho/data/indicators/indicator-details/GHO/anaemia-in-non-pregnant-women-number-%28in-thousands%29,2011,2011,2011,EMR,Eastern Mediterranean,ARE,United Arab Emirates,SEVERITY,SEVERITY_MODERATE,Moderate,4.8,4.8 [1.5-12.8],1.5,12.8
NUTRITION_ANAEMIA_CHILDREN_PREV,Prevalence of anaemia in children aged 6-59 months (%),https://www.who.int/data/gho/data/indicators/indicator-details/GHO/anaemia-in-non-pregnant-women-number-%28in-thousands%29,2006,2006,2006,EMR,Eastern Mediterranean,ARE,United Arab Emirates,SEVERITY,SEVERITY_MODERATE,Moderate,5,5.0 [1.4-14.0],1.4,14
NCD_BMI_PLUS1C,"Overweight among children and adolescents, BMI-for-age > +1 standard deviations above the median (crude estimate) (%)",https://www.who.int/data/gho/data/indicators/indicator-details/GHO/prevalence-of-overweight-among-children-and-adolescents-bmi-1-standard-deviations-above-the-median-%28crude-estimate%29-%28-%29,2016,2016,2016,EMR,Eastern Mediterranean,ARE,United Arab Emirates,SEX,SEX_FMLE,Female,37.499875,37.5 [28.6-46.5],28.612545,46.518958
NCD_BMI_18C,"Underweight among adults, BMI < 18.5 kg/m2 (crude estimate) (%)",https://www.who.int/data/gho/data/indicators/indicator-details/GHO/prevalence-of-underweight-among-adults-bmi-18-%28crude-estimate%29-%28-%29,2005,2005,2005,EMR,Eastern Mediterranean,ARE,United Arab Emirates,SEX,SEX_FMLE,Female,2.6047636,2.6 [1.8-3.5],1.8482801,3.5290603
NUTRITION_ANAEMIA_REPRODUCTIVEAGE_NUM,Number of women of reproductive age (aged 15-49 years) with anaemia (thousands),https://www.who.int/data/gho/data/indicators/indicator-details/GHO/anaemia-in-women-of-reproductive-age-number-%28in-thousands%29,2022,2022,2022,EMR,Eastern Mediterranean,ARE,United Arab Emirates,SEX,SEX_FMLE,Female,663.4,663.4 [265.6-1256.4],265.6,1256.4
NCD_BMI_MINUS2C,"Thinness among children and adolescents, BMI-for-age < -2 standard deviations below the median (%)",https://www.who.int/data/gho/data/indicators/indicator-details/GHO/prevalence-of-thinness-among-children-and-adolescents-bmi--2-standard-deviations-below-the-median-%28crude-estimate%29-%28-%29,1995,1995,1995,EMR,Eastern Mediterranean,ARE,United Arab Emirates,SEX,SEX_MLE,Male,5.2169528,5.2 [2.9-8.5],2.9052975,8.4756419
NCD_BMI_MINUS2C,"Thinness among children and adolescents, BMI-for-age < -2 standard deviations below the median (%)",https://www.who.int/data/gho/data/indicators/indicator-details/GHO/prevalence-of-thinness-among-children-and-adolescents-bmi--2-standard-deviations-below-the-median-%28crude-estimate%29-%28-%29,1993,1993,1993,EMR,Eastern Mediterranean,ARE,United Arab Emirates,SEX,SEX_MLE,Male,5.4318804,5.4 [2.9-9.1],2.8907988,9.0908282
NCD_BMI_25C,"Overweight among adults, BMI ≥ 25 kg/m2 (crude estimate) (%)",https://www.who.int/data/gho/data/indicators/indicator-details/GHO/prevalence-of-overweight-among-adults-bmi-greaterequal-25-%28crude-estimate%29-%28-%29,2005,2005,2005,EMR,Eastern Mediterranean,ARE,United Arab Emirates,SEX,SEX_MLE,Male,67.85832,67.9 [64.9-70.8],64.914423,70.842636
NCD_BMI_30A,"Obesity among adults, BMI ≥ 30 kg/m2 (age-standardized estimate) (%)",https://www.who.int/data/gho/data/indicators/indicator-details/GHO/prevalence-of-obesity-among-adults-bmi--30-%28age-standardized-estimate%29-%28-%29,2001,2001,2001,EMR,Eastern Mediterranean,ARE,United Arab Emirates,SEX,SEX_FMLE,Female,36.788201,36.8 [33.8-39.8],33.823943,39.818516
NUTRITION_ANAEMIA_REPRODUCTIVEAGE_NUM,Number of women of reproductive age (aged 15-49 years) with anaemia (thousands),https://www.who.int/data/gho/data/indicators/indicator-details/GHO/anaemia-in-women-of-reproductive-age-number-%28in-thousands%29,2019,2019,2019,EMR,Eastern Mediterranean,ARE,United Arab Emirates,SEX,SEX_FMLE,Female,610.3,610.3 [283.2-1097.4],283.2,1097.4
NCD_BMI_18C,"Underweight among adults, BMI < 18.5 kg/m2 (crude estimate) (%)",https://www.who.int/data/gho/data/indicators/indicator-details/GHO/prevalence-of-underweight-among-adults-bmi-18-%28crude-estimate%29-%28-%29,1998,1998,1998,EMR,Eastern Mediterranean,ARE,United Arab Emirates,SEX,SEX_MLE,Male,3.7302248,3.7 [2.4-5.5],2.3589546,5.4690976
NCD_BMI_PLUS1C,"Overweight among children and adolescents, BMI-for-age > +1 standard deviations above the median (crude estimate) (%)",https://www.who.int/data/gho/data/indicators/indicator-details/GHO/prevalence-of-overweight-among-children-and-adolescents-bmi-1-standard-deviations-above-the-median-%28crude-estimate%29-%28-%29,2012,2012,2012,EMR,Eastern Mediterranean,ARE,United Arab Emirates,SEX,SEX_MLE,Male,42.240602,42.2 [37.8-46.7],37.823573,46.74421
NCD_BMI_PLUS2C,"Obesity among children and adolescents, BMI-for-age > +2 standard deviations above the median (crude estimate) (%)",https://www.who.int/data/gho/data/indicators/indicator-details/GHO/prevalence-of-obesity-among-children-and-adolescents-bmi-2-standard-deviations-above-the-median-%28crude-estimate%29-%28-%29,2000,2000,2000,EMR,Eastern Mediterranean,ARE,United Arab Emirates,SEX,SEX_BTSX,Both sexes,12.990665,13.0 [9.9-16.3],9.9373102,16.335171
NCD_BMI_18C,"Underweight among adults, BMI < 18.5 kg/m2 (crude estimate) (%)",https://www.who.int/data/gho/data/indicators/indicator-details/GHO/prevalence-of-underweight-among-adults-bmi-18-%28crude-estimate%29-%28-%29,2002,2002,2002,EMR,Eastern Mediterranean,ARE,United Arab Emirates,SEX,SEX_FMLE,Female,2.9608546,3.0 [2.1-4.1],2.0742334,4.0565677
NCD_BMI_PLUS2C,"Obesity among children and adolescents, BMI-for-age > +2 standard deviations above the median (crude estimate) (%)",https://www.who.int/data/gho/data/indicators/indicator-details/GHO/prevalence-of-obesity-among-children-and-adolescents-bmi-2-standard-deviations-above-the-median-%28crude-estimate%29-%28-%29,1994,1994,1994,EMR,Eastern Mediterranean,ARE,United Arab Emirates,SEX,SEX_BTSX,Both sexes,10.313293,10.3 [6.9-14.3],6.909693,14.274436
NUTRITION_ANAEMIA_REPRODUCTIVEAGE_PREV,Prevalence of anaemia in women of reproductive age (aged 15-49) (%),https://www.who.int/data/gho/data/indicators/indicator-details/GHO/prevalence-of-anaemia-in-women-of-reproductive-age-%28-%29,2000,2000,2000,EMR,Eastern Mediterranean,ARE,United Arab Emirates,SEX,SEX_FMLE,Female,28.7,28.7 [13.1-51.8],13.1,51.8
NUTRITION_ANAEMIA_REPRODUCTIVEAGE_NUM,Number of women of reproductive age (aged 15-49 years) with anaemia (thousands),https://www.who.int/data/gho/data/indicators/indicator-details/GHO/anaemia-in-women-of-reproductive-age-number-%28in-thousands%29,2021,2021,2021,EMR,Eastern Mediterranean,ARE,United Arab Emirates,SEX,SEX_FMLE,Female,628.5,628.5 [265.6-1167.2],265.6,1167.2
NCD_BMI_30A,"Obesity among adults, BMI ≥ 30 kg/m2 (age-standardized estimate) (%)",https://www.who.int/data/gho/data/indicators/indicator-details/GHO/prevalence-of-obesity-among-adults-bmi--30-%28age-standardized-estimate%29-%28-%29,2017,2017,2017,EMR,Eastern Mediterranean,ARE,United Arab Emirates,SEX,SEX_FMLE,Female,39.210615,39.2 [35.7-42.7],35.74087,42.671299
NUTRITION_ANAEMIA_REPRODUCTIVEAGE_NUM,Number of women of reproductive age (aged 15-49 years) with anaemia (thousands),https://www.who.int/data/gho/data/indicators/indicator-details/GHO/anaemia-in-women-of-reproductive-age-number-%28in-thousands%29,2000,2000,2000,EMR,Eastern Mediterranean,ARE,United Arab Emirates,SEX,SEX_FMLE,Female,10.5,10.5 [5.7-14.5],5.7,14.5
NCD_BMI_PLUS2C,"Obesity among children and adolescents, BMI-for-age > +2 standard deviations above the median (crude estimate) (%)",https://www.who.int/data/gho/data/indicators/indicator-details/GHO/prevalence-of-obesity-among-children-and-adolescents-bmi-2-standard-deviations-above-the-median-%28crude-estimate%29-%28-%29,2011,2011,2011,EMR,Eastern Mediterranean,ARE,United Arab Emirates,SEX,SEX_FMLE,Female,13.521783,13.5 [7.3-21.4],7.3142998,21.396381
NCD_BMI_18C,"Underweight among adults, BMI < 18.5 kg/m2 (crude estimate) (%)",https://www.who.int/data/gho/data/indicators/indicator-details/GHO/prevalence-of-underweight-among-adults-bmi-18-%28crude-estimate%29-%28-%29,2009,2009,2009,EMR,Eastern Mediterranean,ARE,United Arab Emirates,SEX,SEX_BTSX,Both sexes,2.588586,2.6 [1.9-3.4],1.9256704,3.4036662
NCD_BMI_30C,"Obesity among adults, BMI ≥ 30 kg/m2 (crude estimate) (%)",https://www.who.int/data/gho/data/indicators/indicator-details/GHO/prevalence-of-obesity-among-adults-bmi--30-%28crude-estimate%29-%28-%29,1992,1992,1992,EMR,Eastern Mediterranean,ARE,United Arab Emirates,SEX,SEX_MLE,Male,15.905371,15.9 [12.5-19.8],12.496343,19.760808
NCD_BMI_PLUS1C,"Overweight among children and adolescents, BMI-for-age > +1 standard deviations above the median (crude estimate) (%)",https://www.who.int/data/gho/data/indicators/indicator-details/GHO/prevalence-of-overweight-among-children-and-adolescents-bmi-1-standard-deviations-above-the-median-%28crude-estimate%29-%28-%29,2009,2009,2009,EMR,Eastern Mediterranean,ARE,United Arab Emirates,SEX,SEX_MLE,Male,42.169818,42.2 [39.0-45.3],38.957334,45.349038
NCD_BMI_30C,"Obesity among adults, BMI ≥ 30 kg/m2 (crude estimate) (%)",https://www.who.int/data/gho/data/indicators/indicator-details/GHO/prevalence-of-obesity-among-adults-bmi--30-%28crude-estimate%29-%28-%29,2008,2008,2008,EMR,Eastern Mediterranean,ARE,United Arab Emirates,SEX,SEX_FMLE,Female,36.343494,36.3 [33.5-39.2],33.513367,39.212164
NCD_BMI_PLUS1C,"Overweight among children and adolescents, BMI-for-age > +1 standard deviations above the median (crude estimate) (%)",https://www.who.int/data/gho/data/indicators/indicator-details/GHO/prevalence-of-overweight-among-children-and-adolescents-bmi-1-standard-deviations-above-the-median-%28crude-estimate%29-%28-%29,2008,2008,2008,EMR,Eastern Mediterranean,ARE,United Arab Emirates,SEX,SEX_FMLE,Female,34.712657,34.7 [31.6-37.9],31.596354,37.93855
NCD_BMI_MINUS2C,"Thinness among children and adolescents, BMI-for-age < -2 standard deviations below the median (%)",https://www.who.int/data/gho/data/indicators/indicator-details/GHO/prevalence-of-thinness-among-children-and-adolescents-bmi--2-standard-deviations-below-the-median-%28crude-estimate%29-%28-%29,2013,2013,2013,EMR,Eastern Mediterranean,ARE,United Arab Emirates,SEX,SEX_BTSX,Both sexes,3.914712,3.9 [3.1-4.8],3.1261005,4.7924604
NUTRITION_ANAEMIA_CHILDREN_NUM,Number of children aged 6-59 months with anaemia (thousands),https://www.who.int/data/gho/data/indicators/indicator-details/GHO/anaemia-in-children-under-5-years-number,2019,2019,2019,EMR,Eastern Mediterranean,ARE,United Arab Emirates,SEVERITY,SEVERITY_TOTAL,Total,103,103 [38.2-191],38.2,191
NCD_BMI_MINUS2C,"Thinness among children and adolescents, BMI-for-age < -2 standard deviations below the median (%)",https://www.who.int/data/gho/data/indicators/indicator-details/GHO/prevalence-of-thinness-among-children-and-adolescents-bmi--2-standard-deviations-below-the-median-%28crude-estimate%29-%28-%29,2021,2021,2021,EMR,Eastern Mediterranean,ARE,United Arab Emirates,SEX,SEX_BTSX,Both sexes,3.1402551,3.1 [1.5-5.8],1.457247,5.7590861
NCD_BMI_PLUS2C,"Obesity among children and adolescents, BMI-for-age > +2 standard deviations above the median (crude estimate) (%)",https://www.who.int/data/gho/data/indicators/indicator-details/GHO/prevalence-of-obesity-among-children-and-adolescents-bmi-2-standard-deviations-above-the-median-%28crude-estimate%29-%28-%29,1997,1997,1997,EMR,Eastern Mediterranean,ARE,United Arab Emirates,SEX,SEX_MLE,Male,12.763701,12.8 [7.9-18.5],7.9333767,18.492314
NCD_BMI_PLUS2C,"Obesity among children and adolescents, BMI-for-age > +2 standard deviations above the median (crude estimate) (%)",https://www.who.int/data/gho/data/indicators/indicator-details/GHO/prevalence-of-obesity-among-children-and-adolescents-bmi-2-standard-deviations-above-the-median-%28crude-estimate%29-%28-%29,1996,1996,1996,EMR,Eastern Mediterranean,ARE,United Arab Emirates,SEX,SEX_BTSX,Both sexes,10.098122,10.1 [5.5-15.9],5.5015378,15.88418
NCD_BMI_PLUS1C,"Overweight among children and adolescents, BMI-for-age > +1 standard deviations above the median (crude estimate) (%)",https://www.who.int/data/gho/data/indicators/indicator-details/GHO/prevalence-of-overweight-among-children-and-adolescents-bmi-1-standard-deviations-above-the-median-%28crude-estimate%29-%28-%29,2021,2021,2021,EMR,Eastern Mediterranean,ARE,United Arab Emirates,SEX,SEX_MLE,Male,48.12617,48.1 [41.7-54.5],41.733986,54.48941
NCD_BMI_PLUS2C,"Obesity among children and adolescents, BMI-for-age > +2 standard deviations above the median (crude estimate) (%)",https://www.who.int/data/gho/data/indicators/indicator-details/GHO/prevalence-of-obesity-among-children-and-adolescents-bmi-2-standard-deviations-above-the-median-%28crude-estimate%29-%28-%29,2012,2012,2012,EMR,Eastern Mediterranean,ARE,United Arab Emirates,SEX,SEX_MLE,Male,20.320994,20.3 [16.2-24.8],16.219281,24.81626
NCD_BMI_30A,"Obesity among adults, BMI ≥ 30 kg/m2 (age-standardized estimate) (%)",https://www.who.int/data/gho/data/indicators/indicator-details/GHO/prevalence-of-obesity-among-adults-bmi--30-%28age-standardized-estimate%29-%28-%29,1999,1999,1999,EMR,Eastern Mediterranean,ARE,United Arab Emirates,SEX,SEX_FMLE,Female,35.830408,35.8 [32.7-39.0],32.688418,39.009428
NCD_BMI_PLUS2C,"Obesity among children and adolescents, BMI-for-age > +2 standard deviations above the median (crude estimate) (%)",https://www.who.int/data/gho/data/indicators/indicator-details/GHO/prevalence-of-obesity-among-children-and-adolescents-bmi-2-standard-deviations-above-the-median-%28crude-estimate%29-%28-%29,2020,2020,2020,EMR,Eastern Mediterranean,ARE,United Arab Emirates,SEX,SEX_BTSX,Both sexes,19.970825,20.0 [15.9-24.4],15.858586,24.417377
NCD_BMI_30C,"Obesity among adults, BMI ≥ 30 kg/m2 (crude estimate) (%)",https://www.who.int/data/gho/data/indicators/indicator-details/GHO/prevalence-of-obesity-among-adults-bmi--30-%28crude-estimate%29-%28-%29,1997,1997,1997,EMR,Eastern Mediterranean,ARE,United Arab Emirates,SEX,SEX_FMLE,Female,31.260136,31.3 [28.0-34.7],27.985507,34.662455
NCD_BMI_PLUS1C,"Overweight among children and adolescents, BMI-for-age > +1 standard deviations above the median (crude estimate) (%)",https://www.who.int/data/gho/data/indicators/indicator-details/GHO/prevalence-of-overweight-among-children-and-adolescents-bmi-1-standard-deviations-above-the-median-%28crude-estimate%29-%28-%29,2007,2007,2007,EMR,Eastern Mediterranean,ARE,United Arab Emirates,SEX,SEX_BTSX,Both sexes,37.941357,37.9 [35.6-40.4],35.552305,40.350184
NCD_BMI_PLUS1C,"Overweight among children and adolescents, BMI-for-age > +1 standard deviations above the median (crude estimate) (%)",https://www.who.int/data/gho/data/indicators/indicator-details/GHO/prevalence-of-overweight-among-children-and-adolescents-bmi-1-standard-deviations-above-the-median-%28crude-estimate%29-%28-%29,2017,2017,2017,EMR,Eastern Mediterranean,ARE,United Arab Emirates,SEX,SEX_MLE,Male,44.65183,44.7 [39.3-50.0],39.274696,50.038725
NCD_BMI_MINUS2C,"Thinness among children and adolescents, BMI-for-age < -2 standard deviations below the median (%)",https://www.who.int/data/gho/data/indicators/indicator-details/GHO/prevalence-of-thinness-among-children-and-adolescents-bmi--2-standard-deviations-below-the-median-%28crude-estimate%29-%28-%29,1992,1992,1992,EMR,Eastern Mediterranean,ARE,United Arab Emirates,SEX,SEX_BTSX,Both sexes,4.2330548,4.2 [2.0-7.7],1.9715004,7.6883554
NCD_BMI_30A,"Obesity among adults, BMI ≥ 30 kg/m2 (age-standardized estimate) (%)",https://www.who.int/data/gho/data/indicators/indicator-details/GHO/prevalence-of-obesity-among-adults-bmi--30-%28age-standardized-estimate%29-%28-%29,2007,2007,2007,EMR,Eastern Mediterranean,ARE,United Arab Emirates,SEX,SEX_BTSX,Both sexes,29.392409,29.4 [27.2-31.6],27.208632,31.639522
NCD_BMI_PLUS1C,"Overweight among children and adolescents, BMI-for-age > +1 standard deviations above the median (crude estimate) (%)",https://www.who.int/data/gho/data/indicators/indicator-details/GHO/prevalence-of-overweight-among-children-and-adolescents-bmi-1-standard-deviations-above-the-median-%28crude-estimate%29-%28-%29,1992,1992,1992,EMR,Eastern Mediterranean,ARE,United Arab Emirates,SEX,SEX_FMLE,Female,25.561267,25.6 [18.6-33.1],18.603057,33.078435
NUTRITION_ANAEMIA_REPRODUCTIVEAGE_NUM,Number of women of reproductive age (aged 15-49 years) with anaemia (thousands),https://www.who.int/data/gho/data/indicators/indicator-details/GHO/anaemia-in-women-of-reproductive-age-number-%28in-thousands%29,2005,2005,2005,EMR,Eastern Mediterranean,ARE,United Arab Emirates,SEX,SEX_FMLE,Female,256.9,256.9 [127.3-452.7],127.3,452.7
NCD_BMI_25C,"Overweight among adults, BMI ≥ 25 kg/m2 (crude estimate) (%)",https://www.who.int/data/gho/data/indicators/indicator-details/GHO/prevalence-of-overweight-among-adults-bmi-greaterequal-25-%28crude-estimate%29-%28-%29,2020,2020,2020,EMR,Eastern Mediterranean,ARE,United Arab Emirates,SEX,SEX_FMLE,Female,66.78316,66.8 [62.9-70.7],62.884343,70.695245
NCD_BMI_PLUS2C,"Obesity among children and adolescents, BMI-for-age > +2 standard deviations above the median (crude estimate) (%)",https://www.who.int/data/gho/data/indicators/indicator-details/GHO/prevalence-of-obesity-among-children-and-adolescents-bmi-2-standard-deviations-above-the-median-%28crude-estimate%29-%28-%29,1990,1990,1990,EMR,Eastern Mediterranean,ARE,United Arab Emirates,SEX,SEX_FMLE,Female,7.2721042,7.3 [3.1-13.6],3.0713269,13.593039
NCD_BMI_PLUS2C,"Obesity among children and adolescents, BMI-for-age > +2 standard deviations above the median (crude estimate) (%)",https://www.who.int/data/gho/data/indicators/indicator-details/GHO/prevalence-of-obesity-among-children-and-adolescents-bmi-2-standard-deviations-above-the-median-%28crude-estimate%29-%28-%29,2003,2003,2003,EMR,Eastern Mediterranean,ARE,United Arab Emirates,SEX,SEX_BTSX,Both sexes,14.921372,14.9 [12.4-17.6],12.395172,17.633219
NCD_BMI_PLUS2C,"Obesity among children and adolescents, BMI-for-age > +2 standard deviations above the median (crude estimate) (%)",https://www.who.int/data/gho/data/indicators/indicator-details/GHO/prevalence-of-obesity-among-children-and-adolescents-bmi-2-standard-deviations-above-the-median-%28crude-estimate%29-%28-%29,2014,2014,2014,EMR,Eastern Mediterranean,ARE,United Arab Emirates,SEX,SEX_FMLE,Female,15.032777,15.0 [12.3-18.0],12.278386,18.03073
NCD_BMI_30A,"Obesity among adults, BMI ≥ 30 kg/m2 (age-standardized estimate) (%)",https://www.who.int/data/gho/data/indicators/indicator-details/GHO/prevalence-of-obesity-among-adults-bmi--30-%28age-standardized-estimate%29-%28-%29,2020,2020,2020,EMR,Eastern Mediterranean,ARE,United Arab Emirates,SEX,SEX_FMLE,Female,38.92737,38.9 [34.8-43.1],34.826824,43.086353
NCD_BMI_MINUS2C,"Thinness among children and adolescents, BMI-for-age < -2 standard deviations below the median (%)",https://www.who.int/data/gho/data/indicators/indicator-details/GHO/prevalence-of-thinness-among-children-and-adolescents-bmi--2-standard-deviations-below-the-median-%28crude-estimate%29-%28-%29,2008,2008,2008,EMR,Eastern Mediterranean,ARE,United Arab Emirates,SEX,SEX_BTSX,Both sexes,3.068926,3.1 [1.6-5.3],1.6077565,5.2709311
NCD_BMI_PLUS2C,"Obesity among children and adolescents, BMI-for-age > +2 standard deviations above the median (crude estimate) (%)",https://www.who.int/data/gho/data/indicators/indicator-details/GHO/prevalence-of-obesity-among-children-and-adolescents-bmi-2-standard-deviations-above-the-median-%28crude-estimate%29-%28-%29,1999,1999,1999,EMR,Eastern Mediterranean,ARE,United Arab Emirates,SEX,SEX_MLE,Male,14.458543,14.5 [10.0-19.5],10.039572,19.474776
NUTRITION_ANAEMIA_CHILDREN_NUM,Number of children aged 6-59 months with anaemia (thousands),https://www.who.int/data/gho/data/indicators/indicator-details/GHO/anaemia-in-children-under-5-years-number,2005,2005,2005,EMR,Eastern Mediterranean,ARE,United Arab Emirates,SEVERITY,SEVERITY_MILD,Mild,40.7,40.7 [20-72.6],20,72.6
NCD_BMI_PLUS2C,"Obesity among children and adolescents, BMI-for-age > +2 standard deviations above the median (crude estimate) (%)",https://www.who.int/data/gho/data/indicators/indicator-details/GHO/prevalence-of-obesity-among-children-and-adolescents-bmi-2-standard-deviations-above-the-median-%28crude-estimate%29-%28-%29,1995,1995,1995,EMR,Eastern Mediterranean,ARE,United Arab Emirates,SEX,SEX_FMLE,Female,9.0684108,9.1 [5.2-13.9],5.1919971,13.861457
NUTRITION_ANAEMIA_REPRODUCTIVEAGE_PREV,Prevalence of anaemia in women of reproductive age (aged 15-49) (%),https://www.who.int/data/gho/data/indicators/indicator-details/GHO/prevalence-of-anaemia-in-women-of-reproductive-age-%28-%29,2012,2012,2012,EMR,Eastern Mediterranean,ARE,United Arab Emirates,SEX,SEX_FMLE,Female,28.7,28.7 [15.4-40.4],15.4,40.4
NCD_BMI_MINUS2C,"Thinness among children and adolescents, BMI-for-age < -2 standard deviations below the median (%)",https://www.who.int/data/gho/data/indicators/indicator-details/GHO/prevalence-of-thinness-among-children-and-adolescents-bmi--2-standard-deviations-below-the-median-%28crude-estimate%29-%28-%29,2020,2020,2020,EMR,Eastern Mediterranean,ARE,United Arab Emirates,SEX,SEX_FMLE,Female,2.9673334,3.0 [1.5-5.1],1.5417384,5.10679
NCD_BMI_MINUS2C,"Thinness among children and adolescents, BMI-for-age < -2 standard deviations below the median (%)",https://www.who.int/data/gho/data/indicators/indicator-details/GHO/prevalence-of-thinness-among-children-and-adolescents-bmi--2-standard-deviations-below-the-median-%28crude-estimate%29-%28-%29,2003,2003,2003,EMR,Eastern Mediterranean,ARE,United Arab Emirates,SEX,SEX_MLE,Male,4.668301,4.7 [3.0-6.7],3.0258037,6.7440473
NCD_BMI_30A,"Obesity among adults, BMI ≥ 30 kg/m2 (age-standardized estimate) (%)",https://www.who.int/data/gho/data/indicators/indicator-details/GHO/prevalence-of-obesity-among-adults-bmi--30-%28age-standardized-estimate%29-%28-%29,1993,1993,1993,EMR,Eastern Mediterranean,ARE,United Arab Emirates,SEX,SEX_BTSX,Both sexes,20.57936,20.6 [18.0-23.5],17.985511,23.451431
NCD_BMI_MINUS2C,"Thinness among children and adolescents, BMI-for-age < -2 standard deviations below the median (%)",https://www.who.int/data/gho/data/indicators/indicator-details/GHO/prevalence-of-thinness-among-children-and-adolescents-bmi--2-standard-deviations-below-the-median-%28crude-estimate%29-%28-%29,2001,2001,2001,EMR,Eastern Mediterranean,ARE,United Arab Emirates,SEX,SEX_BTSX,Both sexes,3.4051761,3.4 [1.7-5.9],1.7160868,5.9356637
NCD_BMI_PLUS2C,"Obesity among children and adolescents, BMI-for-age > +2 standard deviations above the median (crude estimate) (%)",https://www.who.int/data/gho/data/indicators/indicator-details/GHO/prevalence-of-obesity-among-children-and-adolescents-bmi-2-standard-deviations-above-the-median-%28crude-estimate%29-%28-%29,2012,2012,2012,EMR,Eastern Mediterranean,ARE,United Arab Emirates,SEX,SEX_FMLE,Female,13.781299,13.8 [7.5-21.7],7.4918099,21.667315
NCD_BMI_30C,"Obesity among adults, BMI ≥ 30 kg/m2 (crude estimate) (%)",https://www.who.int/data/gho/data/indicators/indicator-details/GHO/prevalence-of-obesity-among-adults-bmi--30-%28crude-estimate%29-%28-%29,2002,2002,2002,EMR,Eastern Mediterranean,ARE,United Arab Emirates,SEX,SEX_MLE,Male,22.876328,22.9 [19.9-25.9],19.934541,25.948837
NCD_BMI_MINUS2C,"Thinness among children and adolescents, BMI-for-age < -2 standard deviations below the median (%)",https://www.who.int/data/gho/data/indicators/indicator-details/GHO/prevalence-of-thinness-among-children-and-adolescents-bmi--2-standard-deviations-below-the-median-%28crude-estimate%29-%28-%29,1991,1991,1991,EMR,Eastern Mediterranean,ARE,United Arab Emirates,SEX,SEX_MLE,Male,6.4090893,6.4 [3.4-10.4],3.413327,10.434146
NUTRITION_ANAEMIA_REPRODUCTIVEAGE_PREV,Prevalence of anaemia in women of reproductive age (aged 15-49) (%),https://www.who.int/data/gho/data/indicators/indicator-details/GHO/prevalence-of-anaemia-in-women-of-reproductive-age-%28-%29,2022,2022,2022,EMR,Eastern Mediterranean,ARE,United Arab Emirates,SEX,SEX_FMLE,Female,28.1,28.1 [11.5-52.5],11.5,52.5
NCD_BMI_PLUS1C,"Overweight among children and adolescents, BMI-for-age > +1 standard deviations above the median (crude estimate) (%)",https://www.who.int/data/gho/data/indicators/indicator-details/GHO/prevalence-of-overweight-among-children-and-adolescents-bmi-1-standard-deviations-above-the-median-%28crude-estimate%29-%28-%29,2010,2010,2010,EMR,Eastern Mediterranean,ARE,United Arab Emirates,SEX,SEX_FMLE,Female,35.396397,35.4 [32.4-38.5],32.427549,38.452548
NCD_BMI_MINUS2C,"Thinness among children and adolescents, BMI-for-age < -2 standard deviations below the median (%)",https://www.who.int/data/gho/data/indicators/indicator-details/GHO/prevalence-of-thinness-among-children-and-adolescents-bmi--2-standard-deviations-below-the-median-%28crude-estimate%29-%28-%29,2001,2001,2001,EMR,Eastern Mediterranean,ARE,United Arab Emirates,SEX,SEX_FMLE,Female,3.2794598,3.3 [1.9-5.3],1.8894918,5.2596495
NCD_BMI_PLUS1C,"Overweight among children and adolescents, BMI-for-age > +1 standard deviations above the median (crude estimate) (%)",https://www.who.int/data/gho/data/indicators/indicator-details/GHO/prevalence-of-overweight-among-children-and-adolescents-bmi-1-standard-deviations-above-the-median-%28crude-estimate%29-%28-%29,2005,2005,2005,EMR,Eastern Mediterranean,ARE,United Arab Emirates,SEX,SEX_FMLE,Female,33.239156,33.2 [29.7-36.8],29.742774,36.843064
NCD_BMI_25C,"Overweight among adults, BMI ≥ 25 kg/m2 (crude estimate) (%)",https://www.who.int/data/gho/data/indicators/indicator-details/GHO/prevalence-of-overweight-among-adults-bmi-greaterequal-25-%28crude-estimate%29-%28-%29,2017,2017,2017,EMR,Eastern Mediterranean,ARE,United Arab Emirates,SEX,SEX_MLE,Male,72.009885,72.0 [68.7-75.2],68.71146,75.162667
NUTRITION_ANAEMIA_REPRODUCTIVEAGE_PREV,Prevalence of anaemia in women of reproductive age (aged 15-49) (%),https://www.who.int/data/gho/data/indicators/indicator-details/GHO/prevalence-of-anaemia-in-women-of-reproductive-age-%28-%29,2020,2020,2020,EMR,Eastern Mediterranean,ARE,United Arab Emirates,SEX,SEX_FMLE,Female,28.6,28.6 [14.6-40.7],14.6,40.7
NUTRITION_ANAEMIA_CHILDREN_PREV,Prevalence of anaemia in children aged 6-59 months (%),https://www.who.int/data/gho/data/indicators/indicator-details/GHO/anaemia-in-non-pregnant-women-number-%28in-thousands%29,2012,2012,2012,EMR,Eastern Mediterranean,ARE,United Arab Emirates,SEVERITY,SEVERITY_MILD,Mild,14.6,14.6 [7.2-24.9],7.2,24.9
NUTRITION_ANAEMIA_REPRODUCTIVEAGE_NUM,Number of women of reproductive age (aged 15-49 years) with anaemia (thousands),https://www.who.int/data/gho/data/indicators/indicator-details/GHO/anaemia-in-women-of-reproductive-age-number-%28in-thousands%29,2020,2020,2020,EMR,Eastern Mediterranean,ARE,United Arab Emirates,SEX,SEX_FMLE,Female,600.5,600.5 [267.0-1102.2],267,1102.2
NCD_BMI_25A,"Overweight among adults, BMI ≥ 25 kg/m2 (age-standardized estimate) (%)",https://www.who.int/data/gho/data/indicators/indicator-details/GHO/prevalence-of-overweight-among-adults-bmi--25-%28age-standardized-estimate%29-%28-%29,1990,1990,1990,EMR,Eastern Mediterranean,ARE,United Arab Emirates,SEX,SEX_MLE,Male,54.220551,54.2 [48.5-59.8],48.482946,59.792769
NCD_BMI_18A,"Underweight among adults, BMI < 18.5 kg/m2 (age-standardized estimate) (%)",https://www.who.int/data/gho/data/indicators/indicator-details/GHO/prevalence-of-underweight-among-adults-bmi-18-%28age-standardized-estimate%29-%28-%29,2004,2004,2004,EMR,Eastern Mediterranean,ARE,United Arab Emirates,SEX,SEX_FMLE,Female,2.4329802,2.4 [1.7-3.3],1.7250963,3.3086549
NUTRITION_ANAEMIA_REPRODUCTIVEAGE_PREV,Prevalence of anaemia in women of reproductive age (aged 15-49) (%),https://www.who.int/data/gho/data/indicators/indicator-details/GHO/prevalence-of-anaemia-in-women-of-reproductive-age-%28-%29,2016,2016,2016,EMR,Eastern Mediterranean,ARE,United Arab Emirates,SEX,SEX_FMLE,Female,28.2,28.2 [13.6-50.4],13.6,50.4
NCD_BMI_25C,"Overweight among adults, BMI ≥ 25 kg/m2 (crude estimate) (%)",https://www.who.int/data/gho/data/indicators/indicator-details/GHO/prevalence-of-overweight-among-adults-bmi-greaterequal-25-%28crude-estimate%29-%28-%29,2007,2007,2007,EMR,Eastern Mediterranean,ARE,United Arab Emirates,SEX,SEX_BTSX,Both sexes,68.571085,68.6 [66.3-70.8],66.341072,70.82563
NCD_BMI_PLUS2C,"Obesity among children and adolescents, BMI-for-age > +2 standard deviations above the median (crude estimate) (%)",https://www.who.int/data/gho/data/indicators/indicator-details/GHO/prevalence-of-obesity-among-children-and-adolescents-bmi-2-standard-deviations-above-the-median-%28crude-estimate%29-%28-%29,2022,2022,2022,EMR,Eastern Mediterranean,ARE,United Arab Emirates,SEX,SEX_FMLE,Female,16.617484,16.6 [8.2-27.0],8.1787273,26.967579
NCD_BMI_30A,"Obesity among adults, BMI ≥ 30 kg/m2 (age-standardized estimate) (%)",https://www.who.int/data/gho/data/indicators/indicator-details/GHO/prevalence-of-obesity-among-adults-bmi--30-%28age-standardized-estimate%29-%28-%29,2008,2008,2008,EMR,Eastern Mediterranean,ARE,United Arab Emirates,SEX,SEX_FMLE,Female,38.647389,38.6 [35.8-41.5],35.80378,41.54968
NCD_BMI_PLUS2C,"Obesity among children and adolescents, BMI-for-age > +2 standard deviations above the median (crude estimate) (%)",https://www.who.int/data/gho/data/indicators/indicator-details/GHO/prevalence-of-obesity-among-children-and-adolescents-bmi-2-standard-deviations-above-the-median-%28crude-estimate%29-%28-%29,2021,2021,2021,EMR,Eastern Mediterranean,ARE,United Arab Emirates,SEX,SEX_BTSX,Both sexes,20.992024,21.0 [17.0-25.2],16.96997,25.185224
NCD_BMI_25A,"Overweight among adults, BMI ≥ 25 kg/m2 (age-standardized estimate) (%)",https://www.who.int/data/gho/data/indicators/indicator-details/GHO/prevalence-of-overweight-among-adults-bmi--25-%28age-standardized-estimate%29-%28-%29,1992,1992,1992,EMR,Eastern Mediterranean,ARE,United Arab Emirates,SEX,SEX_FMLE,Female,61.788744,61.8 [56.9-66.5],56.891465,66.544104
NCD_BMI_MINUS2C,"Thinness among children and adolescents, BMI-for-age < -2 standard deviations below the median (%)",https://www.who.int/data/gho/data/indicators/indicator-details/GHO/prevalence-of-thinness-among-children-and-adolescents-bmi--2-standard-deviations-below-the-median-%28crude-estimate%29-%28-%29,2009,2009,2009,EMR,Eastern Mediterranean,ARE,United Arab Emirates,SEX,SEX_MLE,Male,4.2241104,4.2 [2.9-6.0],2.8893579,6.0167857
NCD_BMI_18C,"Underweight among adults, BMI < 18.5 kg/m2 (crude estimate) (%)",https://www.who.int/data/gho/data/indicators/indicator-details/GHO/prevalence-of-underweight-among-adults-bmi-18-%28crude-estimate%29-%28-%29,1993,1993,1993,EMR,Eastern Mediterranean,ARE,United Arab Emirates,SEX,SEX_MLE,Male,4.2600021,4.3 [2.5-6.6],2.4762439,6.5921135
NCD_BMI_MINUS2C,"Thinness among children and adolescents, BMI-for-age < -2 standard deviations below the median (%)",https://www.who.int/data/gho/data/indicators/indicator-details/GHO/prevalence-of-thinness-among-children-and-adolescents-bmi--2-standard-deviations-below-the-median-%28crude-estimate%29-%28-%29,2020,2020,2020,EMR,Eastern Mediterranean,ARE,United Arab Emirates,SEX,SEX_MLE,Male,3.326004,3.3 [1.1-7.3],1.0745822,7.2639033
NUTRITION_ANAEMIA_CHILDREN_NUM,Number of children aged 6-59 months with anaemia (thousands),https://www.who.int/data/gho/data/indicators/indicator-details/GHO/anaemia-in-children-under-5-years-number,2001,2001,2001,EMR,Eastern Mediterranean,ARE,United Arab Emirates,SEVERITY,SEVERITY_TOTAL,Total,49.1,49.1 [21.7-93.8],21.7,93.8
NCD_BMI_PLUS2C,"Obesity among children and adolescents, BMI-for-age > +2 standard deviations above the median (crude estimate) (%)",https://www.who.int/data/gho/data/indicators/indicator-details/GHO/prevalence-of-obesity-among-children-and-adolescents-bmi-2-standard-deviations-above-the-median-%28crude-estimate%29-%28-%29,2018,2018,2018,EMR,Eastern Mediterranean,ARE,United Arab Emirates,SEX,SEX_BTSX,Both sexes,19.323695,19.3 [15.8-23.1],15.802771,23.120113
NCD_BMI_PLUS2C,"Obesity among children and adolescents, BMI-for-age > +2 standard deviations above the median (crude estimate) (%)",https://www.who.int/data/gho/data/indicators/indicator-details/GHO/prevalence-of-obesity-among-children-and-adolescents-bmi-2-standard-deviations-above-the-median-%28crude-estimate%29-%28-%29,2020,2020,2020,EMR,Eastern Mediterranean,ARE,United Arab Emirates,SEX,SEX_FMLE,Female,16.88925,16.9 [12.2-22.2],12.212343,22.158387
NCD_BMI_PLUS1C,"Overweight among children and adolescents, BMI-for-age > +1 standard deviations above the median (crude estimate) (%)",https://www.who.int/data/gho/data/indicators/indicator-details/GHO/prevalence-of-overweight-among-children-and-adolescents-bmi-1-standard-deviations-above-the-median-%28crude-estimate%29-%28-%29,2011,2011,2011,EMR,Eastern Mediterranean,ARE,United Arab Emirates,SEX,SEX_BTSX,Both sexes,36.99553,37.0 [30.9-43.2],30.930051,43.216056
NCD_BMI_MINUS2C,"Thinness among children and adolescents, BMI-for-age < -2 standard deviations below the median (%)",https://www.who.int/data/gho/data/indicators/indicator-details/GHO/prevalence-of-thinness-among-children-and-adolescents-bmi--2-standard-deviations-below-the-median-%28crude-estimate%29-%28-%29,2012,2012,2012,EMR,Eastern Mediterranean,ARE,United Arab Emirates,SEX,SEX_MLE,Male,4.728663,4.7 [3.5-6.2],3.5176832,6.1589498
NCD_BMI_PLUS1C,"Overweight among children and adolescents, BMI-for-age > +1 standard deviations above the median (crude estimate) (%)",https://www.who.int/data/gho/data/indicators/indicator-details/GHO/prevalence-of-overweight-among-children-and-adolescents-bmi-1-standard-deviations-above-the-median-%28crude-estimate%29-%28-%29,1997,1997,1997,EMR,Eastern Mediterranean,ARE,United Arab Emirates,SEX,SEX_MLE,Male,31.724948,31.7 [25.6-37.9],25.644433,37.937513
NCD_BMI_MINUS2C,"Thinness among children and adolescents, BMI-for-age < -2 standard deviations below the median (%)",https://www.who.int/data/gho/data/indicators/indicator-details/GHO/prevalence-of-thinness-among-children-and-adolescents-bmi--2-standard-deviations-below-the-median-%28crude-estimate%29-%28-%29,2007,2007,2007,EMR,Eastern Mediterranean,ARE,United Arab Emirates,SEX,SEX_MLE,Male,4.8688237,4.9 [3.5-6.5],3.5060342,6.4746305
NUTRITION_ANAEMIA_CHILDREN_PREV,Prevalence of anaemia in children aged 6-59 months (%),https://www.who.int/data/gho/data/indicators/indicator-details/GHO/anaemia-in-non-pregnant-women-number-%28in-thousands%29,2010,2010,2010,EMR,Eastern Mediterranean,ARE,United Arab Emirates,SEVERITY,SEVERITY_SEVERE,Severe,0.1,0.1 [0.0-0.3],0,0.3
NUTRITION_ANAEMIA_REPRODUCTIVEAGE_NUM,Number of women of reproductive age (aged 15-49 years) with anaemia (thousands),https://www.who.int/data/gho/data/indicators/indicator-details/GHO/anaemia-in-women-of-reproductive-age-number-%28in-thousands%29,2003,2003,2003,EMR,Eastern Mediterranean,ARE,United Arab Emirates,SEX,SEX_FMLE,Female,233.9,233.9 [113.7-413.6],113.7,413.6
NCD_BMI_18C,"Underweight among adults, BMI < 18.5 kg/m2 (crude estimate) (%)",https://www.who.int/data/gho/data/indicators/indicator-details/GHO/prevalence-of-underweight-among-adults-bmi-18-%28crude-estimate%29-%28-%29,2010,2010,2010,EMR,Eastern Mediterranean,ARE,United Arab Emirates,SEX,SEX_FMLE,Female,2.5323534,2.5 [1.8-3.4],1.7866313,3.4095559
NCD_BMI_PLUS1C,"Overweight among children and adolescents, BMI-for-age > +1 standard deviations above the median (crude estimate) (%)",https://www.who.int/data/gho/data/indicators/indicator-details/GHO/prevalence-of-overweight-among-children-and-adolescents-bmi-1-standard-deviations-above-the-median-%28crude-estimate%29-%28-%29,2004,2004,2004,EMR,Eastern Mediterranean,ARE,United Arab Emirates,SEX,SEX_FMLE,Female,32.455656,32.5 [27.8-37.3],27.785644,37.320086
NCD_BMI_30C,"Obesity among adults, BMI ≥ 30 kg/m2 (crude estimate) (%)",https://www.who.int/data/gho/data/indicators/indicator-details/GHO/prevalence-of-obesity-among-adults-bmi--30-%28crude-estimate%29-%28-%29,1996,1996,1996,EMR,Eastern Mediterranean,ARE,United Arab Emirates,SEX,SEX_BTSX,Both sexes,22.00262,22.0 [19.5-24.7],19.533013,24.725273
NCD_BMI_25C,"Overweight among adults, BMI ≥ 25 kg/m2 (crude estimate) (%)",https://www.who.int/data/gho/data/indicators/indicator-details/GHO/prevalence-of-overweight-among-adults-bmi-greaterequal-25-%28crude-estimate%29-%28-%29,1996,1996,1996,EMR,Eastern Mediterranean,ARE,United Arab Emirates,SEX,SEX_FMLE,Female,59.754735,59.8 [55.9-63.6],55.852157,63.613307
NCD_BMI_PLUS1C,"Overweight among children and adolescents, BMI-for-age > +1 standard deviations above the median (crude estimate) (%)",https://www.who.int/data/gho/data/indicators/indicator-details/GHO/prevalence-of-overweight-among-children-and-adolescents-bmi-1-standard-deviations-above-the-median-%28crude-estimate%29-%28-%29,2003,2003,2003,EMR,Eastern Mediterranean,ARE,United Arab Emirates,SEX,SEX_FMLE,Female,31.793469,31.8 [27.1-36.7],27.079472,36.74573
NCD_BMI_PLUS1C,"Overweight among children and adolescents, BMI-for-age > +1 standard deviations above the median (crude estimate) (%)",https://www.who.int/data/gho/data/indicators/indicator-details/GHO/prevalence-of-overweight-among-children-and-adolescents-bmi-1-standard-deviations-above-the-median-%28crude-estimate%29-%28-%29,2002,2002,2002,EMR,Eastern Mediterranean,ARE,United Arab Emirates,SEX,SEX_MLE,Male,32.219115,32.2 [23.8-41.7],23.770186,41.745377
NCD_BMI_PLUS1C,"Overweight among children and adolescents, BMI-for-age > +1 standard deviations above the median (crude estimate) (%)",https://www.who.int/data/gho/data/indicators/indicator-details/GHO/prevalence-of-overweight-among-children-and-adolescents-bmi-1-standard-deviations-above-the-median-%28crude-estimate%29-%28-%29,1992,1992,1992,EMR,Eastern Mediterranean,ARE,United Arab Emirates,SEX,SEX_BTSX,Both sexes,24.765746,24.8 [18.1-32.0],18.099391,32.03842
NCD_BMI_18A,"Underweight among adults, BMI < 18.5 kg/m2 (age-standardized estimate) (%)",https://www.who.int/data/gho/data/indicators/indicator-details/GHO/prevalence-of-underweight-among-adults-bmi-18-%28age-standardized-estimate%29-%28-%29,1997,1997,1997,EMR,Eastern Mediterranean,ARE,United Arab Emirates,SEX,SEX_BTSX,Both sexes,3.6836296,3.7 [2.6-5.0],2.6124522,5.0061643
NCD_BMI_PLUS1C,"Overweight among children and adolescents, BMI-for-age > +1 standard deviations above the median (crude estimate) (%)",https://www.who.int/data/gho/data/indicators/indicator-details/GHO/prevalence-of-overweight-among-children-and-adolescents-bmi-1-standard-deviations-above-the-median-%28crude-estimate%29-%28-%29,2019,2019,2019,EMR,Eastern Mediterranean,ARE,United Arab Emirates,SEX,SEX_BTSX,Both sexes,40.576816,40.6 [33.6-47.5],33.583474,47.548178
NCD_BMI_PLUS1C,"Overweight among children and adolescents, BMI-for-age > +1 standard deviations above the median (crude estimate) (%)",https://www.who.int/data/gho/data/indicators/indicator-details/GHO/prevalence-of-overweight-among-children-and-adolescents-bmi-1-standard-deviations-above-the-median-%28crude-estimate%29-%28-%29,2017,2017,2017,EMR,Eastern Mediterranean,ARE,United Arab Emirates,SEX,SEX_FMLE,Female,37.944394,37.9 [28.8-47.1],28.782529,47.119752
NCD_BMI_PLUS2C,"Obesity among children and adolescents, BMI-for-age > +2 standard deviations above the median (crude estimate) (%)",https://www.who.int/data/gho/data/indicators/indicator-details/GHO/prevalence-of-obesity-among-children-and-adolescents-bmi-2-standard-deviations-above-the-median-%28crude-estimate%29-%28-%29,2004,2004,2004,EMR,Eastern Mediterranean,ARE,United Arab Emirates,SEX,SEX_FMLE,Female,12.243629,12.2 [9.3-15.5],9.2935674,15.509591
NCD_BMI_30C,"Obesity among adults, BMI ≥ 30 kg/m2 (crude estimate) (%)",https://www.who.int/data/gho/data/indicators/indicator-details/GHO/prevalence-of-obesity-among-adults-bmi--30-%28crude-estimate%29-%28-%29,2008,2008,2008,EMR,Eastern Mediterranean,ARE,United Arab Emirates,SEX,SEX_MLE,Male,26.532894,26.5 [23.6-29.5],23.624682,29.480386
NCD_BMI_PLUS1C,"Overweight among children and adolescents, BMI-for-age > +1 standard deviations above the median (crude estimate) (%)",https://www.who.int/data/gho/data/indicators/indicator-details/GHO/prevalence-of-overweight-among-children-and-adolescents-bmi-1-standard-deviations-above-the-median-%28crude-estimate%29-%28-%29,1994,1994,1994,EMR,Eastern Mediterranean,ARE,United Arab Emirates,SEX,SEX_BTSX,Both sexes,27.268863,27.3 [22.3-32.4],22.313961,32.375759
NCD_BMI_MINUS2C,"Thinness among children and adolescents, BMI-for-age < -2 standard deviations below the median (%)",https://www.who.int/data/gho/data/indicators/indicator-details/GHO/prevalence-of-thinness-among-children-and-adolescents-bmi--2-standard-deviations-below-the-median-%28crude-estimate%29-%28-%29,2008,2008,2008,EMR,Eastern Mediterranean,ARE,United Arab Emirates,SEX,SEX_MLE,Male,4.8306927,4.8 [3.5-6.4],3.5276525,6.3630953
NUTRITION_ANAEMIA_CHILDREN_NUM,Number of children aged 6-59 months with anaemia (thousands),https://www.who.int/data/gho/data/indicators/indicator-details/GHO/anaemia-in-children-under-5-years-number,2009,2009,2009,EMR,Eastern Mediterranean,ARE,United Arab Emirates,SEVERITY,SEVERITY_MILD,Mild,60.5,60.5 [29.2-106],29.2,106
NCD_BMI_MINUS2C,"Thinness among children and adolescents, BMI-for-age < -2 standard deviations below the median (%)",https://www.who.int/data/gho/data/indicators/indicator-details/GHO/prevalence-of-thinness-among-children-and-adolescents-bmi--2-standard-deviations-below-the-median-%28crude-estimate%29-%28-%29,1998,1998,1998,EMR,Eastern Mediterranean,ARE,United Arab Emirates,SEX,SEX_MLE,Male,5.1750176,5.2 [3.1-7.9],3.1422634,7.9231814
NUTRITION_ANAEMIA_CHILDREN_PREV,Prevalence of anaemia in children aged 6-59 months (%),https://www.who.int/data/gho/data/indicators/indicator-details/GHO/anaemia-in-non-pregnant-women-number-%28in-thousands%29,2017,2017,2017,EMR,Eastern Mediterranean,ARE,United Arab Emirates,SEVERITY,SEVERITY_TOTAL,Total,19.6,19.6 [8.1-36.2],8.1,36.2
NUTRITION_ANAEMIA_CHILDREN_NUM,Number of children aged 6-59 months with anaemia (thousands),https://www.who.int/data/gho/data/indicators/indicator-details/GHO/anaemia-in-children-under-5-years-number,2014,2014,2014,EMR,Eastern Mediterranean,ARE,United Arab Emirates,SEVERITY,SEVERITY_MODERATE,Moderate,23.6,23.6 [7.4-59.4],7.4,59.4
NUTRITION_ANAEMIA_CHILDREN_NUM,Number of children aged 6-59 months with anaemia (thousands),https://www.who.int/data/gho/data/indicators/indicator-details/GHO/anaemia-in-children-under-5-years-number,2002,2002,2002,EMR,Eastern Mediterranean,ARE,United Arab Emirates,SEX,SEX_BTSX,Both sexes,48.065,48 [21-91],21,91
NCD_BMI_30A,"Obesity among adults, BMI ≥ 30 kg/m2 (age-standardized estimate) (%)",https://www.who.int/data/gho/data/indicators/indicator-details/GHO/prevalence-of-obesity-among-adults-bmi--30-%28age-standardized-estimate%29-%28-%29,2013,2013,2013,EMR,Eastern Mediterranean,ARE,United Arab Emirates,SEX,SEX_BTSX,Both sexes,31.437996,31.4 [29.2-33.6],29.236668,33.646652
NCD_BMI_25C,"Overweight among adults, BMI ≥ 25 kg/m2 (crude estimate) (%)",https://www.who.int/data/gho/data/indicators/indicator-details/GHO/prevalence-of-overweight-among-adults-bmi-greaterequal-25-%28crude-estimate%29-%28-%29,1996,1996,1996,EMR,Eastern Mediterranean,ARE,United Arab Emirates,SEX,SEX_BTSX,Both sexes,60.365546,60.4 [57.2-63.5],57.191527,63.53752
NCD_BMI_MINUS2C,"Thinness among children and adolescents, BMI-for-age < -2 standard deviations below the median (%)",https://www.who.int/data/gho/data/indicators/indicator-details/GHO/prevalence-of-thinness-among-children-and-adolescents-bmi--2-standard-deviations-below-the-median-%28crude-estimate%29-%28-%29,2013,2013,2013,EMR,Eastern Mediterranean,ARE,United Arab Emirates,SEX,SEX_MLE,Male,4.7186553,4.7 [3.5-6.2],3.4946386,6.1763376
NUTRITION_ANAEMIA_CHILDREN_PREV,Prevalence of anaemia in children aged 6-59 months (%),https://www.who.int/data/gho/data/indicators/indicator-details/GHO/anaemia-in-non-pregnant-women-number-%28in-thousands%29,2016,2016,2016,EMR,Eastern Mediterranean,ARE,United Arab Emirates,SEVERITY,SEVERITY_TOTAL,Total,19.4,19.4 [8.2-35.5],8.2,35.5
NUTRITION_ANAEMIA_CHILDREN_NUM,Number of children aged 6-59 months with anaemia (thousands),https://www.who.int/data/gho/data/indicators/indicator-details/GHO/anaemia-in-children-under-5-years-number,2015,2015,2015,EMR,Eastern Mediterranean,ARE,United Arab Emirates,SEVERITY,SEVERITY_SEVERE,Severe,0.35,0.35 [0.03-1.45],0.03,1.45
NCD_BMI_25C,"Overweight among adults, BMI ≥ 25 kg/m2 (crude estimate) (%)",https://www.who.int/data/gho/data/indicators/indicator-details/GHO/prevalence-of-overweight-among-adults-bmi-greaterequal-25-%28crude-estimate%29-%28-%29,2017,2017,2017,EMR,Eastern Mediterranean,ARE,United Arab Emirates,SEX,SEX_BTSX,Both sexes,70.417702,70.4 [67.9-72.8],67.939502,72.824532
NUTRITION_ANAEMIA_REPRODUCTIVEAGE_PREV,Prevalence of anaemia in women of reproductive age (aged 15-49) (%),https://www.who.int/data/gho/data/indicators/indicator-details/GHO/prevalence-of-anaemia-in-women-of-reproductive-age-%28-%29,2007,2007,2007,EMR,Eastern Mediterranean,ARE,United Arab Emirates,SEX,SEX_FMLE,Female,28.6,28.6 [14.2-51.4],14.2,51.4
NCD_BMI_MINUS2C,"Thinness among children and adolescents, BMI-for-age < -2 standard deviations below the median (%)",https://www.who.int/data/gho/data/indicators/indicator-details/GHO/prevalence-of-thinness-among-children-and-adolescents-bmi--2-standard-deviations-below-the-median-%28crude-estimate%29-%28-%29,1992,1992,1992,EMR,Eastern Mediterranean,ARE,United Arab Emirates,SEX,SEX_MLE,Male,4.2421646,4.2 [1.4-9.4],1.3527745,9.3597353
NCD_BMI_PLUS2C,"Obesity among children and adolescents, BMI-for-age > +2 standard deviations above the median (crude estimate) (%)",https://www.who.int/data/gho/data/indicators/indicator-details/GHO/prevalence-of-obesity-among-children-and-adolescents-bmi-2-standard-deviations-above-the-median-%28crude-estimate%29-%28-%29,2007,2007,2007,EMR,Eastern Mediterranean,ARE,United Arab Emirates,SEX,SEX_FMLE,Female,12.56436,12.6 [6.7-20.1],6.7362636,20.123695
NCD_BMI_PLUS1C,"Overweight among children and adolescents, BMI-for-age > +1 standard deviations above the median (crude estimate) (%)",https://www.who.int/data/gho/data/indicators/indicator-details/GHO/prevalence-of-overweight-among-children-and-adolescents-bmi-1-standard-deviations-above-the-median-%28crude-estimate%29-%28-%29,2014,2014,2014,EMR,Eastern Mediterranean,ARE,United Arab Emirates,SEX,SEX_MLE,Male,43.240172,43.2 [38.7-47.9],38.674122,47.873607
NCD_BMI_30A,"Obesity among adults, BMI ≥ 30 kg/m2 (age-standardized estimate) (%)",https://www.who.int/data/gho/data/indicators/indicator-details/GHO/prevalence-of-obesity-among-adults-bmi--30-%28age-standardized-estimate%29-%28-%29,2000,2000,2000,EMR,Eastern Mediterranean,ARE,United Arab Emirates,SEX,SEX_MLE,Male,21.461771,21.5 [18.6-24.5],18.625607,24.468236
NUTRITION_ANAEMIA_CHILDREN_PREV,Prevalence of anaemia in children aged 6-59 months (%),https://www.who.int/data/gho/data/indicators/indicator-details/GHO/anaemia-in-non-pregnant-women-number-%28in-thousands%29,2012,2012,2012,EMR,Eastern Mediterranean,ARE,United Arab Emirates,SEVERITY,SEVERITY_SEVERE,Severe,0.1,0.1 [0.0-0.3],0,0.3
NCD_BMI_PLUS2C,"Obesity among children and adolescents, BMI-for-age > +2 standard deviations above the median (crude estimate) (%)",https://www.who.int/data/gho/data/indicators/indicator-details/GHO/prevalence-of-obesity-among-children-and-adolescents-bmi-2-standard-deviations-above-the-median-%28crude-estimate%29-%28-%29,2005,2005,2005,EMR,Eastern Mediterranean,ARE,United Arab Emirates,SEX,SEX_FMLE,Female,12.333725,12.3 [8.9-16.7],8.8841312,16.729842
NCD_BMI_PLUS2C,"Obesity among children and adolescents, BMI-for-age > +2 standard deviations above the median (crude estimate) (%)",https://www.who.int/data/gho/data/indicators/indicator-details/GHO/prevalence-of-obesity-among-children-and-adolescents-bmi-2-standard-deviations-above-the-median-%28crude-estimate%29-%28-%29,2009,2009,2009,EMR,Eastern Mediterranean,ARE,United Arab Emirates,SEX,SEX_FMLE,Female,13.643967,13.6 [11.1-16.4],11.117173,16.394952
NCD_BMI_18A,"Underweight among adults, BMI < 18.5 kg/m2 (age-standardized estimate) (%)",https://www.who.int/data/gho/data/indicators/indicator-details/GHO/prevalence-of-underweight-among-adults-bmi-18-%28age-standardized-estimate%29-%28-%29,2014,2014,2014,EMR,Eastern Mediterranean,ARE,United Arab Emirates,SEX,SEX_MLE,Male,2.8652901,2.9 [1.9-4.1],1.8710231,4.099552
NCD_BMI_30A,"Obesity among adults, BMI ≥ 30 kg/m2 (age-standardized estimate) (%)",https://www.who.int/data/gho/data/indicators/indicator-details/GHO/prevalence-of-obesity-among-adults-bmi--30-%28age-standardized-estimate%29-%28-%29,1994,1994,1994,EMR,Eastern Mediterranean,ARE,United Arab Emirates,SEX,SEX_FMLE,Female,33.091137,33.1 [29.2-37.1],29.246187,37.056398
NUTRITION_ANAEMIA_REPRODUCTIVEAGE_NUM,Number of women of reproductive age (aged 15-49 years) with anaemia (thousands),https://www.who.int/data/gho/data/indicators/indicator-details/GHO/anaemia-in-women-of-reproductive-age-number-%28in-thousands%29,2001,2001,2001,EMR,Eastern Mediterranean,ARE,United Arab Emirates,SEX,SEX_FMLE,Female,195.9,195.9 [87.6-354.7],87.6,354.7
NCD_BMI_PLUS1C,"Overweight among children and adolescents, BMI-for-age > +1 standard deviations above the median (crude estimate) (%)",https://www.who.int/data/gho/data/indicators/indicator-details/GHO/prevalence-of-overweight-among-children-and-adolescents-bmi-1-standard-deviations-above-the-median-%28crude-estimate%29-%28-%29,1998,1998,1998,EMR,Eastern Mediterranean,ARE,United Arab Emirates,SEX,SEX_BTSX,Both sexes,28.68993,28.7 [22.5-35.2],22.510058,35.221538
NUTRITION_ANAEMIA_CHILDREN_NUM,Number of children aged 6-59 months with anaemia (thousands),https://www.who.int/data/gho/data/indicators/indicator-details/GHO/anaemia-in-children-under-5-years-number,2009,2009,2009,EMR,Eastern Mediterranean,ARE,United Arab Emirates,SEVERITY,SEVERITY_SEVERE,Severe,0.34,0.34 [0.03-1.42],0.03,1.42
NCD_BMI_MINUS2C,"Thinness among children and adolescents, BMI-for-age < -2 standard deviations below the median (%)",https://www.who.int/data/gho/data/indicators/indicator-details/GHO/prevalence-of-thinness-among-children-and-adolescents-bmi--2-standard-deviations-below-the-median-%28crude-estimate%29-%28-%29,1995,1995,1995,EMR,Eastern Mediterranean,ARE,United Arab Emirates,SEX,SEX_FMLE,Female,4.1160431,4.1 [2.3-6.7],2.2589548,6.7015395
NCD_BMI_PLUS1C,"Overweight among children and adolescents, BMI-for-age > +1 standard deviations above the median (crude estimate) (%)",https://www.who.int/data/gho/data/indicators/indicator-details/GHO/prevalence-of-overweight-among-children-and-adolescents-bmi-1-standard-deviations-above-the-median-%28crude-estimate%29-%28-%29,2021,2021,2021,EMR,Eastern Mediterranean,ARE,United Arab Emirates,SEX,SEX_BTSX,Both sexes,43.148661,43.1 [38.2-48.3],38.189334,48.283419
NCD_BMI_30A,"Obesity among adults, BMI ≥ 30 kg/m2 (age-standardized estimate) (%)",https://www.who.int/data/gho/data/indicators/indicator-details/GHO/prevalence-of-obesity-among-adults-bmi--30-%28age-standardized-estimate%29-%28-%29,2019,2019,2019,EMR,Eastern Mediterranean,ARE,United Arab Emirates,SEX,SEX_FMLE,Female,39.046878,39.0 [35.2-42.9],35.197908,42.910174
NUTRITION_ANAEMIA_CHILDREN_PREV,Prevalence of anaemia in children aged 6-59 months (%),https://www.who.int/data/gho/data/indicators/indicator-details/GHO/anaemia-in-non-pregnant-women-number-%28in-thousands%29,2019,2019,2019,EMR,Eastern Mediterranean,ARE,United Arab Emirates,SEVERITY,SEVERITY_SEVERE,Severe,0.1,0.1 [0.0-0.4],0,0.4
NCD_BMI_PLUS2C,"Obesity among children and adolescents, BMI-for-age > +2 standard deviations above the median (crude estimate) (%)",https://www.who.int/data/gho/data/indicators/indicator-details/GHO/prevalence-of-obesity-among-children-and-adolescents-bmi-2-standard-deviations-above-the-median-%28crude-estimate%29-%28-%29,2002,2002,2002,EMR,Eastern Mediterranean,ARE,United Arab Emirates,SEX,SEX_MLE,Male,14.290005,14.3 [7.3-23.4],7.3457405,23.400769
NCD_BMI_PLUS2C,"Obesity among children and adolescents, BMI-for-age > +2 standard deviations above the median (crude estimate) (%)",https://www.who.int/data/gho/data/indicators/indicator-details/GHO/prevalence-of-obesity-among-children-and-adolescents-bmi-2-standard-deviations-above-the-median-%28crude-estimate%29-%28-%29,2001,2001,2001,EMR,Eastern Mediterranean,ARE,United Arab Emirates,SEX,SEX_FMLE,Female,11.207852,11.2 [7.9-15.0],7.8826971,14.988185
NCD_BMI_PLUS1C,"Overweight among children and adolescents, BMI-for-age > +1 standard deviations above the median (crude estimate) (%)",https://www.who.int/data/gho/data/indicators/indicator-details/GHO/prevalence-of-overweight-among-children-and-adolescents-bmi-1-standard-deviations-above-the-median-%28crude-estimate%29-%28-%29,2022,2022,2022,EMR,Eastern Mediterranean,ARE,United Arab Emirates,SEX,SEX_FMLE,Female,39.700976,39.7 [29.1-50.2],29.067704,50.151378
NUTRITION_ANAEMIA_CHILDREN_PREV,Prevalence of anaemia in children aged 6-59 months (%),https://www.who.int/data/gho/data/indicators/indicator-details/GHO/anaemia-in-non-pregnant-women-number-%28in-thousands%29,2014,2014,2014,EMR,Eastern Mediterranean,ARE,United Arab Emirates,SEVERITY,SEVERITY_TOTAL,Total,19.3,19.3 [8.6-34.7],8.6,34.7
NCD_BMI_PLUS1C,"Overweight among children and adolescents, BMI-for-age > +1 standard deviations above the median (crude estimate) (%)",https://www.who.int/data/gho/data/indicators/indicator-details/GHO/prevalence-of-overweight-among-children-and-adolescents-bmi-1-standard-deviations-above-the-median-%28crude-estimate%29-%28-%29,2006,2006,2006,EMR,Eastern Mediterranean,ARE,United Arab Emirates,SEX,SEX_FMLE,Female,33.86794,33.9 [30.5-37.3],30.526295,37.297472
NCD_BMI_PLUS2C,"Obesity among children and adolescents, BMI-for-age > +2 standard deviations above the median (crude estimate) (%)",https://www.who.int/data/gho/data/indicators/indicator-details/GHO/prevalence-of-obesity-among-children-and-adolescents-bmi-2-standard-deviations-above-the-median-%28crude-estimate%29-%28-%29,2022,2022,2022,EMR,Eastern Mediterranean,ARE,United Arab Emirates,SEX,SEX_BTSX,Both sexes,21.309039,21.3 [16.8-25.9],16.799812,25.932771
NCD_BMI_PLUS2C,"Obesity among children and adolescents, BMI-for-age > +2 standard deviations above the median (crude estimate) (%)",https://www.who.int/data/gho/data/indicators/indicator-details/GHO/prevalence-of-obesity-among-children-and-adolescents-bmi-2-standard-deviations-above-the-median-%28crude-estimate%29-%28-%29,2013,2013,2013,EMR,Eastern Mediterranean,ARE,United Arab Emirates,SEX,SEX_FMLE,Female,14.059088,14.1 [7.6-22.0],7.6311216,22.035955
NUTRITION_ANAEMIA_REPRODUCTIVEAGE_PREV,Prevalence of anaemia in women of reproductive age (aged 15-49) (%),https://www.who.int/data/gho/data/indicators/indicator-details/GHO/prevalence-of-anaemia-in-women-of-reproductive-age-%28-%29,2007,2007,2007,EMR,Eastern Mediterranean,ARE,United Arab Emirates,SEX,SEX_FMLE,Female,28.6,28.6 [14.6-50.7],14.6,50.7
NCD_BMI_30A,"Obesity among adults, BMI ≥ 30 kg/m2 (age-standardized estimate) (%)",https://www.who.int/data/gho/data/indicators/indicator-details/GHO/prevalence-of-obesity-among-adults-bmi--30-%28age-standardized-estimate%29-%28-%29,1996,1996,1996,EMR,Eastern Mediterranean,ARE,United Arab Emirates,SEX,SEX_MLE,Male,18.602303,18.6 [15.7-21.8],15.651532,21.810655
NCD_BMI_PLUS2C,"Obesity among children and adolescents, BMI-for-age > +2 standard deviations above the median (crude estimate) (%)",https://www.who.int/data/gho/data/indicators/indicator-details/GHO/prevalence-of-obesity-among-children-and-adolescents-bmi-2-standard-deviations-above-the-median-%28crude-estimate%29-%28-%29,2009,2009,2009,EMR,Eastern Mediterranean,ARE,United Arab Emirates,SEX,SEX_MLE,Male,19.197109,19.2 [15.2-23.5],15.188305,23.522228
NCD_BMI_18A,"Underweight among adults, BMI < 18.5 kg/m2 (age-standardized estimate) (%)",https://www.who.int/data/gho/data/indicators/indicator-details/GHO/prevalence-of-underweight-among-adults-bmi-18-%28age-standardized-estimate%29-%28-%29,2018,2018,2018,EMR,Eastern Mediterranean,ARE,United Arab Emirates,SEX,SEX_MLE,Male,2.8395705,2.8 [1.7-4.3],1.7328573,4.2656336
NCD_BMI_PLUS1C,"Overweight among children and adolescents, BMI-for-age > +1 standard deviations above the median (crude estimate) (%)",https://www.who.int/data/gho/data/indicators/indicator-details/GHO/prevalence-of-overweight-among-children-and-adolescents-bmi-1-standard-deviations-above-the-median-%28crude-estimate%29-%28-%29,2011,2011,2011,EMR,Eastern Mediterranean,ARE,United Arab Emirates,SEX,SEX_MLE,Male,41.695407,41.7 [37.3-46.2],37.286651,46.174598
NCD_BMI_PLUS1C,"Overweight among children and adolescents, BMI-for-age > +1 standard deviations above the median (crude estimate) (%)",https://www.who.int/data/gho/data/indicators/indicator-details/GHO/prevalence-of-overweight-among-children-and-adolescents-bmi-1-standard-deviations-above-the-median-%28crude-estimate%29-%28-%29,2000,2000,2000,EMR,Eastern Mediterranean,ARE,United Arab Emirates,SEX,SEX_BTSX,Both sexes,31.901446,31.9 [28.1-35.8],28.107333,35.77331
NUTRITION_ANAEMIA_REPRODUCTIVEAGE_NUM,Number of women of reproductive age (aged 15-49 years) with anaemia (thousands),https://www.who.int/data/gho/data/indicators/indicator-details/GHO/anaemia-in-women-of-reproductive-age-number-%28in-thousands%29,2004,2004,2004,EMR,Eastern Mediterranean,ARE,United Arab Emirates,SEX,SEX_FMLE,Female,233.8,233.8 [110.6-418.3],110.6,418.3
NCD_BMI_PLUS2C,"Obesity among children and adolescents, BMI-for-age > +2 standard deviations above the median (crude estimate) (%)",https://www.who.int/data/gho/data/indicators/indicator-details/GHO/prevalence-of-obesity-among-children-and-adolescents-bmi-2-standard-deviations-above-the-median-%28crude-estimate%29-%28-%29,2019,2019,2019,EMR,Eastern Mediterranean,ARE,United Arab Emirates,SEX,SEX_FMLE,Female,15.852629,15.9 [8.3-25.1],8.3093688,25.078052
NCD_BMI_18C,"Underweight among adults, BMI < 18.5 kg/m2 (crude estimate) (%)",https://www.who.int/data/gho/data/indicators/indicator-details/GHO/prevalence-of-underweight-among-adults-bmi-18-%28crude-estimate%29-%28-%29,1996,1996,1996,EMR,Eastern Mediterranean,ARE,United Arab Emirates,SEX,SEX_MLE,Male,3.7507534,3.8 [2.3-5.6],2.2998801,5.5706739
NCD_BMI_30A,"Obesity among adults, BMI ≥ 30 kg/m2 (age-standardized estimate) (%)",https://www.who.int/data/gho/data/indicators/indicator-details/GHO/prevalence-of-obesity-among-adults-bmi--30-%28age-standardized-estimate%29-%28-%29,1991,1991,1991,EMR,Eastern Mediterranean,ARE,United Arab Emirates,SEX,SEX_BTSX,Both sexes,19.294435,19.3 [16.5-22.4],16.548571,22.406317
NCD_BMI_MINUS2C,"Thinness among children and adolescents, BMI-for-age < -2 standard deviations below the median (%)",https://www.who.int/data/gho/data/indicators/indicator-details/GHO/prevalence-of-thinness-among-children-and-adolescents-bmi--2-standard-deviations-below-the-median-%28crude-estimate%29-%28-%29,1998,1998,1998,EMR,Eastern Mediterranean,ARE,United Arab Emirates,SEX,SEX_BTSX,Both sexes,4.8951011,4.9 [3.4-6.7],3.4214757,6.6779561
NUTRITION_ANAEMIA_REPRODUCTIVEAGE_PREV,Prevalence of anaemia in women of reproductive age (aged 15-49) (%),https://www.who.int/data/gho/data/indicators/indicator-details/GHO/prevalence-of-anaemia-in-women-of-reproductive-age-%28-%29,2008,2008,2008,EMR,Eastern Mediterranean,ARE,United Arab Emirates,SEX,SEX_FMLE,Female,28.6,28.6 [14.4-50.9],14.4,50.9
NCD_BMI_MINUS2C,"Thinness among children and adolescents, BMI-for-age < -2 standard deviations below the median (%)",https://www.who.int/data/gho/data/indicators/indicator-details/GHO/prevalence-of-thinness-among-children-and-adolescents-bmi--2-standard-deviations-below-the-median-%28crude-estimate%29-%28-%29,1990,1990,1990,EMR,Eastern Mediterranean,ARE,United Arab Emirates,SEX,SEX_BTSX,Both sexes,5.7997543,5.8 [3.6-8.6],3.5613503,8.6382672
NCD_BMI_30C,"Obesity among adults, BMI ≥ 30 kg/m2 (crude estimate) (%)",https://www.who.int/data/gho/data/indicators/indicator-details/GHO/prevalence-of-obesity-among-adults-bmi--30-%28crude-estimate%29-%28-%29,2001,2001,2001,EMR,Eastern Mediterranean,ARE,United Arab Emirates,SEX,SEX_FMLE,Female,33.220297,33.2 [30.3-36.2],30.345157,36.188498
NCD_BMI_25A,"Overweight among adults, BMI ≥ 25 kg/m2 (age-standardized estimate) (%)",https://www.who.int/data/gho/data/indicators/indicator-details/GHO/prevalence-of-overweight-among-adults-bmi--25-%28age-standardized-estimate%29-%28-%29,2013,2013,2013,EMR,Eastern Mediterranean,ARE,United Arab Emirates,SEX,SEX_MLE,Male,70.888102,70.9 [68.1-73.7],68.072778,73.695731
NCD_BMI_30C,"Obesity among adults, BMI ≥ 30 kg/m2 (crude estimate) (%)",https://www.who.int/data/gho/data/indicators/indicator-details/GHO/prevalence-of-obesity-among-adults-bmi--30-%28crude-estimate%29-%28-%29,1995,1995,1995,EMR,Eastern Mediterranean,ARE,United Arab Emirates,SEX,SEX_FMLE,Female,30.169553,30.2 [26.5-34.0],26.542437,33.961099
NUTRITION_ANAEMIA_CHILDREN_PREV,Prevalence of anaemia in children aged 6-59 months (%),https://www.who.int/data/gho/data/indicators/indicator-details/GHO/anaemia-in-non-pregnant-women-number-%28in-thousands%29,2010,2010,2010,EMR,Eastern Mediterranean,ARE,United Arab Emirates,SEVERITY,SEVERITY_TOTAL,Total,19.3,19.3 [8.7-35.2],8.7,35.2
NCD_BMI_PLUS1C,"Overweight among children and adolescents, BMI-for-age > +1 standard deviations above the median (crude estimate) (%)",https://www.who.int/data/gho/data/indicators/indicator-details/GHO/prevalence-of-overweight-among-children-and-adolescents-bmi-1-standard-deviations-above-the-median-%28crude-estimate%29-%28-%29,2016,2016,2016,EMR,Eastern Mediterranean,ARE,United Arab Emirates,SEX,SEX_MLE,Male,41.036883,41.0 [31.7-50.4],31.703123,50.399292
NCD_BMI_PLUS2C,"Obesity among children and adolescents, BMI-for-age > +2 standard deviations above the median (crude estimate) (%)",https://www.who.int/data/gho/data/indicators/indicator-details/GHO/prevalence-of-obesity-among-children-and-adolescents-bmi-2-standard-deviations-above-the-median-%28crude-estimate%29-%28-%29,2018,2018,2018,EMR,Eastern Mediterranean,ARE,United Arab Emirates,SEX,SEX_MLE,Male,22.396894,22.4 [17.0-28.2],17.003211,28.193435
NCD_BMI_25A,"Overweight among adults, BMI ≥ 25 kg/m2 (age-standardized estimate) (%)",https://www.who.int/data/gho/data/indicators/indicator-details/GHO/prevalence-of-overweight-among-adults-bmi--25-%28age-standardized-estimate%29-%28-%29,1995,1995,1995,EMR,Eastern Mediterranean,ARE,United Arab Emirates,SEX,SEX_FMLE,Female,63.395274,63.4 [59.5-67.2],59.477162,67.222744
NCD_BMI_PLUS1C,"Overweight among children and adolescents, BMI-for-age > +1 standard deviations above the median (crude estimate) (%)",https://www.who.int/data/gho/data/indicators/indicator-details/GHO/prevalence-of-overweight-among-children-and-adolescents-bmi-1-standard-deviations-above-the-median-%28crude-estimate%29-%28-%29,2009,2009,2009,EMR,Eastern Mediterranean,ARE,United Arab Emirates,SEX,SEX_FMLE,Female,35.059234,35.1 [32.1-38.1],32.050583,38.149375
NCD_BMI_30C,"Obesity among adults, BMI ≥ 30 kg/m2 (crude estimate) (%)",https://www.who.int/data/gho/data/indicators/indicator-details/GHO/prevalence-of-obesity-among-adults-bmi--30-%28crude-estimate%29-%28-%29,2012,2012,2012,EMR,Eastern Mediterranean,ARE,United Arab Emirates,SEX,SEX_BTSX,Both sexes,30.471116,30.5 [28.2-32.7],28.241399,32.725418
NUTRITION_ANAEMIA_REPRODUCTIVEAGE_NUM,Number of women of reproductive age (aged 15-49 years) with anaemia (thousands),https://www.who.int/data/gho/data/indicators/indicator-details/GHO/anaemia-in-women-of-reproductive-age-number-%28in-thousands%29,2007,2007,2007,EMR,Eastern Mediterranean,ARE,United Arab Emirates,SEX,SEX_FMLE,Female,11.2,11.2 [6.1-15.7],6.1,15.7
NUTRITION_ANAEMIA_REPRODUCTIVEAGE_NUM,Number of women of reproductive age (aged 15-49 years) with anaemia (thousands),https://www.who.int/data/gho/data/indicators/indicator-details/GHO/anaemia-in-women-of-reproductive-age-number-%28in-thousands%29,2019,2019,2019,EMR,Eastern Mediterranean,ARE,United Arab Emirates,SEX,SEX_FMLE,Female,16.8,16.8 [8.8-23.7],8.8,23.7
NCD_BMI_25A,"Overweight among adults, BMI ≥ 25 kg/m2 (age-standardized estimate) (%)",https://www.who.int/data/gho/data/indicators/indicator-details/GHO/prevalence-of-overweight-among-adults-bmi--25-%28age-standardized-estimate%29-%28-%29,2005,2005,2005,EMR,Eastern Mediterranean,ARE,United Arab Emirates,SEX,SEX_MLE,Male,67.758203,67.8 [64.8-70.7],64.82538,70.724744
NCD_BMI_PLUS2C,"Obesity among children and adolescents, BMI-for-age > +2 standard deviations above the median (crude estimate) (%)",https://www.who.int/data/gho/data/indicators/indicator-details/GHO/prevalence-of-obesity-among-children-and-adolescents-bmi-2-standard-deviations-above-the-median-%28crude-estimate%29-%28-%29,2010,2010,2010,EMR,Eastern Mediterranean,ARE,United Arab Emirates,SEX,SEX_FMLE,Female,13.649066,13.6 [10.3-17.7],10.282771,17.657104
NCD_BMI_PLUS2C,"Obesity among children and adolescents, BMI-for-age > +2 standard deviations above the median (crude estimate) (%)",https://www.who.int/data/gho/data/indicators/indicator-details/GHO/prevalence-of-obesity-among-children-and-adolescents-bmi-2-standard-deviations-above-the-median-%28crude-estimate%29-%28-%29,2000,2000,2000,EMR,Eastern Mediterranean,ARE,United Arab Emirates,SEX,SEX_FMLE,Female,10.692301,10.7 [7.0-15.0],7.0131749,15.000685
NCD_BMI_PLUS1C,"Overweight among children and adolescents, BMI-for-age > +1 standard deviations above the median (crude estimate) (%)",https://www.who.int/data/gho/data/indicators/indicator-details/GHO/prevalence-of-overweight-among-children-and-adolescents-bmi-1-standard-deviations-above-the-median-%28crude-estimate%29-%28-%29,1998,1998,1998,EMR,Eastern Mediterranean,ARE,United Arab Emirates,SEX,SEX_BTSX,Both sexes,31.031749,31.0 [26.9-35.1],26.918057,35.085902
NCD_BMI_MINUS2C,"Thinness among children and adolescents, BMI-for-age < -2 standard deviations below the median (%)",https://www.who.int/data/gho/data/indicators/indicator-details/GHO/prevalence-of-thinness-among-children-and-adolescents-bmi--2-standard-deviations-below-the-median-%28crude-estimate%29-%28-%29,1994,1994,1994,EMR,Eastern Mediterranean,ARE,United Arab Emirates,SEX,SEX_MLE,Male,5.3204905,5.3 [2.9-8.8],2.8947156,8.8272303
NCD_BMI_MINUS2C,"Thinness among children and adolescents, BMI-for-age < -2 standard deviations below the median (%)",https://www.who.int/data/gho/data/indicators/indicator-details/GHO/prevalence-of-thinness-among-children-and-adolescents-bmi--2-standard-deviations-below-the-median-%28crude-estimate%29-%28-%29,2013,2013,2013,EMR,Eastern Mediterranean,ARE,United Arab Emirates,SEX,SEX_FMLE,Female,2.8745783,2.9 [1.1-6.0],1.0734678,6.0246028
NCD_BMI_PLUS2C,"Obesity among children and adolescents, BMI-for-age > +2 standard deviations above the median (crude estimate) (%)",https://www.who.int/data/gho/data/indicators/indicator-details/GHO/prevalence-of-obesity-among-children-and-adolescents-bmi-2-standard-deviations-above-the-median-%28crude-estimate%29-%28-%29,2022,2022,2022,EMR,Eastern Mediterranean,ARE,United Arab Emirates,SEX,SEX_FMLE,Female,17.414162,17.4 [11.7-23.9],11.683394,23.930623
NCD_BMI_25A,"Overweight among adults, BMI ≥ 25 kg/m2 (age-standardized estimate) (%)",https://www.who.int/data/gho/data/indicators/indicator-details/GHO/prevalence-of-overweight-among-adults-bmi--25-%28age-standardized-estimate%29-%28-%29,2005,2005,2005,EMR,Eastern Mediterranean,ARE,United Arab Emirates,SEX,SEX_BTSX,Both sexes,67.902613,67.9 [65.7-70.2],65.703547,70.154554
NCD_BMI_MINUS2C,"Thinness among children and adolescents, BMI-for-age < -2 standard deviations below the median (%)",https://www.who.int/data/gho/data/indicators/indicator-details/GHO/prevalence-of-thinness-among-children-and-adolescents-bmi--2-standard-deviations-below-the-median-%28crude-estimate%29-%28-%29,2009,2009,2009,EMR,Eastern Mediterranean,ARE,United Arab Emirates,SEX,SEX_FMLE,Female,3.0808767,3.1 [2.2-4.2],2.2014936,4.161128
NCD_BMI_MINUS2C,"Thinness among children and adolescents, BMI-for-age < -2 standard deviations below the median (%)",https://www.who.int/data/gho/data/indicators/indicator-details/GHO/prevalence-of-thinness-among-children-and-adolescents-bmi--2-standard-deviations-below-the-median-%28crude-estimate%29-%28-%29,2021,2021,2021,EMR,Eastern Mediterranean,ARE,United Arab Emirates,SEX,SEX_FMLE,Female,3.0409247,3.0 [1.6-5.0],1.6489103,5.0159138
NCD_BMI_PLUS1C,"Overweight among children and adolescents, BMI-for-age > +1 standard deviations above the median (crude estimate) (%)",https://www.who.int/data/gho/data/indicators/indicator-details/GHO/prevalence-of-overweight-among-children-and-adolescents-bmi-1-standard-deviations-above-the-median-%28crude-estimate%29-%28-%29,1991,1991,1991,EMR,Eastern Mediterranean,ARE,United Arab Emirates,SEX,SEX_MLE,Male,23.439951,23.4 [14.0-34.3],14.027466,34.29234
NUTRITION_ANAEMIA_REPRODUCTIVEAGE_PREV,Prevalence of anaemia in women of reproductive age (aged 15-49) (%),https://www.who.int/data/gho/data/indicators/indicator-details/GHO/prevalence-of-anaemia-in-women-of-reproductive-age-%28-%29,2019,2019,2019,EMR,Eastern Mediterranean,ARE,United Arab Emirates,SEX,SEX_FMLE,Female,27.9,27.9 [12.9-50.2],12.9,50.2
NCD_BMI_25C,"Overweight among adults, BMI ≥ 25 kg/m2 (crude estimate) (%)",https://www.who.int/data/gho/data/indicators/indicator-details/GHO/prevalence-of-overweight-among-adults-bmi-greaterequal-25-%28crude-estimate%29-%28-%29,2005,2005,2005,EMR,Eastern Mediterranean,ARE,United Arab Emirates,SEX,SEX_FMLE,Female,65.622491,65.6 [63.0-68.3],62.958974,68.281603
NCD_BMI_PLUS2C,"Obesity among children and adolescents, BMI-for-age > +2 standard deviations above the median (crude estimate) (%)",https://www.who.int/data/gho/data/indicators/indicator-details/GHO/prevalence-of-obesity-among-children-and-adolescents-bmi-2-standard-deviations-above-the-median-%28crude-estimate%29-%28-%29,1990,1990,1990,EMR,Eastern Mediterranean,ARE,United Arab Emirates,SEX,SEX_BTSX,Both sexes,7.668481,7.7 [3.4-13.4],3.444346,13.44665
NCD_BMI_18C,"Underweight among adults, BMI < 18.5 kg/m2 (crude estimate) (%)",https://www.who.int/data/gho/data/indicators/indicator-details/GHO/prevalence-of-underweight-among-adults-bmi-18-%28crude-estimate%29-%28-%29,2008,2008,2008,EMR,Eastern Mediterranean,ARE,United Arab Emirates,SEX,SEX_MLE,Male,2.6755989,2.7 [1.8-3.8],1.7608449,3.7651777
NUTRITION_ANAEMIA_REPRODUCTIVEAGE_NUM,Number of women of reproductive age (aged 15-49 years) with anaemia (thousands),https://www.who.int/data/gho/data/indicators/indicator-details/GHO/anaemia-in-women-of-reproductive-age-number-%28in-thousands%29,2008,2008,2008,EMR,Eastern Mediterranean,ARE,United Arab Emirates,SEX,SEX_FMLE,Female,366.1,366.1 [184.7-652.9],184.7,652.9
NCD_BMI_MINUS2C,"Thinness among children and adolescents, BMI-for-age < -2 standard deviations below the median (%)",https://www.who.int/data/gho/data/indicators/indicator-details/GHO/prevalence-of-thinness-among-children-and-adolescents-bmi--2-standard-deviations-below-the-median-%28crude-estimate%29-%28-%29,1997,1997,1997,EMR,Eastern Mediterranean,ARE,United Arab Emirates,SEX,SEX_FMLE,Female,3.8291357,3.8 [2.2-6.0],2.2106903,5.9962194
NCD_BMI_PLUS2C,"Obesity among children and adolescents, BMI-for-age > +2 standard deviations above the median (crude estimate) (%)",https://www.who.int/data/gho/data/indicators/indicator-details/GHO/prevalence-of-obesity-among-children-and-adolescents-bmi-2-standard-deviations-above-the-median-%28crude-estimate%29-%28-%29,2003,2003,2003,EMR,Eastern Mediterranean,ARE,United Arab Emirates,SEX,SEX_FMLE,Female,11.396975,11.4 [5.7-18.9],5.7405382,18.947719
NCD_BMI_25A,"Overweight among adults, BMI ≥ 25 kg/m2 (age-standardized estimate) (%)",https://www.who.int/data/gho/data/indicators/indicator-details/GHO/prevalence-of-overweight-among-adults-bmi--25-%28age-standardized-estimate%29-%28-%29,2015,2015,2015,EMR,Eastern Mediterranean,ARE,United Arab Emirates,SEX,SEX_BTSX,Both sexes,70.603019,70.6 [68.4-72.8],68.394083,72.772628
NCD_BMI_MINUS2C,"Thinness among children and adolescents, BMI-for-age < -2 standard deviations below the median (%)",https://www.who.int/data/gho/data/indicators/indicator-details/GHO/prevalence-of-thinness-among-children-and-adolescents-bmi--2-standard-deviations-below-the-median-%28crude-estimate%29-%28-%29,2022,2022,2022,EMR,Eastern Mediterranean,ARE,United Arab Emirates,SEX,SEX_BTSX,Both sexes,3.1838756,3.2 [1.4-6.0],1.4410968,5.9512958
NUTRITION_ANAEMIA_REPRODUCTIVEAGE_NUM,Number of women of reproductive age (aged 15-49 years) with anaemia (thousands),https://www.who.int/data/gho/data/indicators/indicator-details/GHO/anaemia-in-women-of-reproductive-age-number-%28in-thousands%29,2020,2020,2020,EMR,Eastern Mediterranean,ARE,United Arab Emirates,SEX,SEX_FMLE,Female,618,618.0 [281.2-1125.0],281.2,1125
NCD_BMI_MINUS2C,"Thinness among children and adolescents, BMI-for-age < -2 standard deviations below the median (%)",https://www.who.int/data/gho/data/indicators/indicator-details/GHO/prevalence-of-thinness-among-children-and-adolescents-bmi--2-standard-deviations-below-the-median-%28crude-estimate%29-%28-%29,1994,1994,1994,EMR,Eastern Mediterranean,ARE,United Arab Emirates,SEX,SEX_BTSX,Both sexes,4.7811698,4.8 [3.0-7.0],3.0482972,7.0312232
NCD_BMI_MINUS2C,"Thinness among children and adolescents, BMI-for-age < -2 standard deviations below the median (%)",https://www.who.int/data/gho/data/indicators/indicator-details/GHO/prevalence-of-thinness-among-children-and-adolescents-bmi--2-standard-deviations-below-the-median-%28crude-estimate%29-%28-%29,2010,2010,2010,EMR,Eastern Mediterranean,ARE,United Arab Emirates,SEX,SEX_FMLE,Female,3.0642811,3.1 [2.2-4.1],2.1975426,4.1273236
NCD_BMI_MINUS2C,"Thinness among children and adolescents, BMI-for-age < -2 standard deviations below the median (%)",https://www.who.int/data/gho/data/indicators/indicator-details/GHO/prevalence-of-thinness-among-children-and-adolescents-bmi--2-standard-deviations-below-the-median-%28crude-estimate%29-%28-%29,2019,2019,2019,EMR,Eastern Mediterranean,ARE,United Arab Emirates,SEX,SEX_FMLE,Female,2.9557135,3.0 [1.6-4.9],1.5954075,4.9473632
NCD_BMI_MINUS2C,"Thinness among children and adolescents, BMI-for-age < -2 standard deviations below the median (%)",https://www.who.int/data/gho/data/indicators/indicator-details/GHO/prevalence-of-thinness-among-children-and-adolescents-bmi--2-standard-deviations-below-the-median-%28crude-estimate%29-%28-%29,2014,2014,2014,EMR,Eastern Mediterranean,ARE,United Arab Emirates,SEX,SEX_FMLE,Female,2.8669022,2.9 [1.1-6.0],1.0658974,5.9882145
NCD_BMI_PLUS2C,"Obesity among children and adolescents, BMI-for-age > +2 standard deviations above the median (crude estimate) (%)",https://www.who.int/data/gho/data/indicators/indicator-details/GHO/prevalence-of-obesity-among-children-and-adolescents-bmi-2-standard-deviations-above-the-median-%28crude-estimate%29-%28-%29,1998,1998,1998,EMR,Eastern Mediterranean,ARE,United Arab Emirates,SEX,SEX_BTSX,Both sexes,10.979795,11.0 [6.3-16.7],6.2620424,16.676022
NCD_BMI_PLUS2C,"Obesity among children and adolescents, BMI-for-age > +2 standard deviations above the median (crude estimate) (%)",https://www.who.int/data/gho/data/indicators/indicator-details/GHO/prevalence-of-obesity-among-children-and-adolescents-bmi-2-standard-deviations-above-the-median-%28crude-estimate%29-%28-%29,2002,2002,2002,EMR,Eastern Mediterranean,ARE,United Arab Emirates,SEX,SEX_FMLE,Female,11.567486,11.6 [8.3-15.2],8.3334662,15.172382
NUTRITION_ANAEMIA_CHILDREN_PREV,Prevalence of anaemia in children aged 6-59 months (%),https://www.who.int/data/gho/data/indicators/indicator-details/GHO/anaemia-in-non-pregnant-women-number-%28in-thousands%29,2002,2002,2002,EMR,Eastern Mediterranean,ARE,United Arab Emirates,SEX,SEX_BTSX,Both sexes,19.1,19.1 [8.5-36.1],8.5,36.1
NCD_BMI_25C,"Overweight among adults, BMI ≥ 25 kg/m2 (crude estimate) (%)",https://www.who.int/data/gho/data/indicators/indicator-details/GHO/prevalence-of-overweight-among-adults-bmi-greaterequal-25-%28crude-estimate%29-%28-%29,1993,1993,1993,EMR,Eastern Mediterranean,ARE,United Arab Emirates,SEX,SEX_FMLE,Female,57.720709,57.7 [53.0-62.4],52.957672,62.443453
NCD_BMI_PLUS2C,"Obesity among children and adolescents, BMI-for-age > +2 standard deviations above the median (crude estimate) (%)",https://www.who.int/data/gho/data/indicators/indicator-details/GHO/prevalence-of-obesity-among-children-and-adolescents-bmi-2-standard-deviations-above-the-median-%28crude-estimate%29-%28-%29,1994,1994,1994,EMR,Eastern Mediterranean,ARE,United Arab Emirates,SEX,SEX_BTSX,Both sexes,9.9093437,9.9 [6.4-14.1],6.3853189,14.108905
NCD_BMI_30C,"Obesity among adults, BMI ≥ 30 kg/m2 (crude estimate) (%)",https://www.who.int/data/gho/data/indicators/indicator-details/GHO/prevalence-of-obesity-among-adults-bmi--30-%28crude-estimate%29-%28-%29,2005,2005,2005,EMR,Eastern Mediterranean,ARE,United Arab Emirates,SEX,SEX_BTSX,Both sexes,27.815235,27.8 [25.5-30.1],25.533754,30.145895
NCD_BMI_18A,"Underweight among adults, BMI < 18.5 kg/m2 (age-standardized estimate) (%)",https://www.who.int/data/gho/data/indicators/indicator-details/GHO/prevalence-of-underweight-among-adults-bmi-18-%28age-standardized-estimate%29-%28-%29,2018,2018,2018,EMR,Eastern Mediterranean,ARE,United Arab Emirates,SEX,SEX_FMLE,Female,2.6243558,2.6 [1.7-3.7],1.725355,3.7419543
NCD_BMI_18C,"Underweight among adults, BMI < 18.5 kg/m2 (crude estimate) (%)",https://www.who.int/data/gho/data/indicators/indicator-details/GHO/prevalence-of-underweight-among-adults-bmi-18-%28crude-estimate%29-%28-%29,2001,2001,2001,EMR,Eastern Mediterranean,ARE,United Arab Emirates,SEX,SEX_MLE,Male,3.5442349,3.5 [2.3-5.1],2.2882879,5.0952408
NCD_BMI_MINUS2C,"Thinness among children and adolescents, BMI-for-age < -2 standard deviations below the median (%)",https://www.who.int/data/gho/data/indicators/indicator-details/GHO/prevalence-of-thinness-among-children-and-adolescents-bmi--2-standard-deviations-below-the-median-%28crude-estimate%29-%28-%29,2010,2010,2010,EMR,Eastern Mediterranean,ARE,United Arab Emirates,SEX,SEX_FMLE,Female,2.997558,3.0 [1.9-4.7],1.8701546,4.6713822
NUTRITION_ANAEMIA_CHILDREN_NUM,Number of children aged 6-59 months with anaemia (thousands),https://www.who.int/data/gho/data/indicators/indicator-details/GHO/anaemia-in-children-under-5-years-number,2009,2009,2009,EMR,Eastern Mediterranean,ARE,United Arab Emirates,SEVERITY,SEVERITY_MODERATE,Moderate,20.8,20.8 [6.18-56.7],6.18,56.7
NCD_BMI_30C,"Obesity among adults, BMI ≥ 30 kg/m2 (crude estimate) (%)",https://www.who.int/data/gho/data/indicators/indicator-details/GHO/prevalence-of-obesity-among-adults-bmi--30-%28crude-estimate%29-%28-%29,2005,2005,2005,EMR,Eastern Mediterranean,ARE,United Arab Emirates,SEX,SEX_MLE,Male,24.937053,24.9 [22.0-27.9],21.954793,27.921829
NCD_BMI_PLUS2C,"Obesity among children and adolescents, BMI-for-age > +2 standard deviations above the median (crude estimate) (%)",https://www.who.int/data/gho/data/indicators/indicator-details/GHO/prevalence-of-obesity-among-children-and-adolescents-bmi-2-standard-deviations-above-the-median-%28crude-estimate%29-%28-%29,2015,2015,2015,EMR,Eastern Mediterranean,ARE,United Arab Emirates,SEX,SEX_BTSX,Both sexes,18.98689,19.0 [16.7-21.3],16.747805,21.260023
NCD_BMI_25A,"Overweight among adults, BMI ≥ 25 kg/m2 (age-standardized estimate) (%)",https://www.who.int/data/gho/data/indicators/indicator-details/GHO/prevalence-of-overweight-among-adults-bmi--25-%28age-standardized-estimate%29-%28-%29,2014,2014,2014,EMR,Eastern Mediterranean,ARE,United Arab Emirates,SEX,SEX_MLE,Male,71.069211,71.1 [68.2-73.9],68.190956,73.925352
NCD_BMI_25C,"Overweight among adults, BMI ≥ 25 kg/m2 (crude estimate) (%)",https://www.who.int/data/gho/data/indicators/indicator-details/GHO/prevalence-of-overweight-among-adults-bmi-greaterequal-25-%28crude-estimate%29-%28-%29,1998,1998,1998,EMR,Eastern Mediterranean,ARE,United Arab Emirates,SEX,SEX_MLE,Male,61.846805,61.8 [58.2-65.5],58.153337,65.463638
NCD_BMI_18A,"Underweight among adults, BMI < 18.5 kg/m2 (age-standardized estimate) (%)",https://www.who.int/data/gho/data/indicators/indicator-details/GHO/prevalence-of-underweight-among-adults-bmi-18-%28age-standardized-estimate%29-%28-%29,2001,2001,2001,EMR,Eastern Mediterranean,ARE,United Arab Emirates,SEX,SEX_BTSX,Both sexes,3.2871757,3.3 [2.4-4.4],2.3870902,4.390068
NUTRITION_ANAEMIA_CHILDREN_PREV,Prevalence of anaemia in children aged 6-59 months (%),https://www.who.int/data/gho/data/indicators/indicator-details/GHO/anaemia-in-non-pregnant-women-number-%28in-thousands%29,2015,2015,2015,EMR,Eastern Mediterranean,ARE,United Arab Emirates,SEX,SEX_BTSX,Both sexes,19.3,19.3 [8.5-35.0],8.5,35
NCD_BMI_PLUS2C,"Obesity among children and adolescents, BMI-for-age > +2 standard deviations above the median (crude estimate) (%)",https://www.who.int/data/gho/data/indicators/indicator-details/GHO/prevalence-of-obesity-among-children-and-adolescents-bmi-2-standard-deviations-above-the-median-%28crude-estimate%29-%28-%29,2000,2000,2000,EMR,Eastern Mediterranean,ARE,United Arab Emirates,SEX,SEX_FMLE,Female,10.839824,10.8 [7.4-14.8],7.4201815,14.817519
NCD_BMI_PLUS1C,"Overweight among children and adolescents, BMI-for-age > +1 standard deviations above the median (crude estimate) (%)",https://www.who.int/data/gho/data/indicators/indicator-details/GHO/prevalence-of-overweight-among-children-and-adolescents-bmi-1-standard-deviations-above-the-median-%28crude-estimate%29-%28-%29,1996,1996,1996,EMR,Eastern Mediterranean,ARE,United Arab Emirates,SEX,SEX_BTSX,Both sexes,29.545489,29.5 [25.2-33.9],25.228754,33.935088
NCD_BMI_MINUS2C,"Thinness among children and adolescents, BMI-for-age < -2 standard deviations below the median (%)",https://www.who.int/data/gho/data/indicators/indicator-details/GHO/prevalence-of-thinness-among-children-and-adolescents-bmi--2-standard-deviations-below-the-median-%28crude-estimate%29-%28-%29,2006,2006,2006,EMR,Eastern Mediterranean,ARE,United Arab Emirates,SEX,SEX_MLE,Male,4.3434333,4.3 [2.9-6.2],2.8841062,6.2282242
NCD_BMI_25A,"Overweight among adults, BMI ≥ 25 kg/m2 (age-standardized estimate) (%)",https://www.who.int/data/gho/data/indicators/indicator-details/GHO/prevalence-of-overweight-among-adults-bmi--25-%28age-standardized-estimate%29-%28-%29,2010,2010,2010,EMR,Eastern Mediterranean,ARE,United Arab Emirates,SEX,SEX_FMLE,Female,68.90887,68.9 [66.3-71.4],66.343725,71.428376
NCD_BMI_PLUS2C,"Obesity among children and adolescents, BMI-for-age > +2 standard deviations above the median (crude estimate) (%)",https://www.who.int/data/gho/data/indicators/indicator-details/GHO/prevalence-of-obesity-among-children-and-adolescents-bmi-2-standard-deviations-above-the-median-%28crude-estimate%29-%28-%29,2008,2008,2008,EMR,Eastern Mediterranean,ARE,United Arab Emirates,SEX,SEX_BTSX,Both sexes,15.063022,15.1 [10.0-20.9],10.0448,20.928426
NCD_BMI_PLUS1C,"Overweight among children and adolescents, BMI-for-age > +1 standard deviations above the median (crude estimate) (%)",https://www.who.int/data/gho/data/indicators/indicator-details/GHO/prevalence-of-overweight-among-children-and-adolescents-bmi-1-standard-deviations-above-the-median-%28crude-estimate%29-%28-%29,2002,2002,2002,EMR,Eastern Mediterranean,ARE,United Arab Emirates,SEX,SEX_FMLE,Female,31.139284,31.1 [26.4-36.3],26.392719,36.252481
NCD_BMI_18A,"Underweight among adults, BMI < 18.5 kg/m2 (age-standardized estimate) (%)",https://www.who.int/data/gho/data/indicators/indicator-details/GHO/prevalence-of-underweight-among-adults-bmi-18-%28age-standardized-estimate%29-%28-%29,2015,2015,2015,EMR,Eastern Mediterranean,ARE,United Arab Emirates,SEX,SEX_BTSX,Both sexes,2.7344082,2.7 [2.0-3.6],2.0247729,3.5950847
NCD_BMI_PLUS1C,"Overweight among children and adolescents, BMI-for-age > +1 standard deviations above the median (crude estimate) (%)",https://www.who.int/data/gho/data/indicators/indicator-details/GHO/prevalence-of-overweight-among-children-and-adolescents-bmi-1-standard-deviations-above-the-median-%28crude-estimate%29-%28-%29,2010,2010,2010,EMR,Eastern Mediterranean,ARE,United Arab Emirates,SEX,SEX_BTSX,Both sexes,39.41125,39.4 [37.2-41.6],37.18029,41.619378
NCD_BMI_18C,"Underweight among adults, BMI < 18.5 kg/m2 (crude estimate) (%)",https://www.who.int/data/gho/data/indicators/indicator-details/GHO/prevalence-of-underweight-among-adults-bmi-18-%28crude-estimate%29-%28-%29,2002,2002,2002,EMR,Eastern Mediterranean,ARE,United Arab Emirates,SEX,SEX_BTSX,Both sexes,3.2971427,3.3 [2.4-4.4],2.3867777,4.4058982
NCD_BMI_18C,"Underweight among adults, BMI < 18.5 kg/m2 (crude estimate) (%)",https://www.who.int/data/gho/data/indicators/indicator-details/GHO/prevalence-of-underweight-among-adults-bmi-18-%28crude-estimate%29-%28-%29,1995,1995,1995,EMR,Eastern Mediterranean,ARE,United Arab Emirates,SEX,SEX_MLE,Male,3.8567156,3.9 [2.3-5.8],2.3274733,5.7989363
NCD_BMI_PLUS2C,"Obesity among children and adolescents, BMI-for-age > +2 standard deviations above the median (crude estimate) (%)",https://www.who.int/data/gho/data/indicators/indicator-details/GHO/prevalence-of-obesity-among-children-and-adolescents-bmi-2-standard-deviations-above-the-median-%28crude-estimate%29-%28-%29,2007,2007,2007,EMR,Eastern Mediterranean,ARE,United Arab Emirates,SEX,SEX_BTSX,Both sexes,16.530614,16.5 [14.4-18.7],14.4352,18.693165
NCD_BMI_18A,"Underweight among adults, BMI < 18.5 kg/m2 (age-standardized estimate) (%)",https://www.who.int/data/gho/data/indicators/indicator-details/GHO/prevalence-of-underweight-among-adults-bmi-18-%28age-standardized-estimate%29-%28-%29,1993,1993,1993,EMR,Eastern Mediterranean,ARE,United Arab Emirates,SEX,SEX_FMLE,Female,2.999639,3.0 [1.8-4.6],1.8095816,4.5886956
NCD_BMI_MINUS2C,"Thinness among children and adolescents, BMI-for-age < -2 standard deviations below the median (%)",https://www.who.int/data/gho/data/indicators/indicator-details/GHO/prevalence-of-thinness-among-children-and-adolescents-bmi--2-standard-deviations-below-the-median-%28crude-estimate%29-%28-%29,2020,2020,2020,EMR,Eastern Mediterranean,ARE,United Arab Emirates,SEX,SEX_FMLE,Female,3.023755,3.0 [1.7-4.8],1.7240593,4.8016131
NCD_BMI_MINUS2C,"Thinness among children and adolescents, BMI-for-age < -2 standard deviations below the median (%)",https://www.who.int/data/gho/data/indicators/indicator-details/GHO/prevalence-of-thinness-among-children-and-adolescents-bmi--2-standard-deviations-below-the-median-%28crude-estimate%29-%28-%29,2017,2017,2017,EMR,Eastern Mediterranean,ARE,United Arab Emirates,SEX,SEX_BTSX,Both sexes,3.035789,3.0 [1.5-5.3],1.5438251,5.2517448
NUTRITION_ANAEMIA_CHILDREN_NUM,Number of children aged 6-59 months with anaemia (thousands),https://www.who.int/data/gho/data/indicators/indicator-details/GHO/anaemia-in-children-under-5-years-number,2017,2017,2017,EMR,Eastern Mediterranean,ARE,United Arab Emirates,SEVERITY,SEVERITY_SEVERE,Severe,0.37,0.37 [0.03-1.67],0.03,1.67
NUTRITION_ANAEMIA_REPRODUCTIVEAGE_PREV,Prevalence of anaemia in women of reproductive age (aged 15-49) (%),https://www.who.int/data/gho/data/indicators/indicator-details/GHO/prevalence-of-anaemia-in-women-of-reproductive-age-%28-%29,2016,2016,2016,EMR,Eastern Mediterranean,ARE,United Arab Emirates,SEX,SEX_FMLE,Female,28.2,28.2 [13.9-49.8],13.9,49.8
NCD_BMI_MINUS2C,"Thinness among children and adolescents, BMI-for-age < -2 standard deviations below the median (%)",https://www.who.int/data/gho/data/indicators/indicator-details/GHO/prevalence-of-thinness-among-children-and-adolescents-bmi--2-standard-deviations-below-the-median-%28crude-estimate%29-%28-%29,1995,1995,1995,EMR,Eastern Mediterranean,ARE,United Arab Emirates,SEX,SEX_MLE,Male,5.9248973,5.9 [3.5-9.0],3.4942899,9.0253182
NCD_BMI_PLUS1C,"Overweight among children and adolescents, BMI-for-age > +1 standard deviations above the median (crude estimate) (%)",https://www.who.int/data/gho/data/indicators/indicator-details/GHO/prevalence-of-overweight-among-children-and-adolescents-bmi-1-standard-deviations-above-the-median-%28crude-estimate%29-%28-%29,1996,1996,1996,EMR,Eastern Mediterranean,ARE,United Arab Emirates,SEX,SEX_BTSX,Both sexes,27.255186,27.3 [20.9-33.9],20.947535,33.935842
NCD_BMI_MINUS2C,"Thinness among children and adolescents, BMI-for-age < -2 standard deviations below the median (%)",https://www.who.int/data/gho/data/indicators/indicator-details/GHO/prevalence-of-thinness-among-children-and-adolescents-bmi--2-standard-deviations-below-the-median-%28crude-estimate%29-%28-%29,1991,1991,1991,EMR,Eastern Mediterranean,ARE,United Arab Emirates,SEX,SEX_FMLE,Female,4.6241701,4.6 [2.3-8.1],2.2771012,8.1217118
NCD_BMI_30A,"Obesity among adults, BMI ≥ 30 kg/m2 (age-standardized estimate) (%)",https://www.who.int/data/gho/data/indicators/indicator-details/GHO/prevalence-of-obesity-among-adults-bmi--30-%28age-standardized-estimate%29-%28-%29,2015,2015,2015,EMR,Eastern Mediterranean,ARE,United Arab Emirates,SEX,SEX_BTSX,Both sexes,31.76173,31.8 [29.4-34.1],29.418588,34.139788
NCD_BMI_30A,"Obesity among adults, BMI ≥ 30 kg/m2 (age-standardized estimate) (%)",https://www.who.int/data/gho/data/indicators/indicator-details/GHO/prevalence-of-obesity-among-adults-bmi--30-%28age-standardized-estimate%29-%28-%29,2009,2009,2009,EMR,Eastern Mediterranean,ARE,United Arab Emirates,SEX,SEX_BTSX,Both sexes,30.227914,30.2 [28.0-32.4],28.023082,32.432699
NCD_BMI_MINUS2C,"Thinness among children and adolescents, BMI-for-age < -2 standard deviations below the median (%)",https://www.who.int/data/gho/data/indicators/indicator-details/GHO/prevalence-of-thinness-among-children-and-adolescents-bmi--2-standard-deviations-below-the-median-%28crude-estimate%29-%28-%29,2018,2018,2018,EMR,Eastern Mediterranean,ARE,United Arab Emirates,SEX,SEX_MLE,Male,4.8023134,4.8 [3.1-6.9],3.1341888,6.8704143
NCD_BMI_PLUS2C,"Obesity among children and adolescents, BMI-for-age > +2 standard deviations above the median (crude estimate) (%)",https://www.who.int/data/gho/data/indicators/indicator-details/GHO/prevalence-of-obesity-among-children-and-adolescents-bmi-2-standard-deviations-above-the-median-%28crude-estimate%29-%28-%29,1997,1997,1997,EMR,Eastern Mediterranean,ARE,United Arab Emirates,SEX,SEX_MLE,Male,11.526176,11.5 [5.1-20.2],5.0566442,20.2207
NCD_BMI_PLUS2C,"Obesity among children and adolescents, BMI-for-age > +2 standard deviations above the median (crude estimate) (%)",https://www.who.int/data/gho/data/indicators/indicator-details/GHO/prevalence-of-obesity-among-children-and-adolescents-bmi-2-standard-deviations-above-the-median-%28crude-estimate%29-%28-%29,1991,1991,1991,EMR,Eastern Mediterranean,ARE,United Arab Emirates,SEX,SEX_FMLE,Female,7.7225283,7.7 [3.7-13.5],3.6677226,13.530765
NCD_BMI_25C,"Overweight among adults, BMI ≥ 25 kg/m2 (crude estimate) (%)",https://www.who.int/data/gho/data/indicators/indicator-details/GHO/prevalence-of-overweight-among-adults-bmi-greaterequal-25-%28crude-estimate%29-%28-%29,2009,2009,2009,EMR,Eastern Mediterranean,ARE,United Arab Emirates,SEX,SEX_BTSX,Both sexes,69.275218,69.3 [67.1-71.5],67.139679,71.475595
NCD_BMI_MINUS2C,"Thinness among children and adolescents, BMI-for-age < -2 standard deviations below the median (%)",https://www.who.int/data/gho/data/indicators/indicator-details/GHO/prevalence-of-thinness-among-children-and-adolescents-bmi--2-standard-deviations-below-the-median-%28crude-estimate%29-%28-%29,1991,1991,1991,EMR,Eastern Mediterranean,ARE,United Arab Emirates,SEX,SEX_BTSX,Both sexes,4.329123,4.3 [2.0-7.9],1.9987969,7.9266109
NUTRITION_ANAEMIA_CHILDREN_NUM,Number of children aged 6-59 months with anaemia (thousands),https://www.who.int/data/gho/data/indicators/indicator-details/GHO/anaemia-in-children-under-5-years-number,2008,2008,2008,EMR,Eastern Mediterranean,ARE,United Arab Emirates,SEX,SEX_BTSX,Both sexes,75.301,75 [34-137],34,137
NCD_BMI_30C,"Obesity among adults, BMI ≥ 30 kg/m2 (crude estimate) (%)",https://www.who.int/data/gho/data/indicators/indicator-details/GHO/prevalence-of-obesity-among-adults-bmi--30-%28crude-estimate%29-%28-%29,2015,2015,2015,EMR,Eastern Mediterranean,ARE,United Arab Emirates,SEX,SEX_BTSX,Both sexes,30.823362,30.8 [28.5-33.3],28.453115,33.256
NCD_BMI_30A,"Obesity among adults, BMI ≥ 30 kg/m2 (age-standardized estimate) (%)",https://www.who.int/data/gho/data/indicators/indicator-details/GHO/prevalence-of-obesity-among-adults-bmi--30-%28age-standardized-estimate%29-%28-%29,2017,2017,2017,EMR,Eastern Mediterranean,ARE,United Arab Emirates,SEX,SEX_MLE,Male,28.220344,28.2 [24.8-31.8],24.77262,31.81195
NCD_BMI_MINUS2C,"Thinness among children and adolescents, BMI-for-age < -2 standard deviations below the median (%)",https://www.who.int/data/gho/data/indicators/indicator-details/GHO/prevalence-of-thinness-among-children-and-adolescents-bmi--2-standard-deviations-below-the-median-%28crude-estimate%29-%28-%29,2013,2013,2013,EMR,Eastern Mediterranean,ARE,United Arab Emirates,SEX,SEX_FMLE,Female,2.9691838,3.0 [1.9-4.6],1.8523457,4.6352278
NCD_BMI_MINUS2C,"Thinness among children and adolescents, BMI-for-age < -2 standard deviations below the median (%)",https://www.who.int/data/gho/data/indicators/indicator-details/GHO/prevalence-of-thinness-among-children-and-adolescents-bmi--2-standard-deviations-below-the-median-%28crude-estimate%29-%28-%29,2011,2011,2011,EMR,Eastern Mediterranean,ARE,United Arab Emirates,SEX,SEX_FMLE,Female,3.0490832,3.0 [2.2-4.1],2.1876045,4.105518
NCD_BMI_PLUS2C,"Obesity among children and adolescents, BMI-for-age > +2 standard deviations above the median (crude estimate) (%)",https://www.who.int/data/gho/data/indicators/indicator-details/GHO/prevalence-of-obesity-among-children-and-adolescents-bmi-2-standard-deviations-above-the-median-%28crude-estimate%29-%28-%29,2021,2021,2021,EMR,Eastern Mediterranean,ARE,United Arab Emirates,SEX,SEX_MLE,Male,21.776725,21.8 [11.9-33.3],11.89874,33.283433
NCD_BMI_18C,"Underweight among adults, BMI < 18.5 kg/m2 (crude estimate) (%)",https://www.who.int/data/gho/data/indicators/indicator-details/GHO/prevalence-of-underweight-among-adults-bmi-18-%28crude-estimate%29-%28-%29,1999,1999,1999,EMR,Eastern Mediterranean,ARE,United Arab Emirates,SEX,SEX_FMLE,Female,3.1633783,3.2 [2.1-4.5],2.1499073,4.4744171
NCD_BMI_18A,"Underweight among adults, BMI < 18.5 kg/m2 (age-standardized estimate) (%)",https://www.who.int/data/gho/data/indicators/indicator-details/GHO/prevalence-of-underweight-among-adults-bmi-18-%28age-standardized-estimate%29-%28-%29,2000,2000,2000,EMR,Eastern Mediterranean,ARE,United Arab Emirates,SEX,SEX_MLE,Male,3.7305385,3.7 [2.5-5.3],2.4698619,5.2874599
NCD_BMI_PLUS1C,"Overweight among children and adolescents, BMI-for-age > +1 standard deviations above the median (crude estimate) (%)",https://www.who.int/data/gho/data/indicators/indicator-details/GHO/prevalence-of-overweight-among-children-and-adolescents-bmi-1-standard-deviations-above-the-median-%28crude-estimate%29-%28-%29,1999,1999,1999,EMR,Eastern Mediterranean,ARE,United Arab Emirates,SEX,SEX_BTSX,Both sexes,31.128544,31.1 [27.1-35.2],27.117893,35.157436
NCD_BMI_18C,"Underweight among adults, BMI < 18.5 kg/m2 (crude estimate) (%)",https://www.who.int/data/gho/data/indicators/indicator-details/GHO/prevalence-of-underweight-among-adults-bmi-18-%28crude-estimate%29-%28-%29,2000,2000,2000,EMR,Eastern Mediterranean,ARE,United Arab Emirates,SEX,SEX_MLE,Male,3.6373507,3.6 [2.3-5.2],2.326474,5.2430086
NUTRITION_ANAEMIA_CHILDREN_PREV,Prevalence of anaemia in children aged 6-59 months (%),https://www.who.int/data/gho/data/indicators/indicator-details/GHO/anaemia-in-non-pregnant-women-number-%28in-thousands%29,2001,2001,2001,EMR,Eastern Mediterranean,ARE,United Arab Emirates,SEVERITY,SEVERITY_SEVERE,Severe,0.2,0.2 [0.0-0.7],0,0.7
NCD_BMI_25C,"Overweight among adults, BMI ≥ 25 kg/m2 (crude estimate) (%)",https://www.who.int/data/gho/data/indicators/indicator-details/GHO/prevalence-of-overweight-among-adults-bmi-greaterequal-25-%28crude-estimate%29-%28-%29,1995,1995,1995,EMR,Eastern Mediterranean,ARE,United Arab Emirates,SEX,SEX_FMLE,Female,59.101301,59.1 [55.0-63.2],54.966468,63.239563
NCD_BMI_18C,"Underweight among adults, BMI < 18.5 kg/m2 (crude estimate) (%)",https://www.who.int/data/gho/data/indicators/indicator-details/GHO/prevalence-of-underweight-among-adults-bmi-18-%28crude-estimate%29-%28-%29,1999,1999,1999,EMR,Eastern Mediterranean,ARE,United Arab Emirates,SEX,SEX_MLE,Male,3.6974926,3.7 [2.4-5.4],2.357718,5.3629812
NCD_BMI_MINUS2C,"Thinness among children and adolescents, BMI-for-age < -2 standard deviations below the median (%)",https://www.who.int/data/gho/data/indicators/indicator-details/GHO/prevalence-of-thinness-among-children-and-adolescents-bmi--2-standard-deviations-below-the-median-%28crude-estimate%29-%28-%29,2001,2001,2001,EMR,Eastern Mediterranean,ARE,United Arab Emirates,SEX,SEX_MLE,Male,3.5541434,3.6 [1.3-7.6],1.300694,7.5744718
NCD_BMI_PLUS1C,"Overweight among children and adolescents, BMI-for-age > +1 standard deviations above the median (crude estimate) (%)",https://www.who.int/data/gho/data/indicators/indicator-details/GHO/prevalence-of-overweight-among-children-and-adolescents-bmi-1-standard-deviations-above-the-median-%28crude-estimate%29-%28-%29,1990,1990,1990,EMR,Eastern Mediterranean,ARE,United Arab Emirates,SEX,SEX_MLE,Male,22.783546,22.8 [13.3-33.8],13.334256,33.781391
NCD_BMI_PLUS2C,"Obesity among children and adolescents, BMI-for-age > +2 standard deviations above the median (crude estimate) (%)",https://www.who.int/data/gho/data/indicators/indicator-details/GHO/prevalence-of-obesity-among-children-and-adolescents-bmi-2-standard-deviations-above-the-median-%28crude-estimate%29-%28-%29,2005,2005,2005,EMR,Eastern Mediterranean,ARE,United Arab Emirates,SEX,SEX_MLE,Male,17.322838,17.3 [13.3-21.7],13.319229,21.6958
NCD_BMI_25C,"Overweight among adults, BMI ≥ 25 kg/m2 (crude estimate) (%)",https://www.who.int/data/gho/data/indicators/indicator-details/GHO/prevalence-of-overweight-among-adults-bmi-greaterequal-25-%28crude-estimate%29-%28-%29,2022,2022,2022,EMR,Eastern Mediterranean,ARE,United Arab Emirates,SEX,SEX_MLE,Male,71.451783,71.5 [66.3-76.2],66.336095,76.210856
NCD_BMI_PLUS2C,"Obesity among children and adolescents, BMI-for-age > +2 standard deviations above the median (crude estimate) (%)",https://www.who.int/data/gho/data/indicators/indicator-details/GHO/prevalence-of-obesity-among-children-and-adolescents-bmi-2-standard-deviations-above-the-median-%28crude-estimate%29-%28-%29,1996,1996,1996,EMR,Eastern Mediterranean,ARE,United Arab Emirates,SEX,SEX_FMLE,Female,9.2748411,9.3 [5.3-14.4],5.3161081,14.436956
NCD_BMI_25C,"Overweight among adults, BMI ≥ 25 kg/m2 (crude estimate) (%)",https://www.who.int/data/gho/data/indicators/indicator-details/GHO/prevalence-of-overweight-among-adults-bmi-greaterequal-25-%28crude-estimate%29-%28-%29,2006,2006,2006,EMR,Eastern Mediterranean,ARE,United Arab Emirates,SEX,SEX_FMLE,Female,66.304451,66.3 [63.7-68.9],63.682294,68.91467
NCD_BMI_PLUS2C,"Obesity among children and adolescents, BMI-for-age > +2 standard deviations above the median (crude estimate) (%)",https://www.who.int/data/gho/data/indicators/indicator-details/GHO/prevalence-of-obesity-among-children-and-adolescents-bmi-2-standard-deviations-above-the-median-%28crude-estimate%29-%28-%29,1996,1996,1996,EMR,Eastern Mediterranean,ARE,United Arab Emirates,SEX,SEX_FMLE,Female,9.0436131,9.0 [3.8-16.7],3.8368702,16.749966
NCD_BMI_PLUS2C,"Obesity among children and adolescents, BMI-for-age > +2 standard deviations above the median (crude estimate) (%)",https://www.who.int/data/gho/data/indicators/indicator-details/GHO/prevalence-of-obesity-among-children-and-adolescents-bmi-2-standard-deviations-above-the-median-%28crude-estimate%29-%28-%29,1998,1998,1998,EMR,Eastern Mediterranean,ARE,United Arab Emirates,SEX,SEX_MLE,Male,13.864897,13.9 [9.3-19.2],9.2840321,19.216065
NCD_BMI_PLUS1C,"Overweight among children and adolescents, BMI-for-age > +1 standard deviations above the median (crude estimate) (%)",https://www.who.int/data/gho/data/indicators/indicator-details/GHO/prevalence-of-overweight-among-children-and-adolescents-bmi-1-standard-deviations-above-the-median-%28crude-estimate%29-%28-%29,1990,1990,1990,EMR,Eastern Mediterranean,ARE,United Arab Emirates,SEX,SEX_MLE,Male,24.871863,24.9 [16.6-33.8],16.633159,33.836123
NCD_BMI_30C,"Obesity among adults, BMI ≥ 30 kg/m2 (crude estimate) (%)",https://www.who.int/data/gho/data/indicators/indicator-details/GHO/prevalence-of-obesity-among-adults-bmi--30-%28crude-estimate%29-%28-%29,1990,1990,1990,EMR,Eastern Mediterranean,ARE,United Arab Emirates,SEX,SEX_FMLE,Female,27.550066,27.6 [22.8-32.5],22.788918,32.538617
NCD_BMI_PLUS2C,"Obesity among children and adolescents, BMI-for-age > +2 standard deviations above the median (crude estimate) (%)",https://www.who.int/data/gho/data/indicators/indicator-details/GHO/prevalence-of-obesity-among-children-and-adolescents-bmi-2-standard-deviations-above-the-median-%28crude-estimate%29-%28-%29,2011,2011,2011,EMR,Eastern Mediterranean,ARE,United Arab Emirates,SEX,SEX_MLE,Male,18.379498,18.4 [10.5-27.7],10.468619,27.665398
NUTRITION_ANAEMIA_CHILDREN_PREV,Prevalence of anaemia in children aged 6-59 months (%),https://www.who.int/data/gho/data/indicators/indicator-details/GHO/anaemia-in-non-pregnant-women-number-%28in-thousands%29,2013,2013,2013,EMR,Eastern Mediterranean,ARE,United Arab Emirates,SEVERITY,SEVERITY_SEVERE,Severe,0.1,0.1 [0.0-0.3],0,0.3
NUTRITION_ANAEMIA_CHILDREN_PREV,Prevalence of anaemia in children aged 6-59 months (%),https://www.who.int/data/gho/data/indicators/indicator-details/GHO/anaemia-in-non-pregnant-women-number-%28in-thousands%29,2011,2011,2011,EMR,Eastern Mediterranean,ARE,United Arab Emirates,SEX,SEX_BTSX,Both sexes,19.4,19.4 [8.8-35.0],8.8,35
NCD_BMI_18A,"Underweight among adults, BMI < 18.5 kg/m2 (age-standardized estimate) (%)",https://www.who.int/data/gho/data/indicators/indicator-details/GHO/prevalence-of-underweight-among-adults-bmi-18-%28age-standardized-estimate%29-%28-%29,2015,2015,2015,EMR,Eastern Mediterranean,ARE,United Arab Emirates,SEX,SEX_MLE,Male,2.8521767,2.9 [1.8-4.1],1.8422114,4.1153658
NCD_BMI_PLUS1C,"Overweight among children and adolescents, BMI-for-age > +1 standard deviations above the median (crude estimate) (%)",https://www.who.int/data/gho/data/indicators/indicator-details/GHO/prevalence-of-overweight-among-children-and-adolescents-bmi-1-standard-deviations-above-the-median-%28crude-estimate%29-%28-%29,1994,1994,1994,EMR,Eastern Mediterranean,ARE,United Arab Emirates,SEX,SEX_MLE,Male,25.523272,25.5 [16.6-35.9],16.581194,35.869527
NCD_BMI_PLUS2C,"Obesity among children and adolescents, BMI-for-age > +2 standard deviations above the median (crude estimate) (%)",https://www.who.int/data/gho/data/indicators/indicator-details/GHO/prevalence-of-obesity-among-children-and-adolescents-bmi-2-standard-deviations-above-the-median-%28crude-estimate%29-%28-%29,1998,1998,1998,EMR,Eastern Mediterranean,ARE,United Arab Emirates,SEX,SEX_BTSX,Both sexes,11.974251,12.0 [8.7-15.5],8.7310791,15.530959
NCD_BMI_PLUS2C,"Obesity among children and adolescents, BMI-for-age > +2 standard deviations above the median (crude estimate) (%)",https://www.who.int/data/gho/data/indicators/indicator-details/GHO/prevalence-of-obesity-among-children-and-adolescents-bmi-2-standard-deviations-above-the-median-%28crude-estimate%29-%28-%29,2003,2003,2003,EMR,Eastern Mediterranean,ARE,United Arab Emirates,SEX,SEX_FMLE,Female,11.912603,11.9 [8.8-15.4],8.8016063,15.423903
NUTRITION_ANAEMIA_CHILDREN_NUM,Number of children aged 6-59 months with anaemia (thousands),https://www.who.int/data/gho/data/indicators/indicator-details/GHO/anaemia-in-children-under-5-years-number,2012,2012,2012,EMR,Eastern Mediterranean,ARE,United Arab Emirates,SEVERITY,SEVERITY_MILD,Mild,72.9,72.9 [35.8-124],35.8,124
NCD_BMI_MINUS2C,"Thinness among children and adolescents, BMI-for-age < -2 standard deviations below the median (%)",https://www.who.int/data/gho/data/indicators/indicator-details/GHO/prevalence-of-thinness-among-children-and-adolescents-bmi--2-standard-deviations-below-the-median-%28crude-estimate%29-%28-%29,2016,2016,2016,EMR,Eastern Mediterranean,ARE,United Arab Emirates,SEX,SEX_FMLE,Female,2.8545003,2.9 [1.0-6.0],1.0287451,5.9777692
NCD_BMI_30C,"Obesity among adults, BMI ≥ 30 kg/m2 (crude estimate) (%)",https://www.who.int/data/gho/data/indicators/indicator-details/GHO/prevalence-of-obesity-among-adults-bmi--30-%28crude-estimate%29-%28-%29,1994,1994,1994,EMR,Eastern Mediterranean,ARE,United Arab Emirates,SEX,SEX_FMLE,Female,29.538411,29.5 [25.8-33.5],25.7761,33.46158
NCD_BMI_PLUS2C,"Obesity among children and adolescents, BMI-for-age > +2 standard deviations above the median (crude estimate) (%)",https://www.who.int/data/gho/data/indicators/indicator-details/GHO/prevalence-of-obesity-among-children-and-adolescents-bmi-2-standard-deviations-above-the-median-%28crude-estimate%29-%28-%29,2001,2001,2001,EMR,Eastern Mediterranean,ARE,United Arab Emirates,SEX,SEX_MLE,Male,15.174146,15.2 [10.9-19.9],10.949967,19.901343
NCD_BMI_PLUS2C,"Obesity among children and adolescents, BMI-for-age > +2 standard deviations above the median (crude estimate) (%)",https://www.who.int/data/gho/data/indicators/indicator-details/GHO/prevalence-of-obesity-among-children-and-adolescents-bmi-2-standard-deviations-above-the-median-%28crude-estimate%29-%28-%29,2008,2008,2008,EMR,Eastern Mediterranean,ARE,United Arab Emirates,SEX,SEX_MLE,Male,17.241758,17.2 [9.7-26.5],9.6665405,26.529768
NCD_BMI_MINUS2C,"Thinness among children and adolescents, BMI-for-age < -2 standard deviations below the median (%)",https://www.who.int/data/gho/data/indicators/indicator-details/GHO/prevalence-of-thinness-among-children-and-adolescents-bmi--2-standard-deviations-below-the-median-%28crude-estimate%29-%28-%29,1996,1996,1996,EMR,Eastern Mediterranean,ARE,United Arab Emirates,SEX,SEX_MLE,Male,5.8384299,5.8 [3.5-8.8],3.5252396,8.8283837
NCD_BMI_25A,"Overweight among adults, BMI ≥ 25 kg/m2 (age-standardized estimate) (%)",https://www.who.int/data/gho/data/indicators/indicator-details/GHO/prevalence-of-overweight-among-adults-bmi--25-%28age-standardized-estimate%29-%28-%29,2009,2009,2009,EMR,Eastern Mediterranean,ARE,United Arab Emirates,SEX,SEX_BTSX,Both sexes,69.433004,69.4 [67.3-71.5],67.310965,71.530914
NCD_BMI_25C,"Overweight among adults, BMI ≥ 25 kg/m2 (crude estimate) (%)",https://www.who.int/data/gho/data/indicators/indicator-details/GHO/prevalence-of-overweight-among-adults-bmi-greaterequal-25-%28crude-estimate%29-%28-%29,2011,2011,2011,EMR,Eastern Mediterranean,ARE,United Arab Emirates,SEX,SEX_BTSX,Both sexes,69.772631,69.8 [67.7-71.9],67.687994,71.899861
NCD_BMI_PLUS1C,"Overweight among children and adolescents, BMI-for-age > +1 standard deviations above the median (crude estimate) (%)",https://www.who.int/data/gho/data/indicators/indicator-details/GHO/prevalence-of-overweight-among-children-and-adolescents-bmi-1-standard-deviations-above-the-median-%28crude-estimate%29-%28-%29,2000,2000,2000,EMR,Eastern Mediterranean,ARE,United Arab Emirates,SEX,SEX_FMLE,Female,29.960731,30.0 [21.8-38.8],21.769582,38.795203
NCD_BMI_25A,"Overweight among adults, BMI ≥ 25 kg/m2 (age-standardized estimate) (%)",https://www.who.int/data/gho/data/indicators/indicator-details/GHO/prevalence-of-overweight-among-adults-bmi--25-%28age-standardized-estimate%29-%28-%29,1998,1998,1998,EMR,Eastern Mediterranean,ARE,United Arab Emirates,SEX,SEX_FMLE,Female,65.055078,65.1 [61.8-68.2],61.844319,68.175274
NUTRITION_ANAEMIA_CHILDREN_NUM,Number of children aged 6-59 months with anaemia (thousands),https://www.who.int/data/gho/data/indicators/indicator-details/GHO/anaemia-in-children-under-5-years-number,2019,2019,2019,EMR,Eastern Mediterranean,ARE,United Arab Emirates,SEX,SEX_BTSX,Both sexes,102.459,102 [38-191],38,191
NCD_BMI_30A,"Obesity among adults, BMI ≥ 30 kg/m2 (age-standardized estimate) (%)",https://www.who.int/data/gho/data/indicators/indicator-details/GHO/prevalence-of-obesity-among-adults-bmi--30-%28age-standardized-estimate%29-%28-%29,2008,2008,2008,EMR,Eastern Mediterranean,ARE,United Arab Emirates,SEX,SEX_MLE,Male,26.059735,26.1 [23.2-29.0],23.195493,28.961444
NCD_BMI_25A,"Overweight among adults, BMI ≥ 25 kg/m2 (age-standardized estimate) (%)",https://www.who.int/data/gho/data/indicators/indicator-details/GHO/prevalence-of-overweight-among-adults-bmi--25-%28age-standardized-estimate%29-%28-%29,2007,2007,2007,EMR,Eastern Mediterranean,ARE,United Arab Emirates,SEX,SEX_MLE,Male,68.809414,68.8 [65.9-71.7],65.910602,71.728992
NCD_BMI_18C,"Underweight among adults, BMI < 18.5 kg/m2 (crude estimate) (%)",https://www.who.int/data/gho/data/indicators/indicator-details/GHO/prevalence-of-underweight-among-adults-bmi-18-%28crude-estimate%29-%28-%29,2017,2017,2017,EMR,Eastern Mediterranean,ARE,United Arab Emirates,SEX,SEX_FMLE,Female,2.7415376,2.7 [1.8-3.9],1.8356796,3.8571786
NUTRITION_ANAEMIA_REPRODUCTIVEAGE_NUM,Number of women of reproductive age (aged 15-49 years) with anaemia (thousands),https://www.who.int/data/gho/data/indicators/indicator-details/GHO/anaemia-in-women-of-reproductive-age-number-%28in-thousands%29,2013,2013,2013,EMR,Eastern Mediterranean,ARE,United Arab Emirates,SEX,SEX_FMLE,Female,486.6,486.6 [239.1-866.3],239.1,866.3
NCD_BMI_30C,"Obesity among adults, BMI ≥ 30 kg/m2 (crude estimate) (%)",https://www.who.int/data/gho/data/indicators/indicator-details/GHO/prevalence-of-obesity-among-adults-bmi--30-%28crude-estimate%29-%28-%29,2000,2000,2000,EMR,Eastern Mediterranean,ARE,United Arab Emirates,SEX,SEX_FMLE,Female,32.714427,32.7 [29.7-35.8],29.740918,35.769987
NCD_BMI_MINUS2C,"Thinness among children and adolescents, BMI-for-age < -2 standard deviations below the median (%)",https://www.who.int/data/gho/data/indicators/indicator-details/GHO/prevalence-of-thinness-among-children-and-adolescents-bmi--2-standard-deviations-below-the-median-%28crude-estimate%29-%28-%29,1993,1993,1993,EMR,Eastern Mediterranean,ARE,United Arab Emirates,SEX,SEX_BTSX,Both sexes,4.9033854,4.9 [3.1-7.3],3.0762814,7.2944798
NCD_BMI_25C,"Overweight among adults, BMI ≥ 25 kg/m2 (crude estimate) (%)",https://www.who.int/data/gho/data/indicators/indicator-details/GHO/prevalence-of-overweight-among-adults-bmi-greaterequal-25-%28crude-estimate%29-%28-%29,1993,1993,1993,EMR,Eastern Mediterranean,ARE,United Arab Emirates,SEX,SEX_BTSX,Both sexes,56.902969,56.9 [53.0-60.7],53.029025,60.721904
NUTRITION_ANAEMIA_REPRODUCTIVEAGE_NUM,Number of women of reproductive age (aged 15-49 years) with anaemia (thousands),https://www.who.int/data/gho/data/indicators/indicator-details/GHO/anaemia-in-women-of-reproductive-age-number-%28in-thousands%29,2022,2022,2022,EMR,Eastern Mediterranean,ARE,United Arab Emirates,SEX,SEX_FMLE,Female,680.3,680.3 [279.2-1273.2],279.2,1273.2
NCD_BMI_PLUS1C,"Overweight among children and adolescents, BMI-for-age > +1 standard deviations above the median (crude estimate) (%)",https://www.who.int/data/gho/data/indicators/indicator-details/GHO/prevalence-of-overweight-among-children-and-adolescents-bmi-1-standard-deviations-above-the-median-%28crude-estimate%29-%28-%29,2004,2004,2004,EMR,Eastern Mediterranean,ARE,United Arab Emirates,SEX,SEX_MLE,Male,33.920547,33.9 [25.5-43.1],25.524658,43.104476
NCD_BMI_MINUS2C,"Thinness among children and adolescents, BMI-for-age < -2 standard deviations below the median (%)",https://www.who.int/data/gho/data/indicators/indicator-details/GHO/prevalence-of-thinness-among-children-and-adolescents-bmi--2-standard-deviations-below-the-median-%28crude-estimate%29-%28-%29,1995,1995,1995,EMR,Eastern Mediterranean,ARE,United Arab Emirates,SEX,SEX_MLE,Male,4.0288318,4.0 [1.4-8.8],1.3672446,8.8117994
NCD_BMI_PLUS2C,"Obesity among children and adolescents, BMI-for-age > +2 standard deviations above the median (crude estimate) (%)",https://www.who.int/data/gho/data/indicators/indicator-details/GHO/prevalence-of-obesity-among-children-and-adolescents-bmi-2-standard-deviations-above-the-median-%28crude-estimate%29-%28-%29,2015,2015,2015,EMR,Eastern Mediterranean,ARE,United Arab Emirates,SEX,SEX_FMLE,Female,15.092269,15.1 [11.3-19.6],11.259428,19.607775
NCD_BMI_PLUS1C,"Overweight among children and adolescents, BMI-for-age > +1 standard deviations above the median (crude estimate) (%)",https://www.who.int/data/gho/data/indicators/indicator-details/GHO/prevalence-of-overweight-among-children-and-adolescents-bmi-1-standard-deviations-above-the-median-%28crude-estimate%29-%28-%29,2016,2016,2016,EMR,Eastern Mediterranean,ARE,United Arab Emirates,SEX,SEX_BTSX,Both sexes,39.287749,39.3 [32.8-45.8],32.8067,45.84114
NCD_BMI_MINUS2C,"Thinness among children and adolescents, BMI-for-age < -2 standard deviations below the median (%)",https://www.who.int/data/gho/data/indicators/indicator-details/GHO/prevalence-of-thinness-among-children-and-adolescents-bmi--2-standard-deviations-below-the-median-%28crude-estimate%29-%28-%29,2015,2015,2015,EMR,Eastern Mediterranean,ARE,United Arab Emirates,SEX,SEX_BTSX,Both sexes,3.57849,3.6 [2.6-4.8],2.6169335,4.8229493
NCD_BMI_18C,"Underweight among adults, BMI < 18.5 kg/m2 (crude estimate) (%)",https://www.who.int/data/gho/data/indicators/indicator-details/GHO/prevalence-of-underweight-among-adults-bmi-18-%28crude-estimate%29-%28-%29,2003,2003,2003,EMR,Eastern Mediterranean,ARE,United Arab Emirates,SEX,SEX_MLE,Male,3.2758582,3.3 [2.1-4.7],2.1354541,4.6514366
NCD_BMI_PLUS1C,"Overweight among children and adolescents, BMI-for-age > +1 standard deviations above the median (crude estimate) (%)",https://www.who.int/data/gho/data/indicators/indicator-details/GHO/prevalence-of-overweight-among-children-and-adolescents-bmi-1-standard-deviations-above-the-median-%28crude-estimate%29-%28-%29,2020,2020,2020,EMR,Eastern Mediterranean,ARE,United Arab Emirates,SEX,SEX_BTSX,Both sexes,42.789826,42.8 [38.2-47.5],38.1926,47.529107
NUTRITION_ANAEMIA_REPRODUCTIVEAGE_PREV,Prevalence of anaemia in women of reproductive age (aged 15-49) (%),https://www.who.int/data/gho/data/indicators/indicator-details/GHO/prevalence-of-anaemia-in-women-of-reproductive-age-%28-%29,2013,2013,2013,EMR,Eastern Mediterranean,ARE,United Arab Emirates,SEX,SEX_FMLE,Female,28.3,28.3 [14.3-49.9],14.3,49.9
NCD_BMI_30C,"Obesity among adults, BMI ≥ 30 kg/m2 (crude estimate) (%)",https://www.who.int/data/gho/data/indicators/indicator-details/GHO/prevalence-of-obesity-among-adults-bmi--30-%28crude-estimate%29-%28-%29,2007,2007,2007,EMR,Eastern Mediterranean,ARE,United Arab Emirates,SEX,SEX_BTSX,Both sexes,28.902325,28.9 [26.7-31.2],26.679245,31.220096
NCD_BMI_25C,"Overweight among adults, BMI ≥ 25 kg/m2 (crude estimate) (%)",https://www.who.int/data/gho/data/indicators/indicator-details/GHO/prevalence-of-overweight-among-adults-bmi-greaterequal-25-%28crude-estimate%29-%28-%29,2002,2002,2002,EMR,Eastern Mediterranean,ARE,United Arab Emirates,SEX,SEX_BTSX,Both sexes,64.533448,64.5 [62.1-67.0],62.085372,67.00477
NCD_BMI_18A,"Underweight among adults, BMI < 18.5 kg/m2 (age-standardized estimate) (%)",https://www.who.int/data/gho/data/indicators/indicator-details/GHO/prevalence-of-underweight-among-adults-bmi-18-%28age-standardized-estimate%29-%28-%29,2013,2013,2013,EMR,Eastern Mediterranean,ARE,United Arab Emirates,SEX,SEX_MLE,Male,2.8817371,2.9 [1.9-4.1],1.9068057,4.1065011
NCD_BMI_25A,"Overweight among adults, BMI ≥ 25 kg/m2 (age-standardized estimate) (%)",https://www.who.int/data/gho/data/indicators/indicator-details/GHO/prevalence-of-overweight-among-adults-bmi--25-%28age-standardized-estimate%29-%28-%29,2000,2000,2000,EMR,Eastern Mediterranean,ARE,United Arab Emirates,SEX,SEX_FMLE,Female,66.117281,66.1 [63.2-68.9],63.178527,68.926066
NCD_BMI_30A,"Obesity among adults, BMI ≥ 30 kg/m2 (age-standardized estimate) (%)",https://www.who.int/data/gho/data/indicators/indicator-details/GHO/prevalence-of-obesity-among-adults-bmi--30-%28age-standardized-estimate%29-%28-%29,2002,2002,2002,EMR,Eastern Mediterranean,ARE,United Arab Emirates,SEX,SEX_BTSX,Both sexes,26.829341,26.8 [24.6-29.2],24.618621,29.163316
NCD_BMI_PLUS1C,"Overweight among children and adolescents, BMI-for-age > +1 standard deviations above the median (crude estimate) (%)",https://www.who.int/data/gho/data/indicators/indicator-details/GHO/prevalence-of-overweight-among-children-and-adolescents-bmi-1-standard-deviations-above-the-median-%28crude-estimate%29-%28-%29,2015,2015,2015,EMR,Eastern Mediterranean,ARE,United Arab Emirates,SEX,SEX_MLE,Male,40.573156,40.6 [31.5-49.7],31.473362,49.698085
NCD_BMI_30A,"Obesity among adults, BMI ≥ 30 kg/m2 (age-standardized estimate) (%)",https://www.who.int/data/gho/data/indicators/indicator-details/GHO/prevalence-of-obesity-among-adults-bmi--30-%28age-standardized-estimate%29-%28-%29,1998,1998,1998,EMR,Eastern Mediterranean,ARE,United Arab Emirates,SEX,SEX_BTSX,Both sexes,24.086906,24.1 [21.8-26.5],21.834697,26.500654
NCD_BMI_PLUS2C,"Obesity among children and adolescents, BMI-for-age > +2 standard deviations above the median (crude estimate) (%)",https://www.who.int/data/gho/data/indicators/indicator-details/GHO/prevalence-of-obesity-among-children-and-adolescents-bmi-2-standard-deviations-above-the-median-%28crude-estimate%29-%28-%29,2018,2018,2018,EMR,Eastern Mediterranean,ARE,United Arab Emirates,SEX,SEX_FMLE,Female,16.322167,16.3 [12.5-20.6],12.500481,20.580618
NCD_BMI_PLUS2C,"Obesity among children and adolescents, BMI-for-age > +2 standard deviations above the median (crude estimate) (%)",https://www.who.int/data/gho/data/indicators/indicator-details/GHO/prevalence-of-obesity-among-children-and-adolescents-bmi-2-standard-deviations-above-the-median-%28crude-estimate%29-%28-%29,2004,2004,2004,EMR,Eastern Mediterranean,ARE,United Arab Emirates,SEX,SEX_MLE,Male,17.477825,17.5 [14.0-21.3],13.952655,21.299051
NCD_BMI_PLUS1C,"Overweight among children and adolescents, BMI-for-age > +1 standard deviations above the median (crude estimate) (%)",https://www.who.int/data/gho/data/indicators/indicator-details/GHO/prevalence-of-overweight-among-children-and-adolescents-bmi-1-standard-deviations-above-the-median-%28crude-estimate%29-%28-%29,2008,2008,2008,EMR,Eastern Mediterranean,ARE,United Arab Emirates,SEX,SEX_BTSX,Both sexes,38.474792,38.5 [36.1-40.8],36.148706,40.805295
NCD_BMI_PLUS1C,"Overweight among children and adolescents, BMI-for-age > +1 standard deviations above the median (crude estimate) (%)",https://www.who.int/data/gho/data/indicators/indicator-details/GHO/prevalence-of-overweight-among-children-and-adolescents-bmi-1-standard-deviations-above-the-median-%28crude-estimate%29-%28-%29,1999,1999,1999,EMR,Eastern Mediterranean,ARE,United Arab Emirates,SEX,SEX_MLE,Male,32.402691,32.4 [26.8-38.2],26.753259,38.231394
NCD_BMI_30A,"Obesity among adults, BMI ≥ 30 kg/m2 (age-standardized estimate) (%)",https://www.who.int/data/gho/data/indicators/indicator-details/GHO/prevalence-of-obesity-among-adults-bmi--30-%28age-standardized-estimate%29-%28-%29,2007,2007,2007,EMR,Eastern Mediterranean,ARE,United Arab Emirates,SEX,SEX_MLE,Male,25.606552,25.6 [22.8-28.5],22.76001,28.509635
NCD_BMI_18A,"Underweight among adults, BMI < 18.5 kg/m2 (age-standardized estimate) (%)",https://www.who.int/data/gho/data/indicators/indicator-details/GHO/prevalence-of-underweight-among-adults-bmi-18-%28age-standardized-estimate%29-%28-%29,2000,2000,2000,EMR,Eastern Mediterranean,ARE,United Arab Emirates,SEX,SEX_FMLE,Female,2.5779279,2.6 [1.8-3.6],1.7784765,3.5767995
NCD_BMI_PLUS1C,"Overweight among children and adolescents, BMI-for-age > +1 standard deviations above the median (crude estimate) (%)",https://www.who.int/data/gho/data/indicators/indicator-details/GHO/prevalence-of-overweight-among-children-and-adolescents-bmi-1-standard-deviations-above-the-median-%28crude-estimate%29-%28-%29,2005,2005,2005,EMR,Eastern Mediterranean,ARE,United Arab Emirates,SEX,SEX_MLE,Male,37.532359,37.5 [33.1-42.1],33.07313,42.119107
NCD_BMI_PLUS1C,"Overweight among children and adolescents, BMI-for-age > +1 standard deviations above the median (crude estimate) (%)",https://www.who.int/data/gho/data/indicators/indicator-details/GHO/prevalence-of-overweight-among-children-and-adolescents-bmi-1-standard-deviations-above-the-median-%28crude-estimate%29-%28-%29,2009,2009,2009,EMR,Eastern Mediterranean,ARE,United Arab Emirates,SEX,SEX_MLE,Male,37.499651,37.5 [29.0-46.4],28.975895,46.439064
NCD_BMI_PLUS2C,"Obesity among children and adolescents, BMI-for-age > +2 standard deviations above the median (crude estimate) (%)",https://www.who.int/data/gho/data/indicators/indicator-details/GHO/prevalence-of-obesity-among-children-and-adolescents-bmi-2-standard-deviations-above-the-median-%28crude-estimate%29-%28-%29,1994,1994,1994,EMR,Eastern Mediterranean,ARE,United Arab Emirates,SEX,SEX_BTSX,Both sexes,9.2566997,9.3 [4.8-15.0],4.8039157,14.989813
NCD_BMI_PLUS2C,"Obesity among children and adolescents, BMI-for-age > +2 standard deviations above the median (crude estimate) (%)",https://www.who.int/data/gho/data/indicators/indicator-details/GHO/prevalence-of-obesity-among-children-and-adolescents-bmi-2-standard-deviations-above-the-median-%28crude-estimate%29-%28-%29,2021,2021,2021,EMR,Eastern Mediterranean,ARE,United Arab Emirates,SEX,SEX_MLE,Male,24.488188,24.5 [18.3-30.7],18.317315,30.667177
NUTRITION_ANAEMIA_CHILDREN_PREV,Prevalence of anaemia in children aged 6-59 months (%),https://www.who.int/data/gho/data/indicators/indicator-details/GHO/anaemia-in-non-pregnant-women-number-%28in-thousands%29,2005,2005,2005,EMR,Eastern Mediterranean,ARE,United Arab Emirates,SEVERITY,SEVERITY_MODERATE,Moderate,5,5.0 [1.5-13.8],1.5,13.8
NCD_BMI_25A,"Overweight among adults, BMI ≥ 25 kg/m2 (age-standardized estimate) (%)",https://www.who.int/data/gho/data/indicators/indicator-details/GHO/prevalence-of-overweight-among-adults-bmi--25-%28age-standardized-estimate%29-%28-%29,2007,2007,2007,EMR,Eastern Mediterranean,ARE,United Arab Emirates,SEX,SEX_BTSX,Both sexes,68.75093,68.8 [66.6-70.9],66.585004,70.922184
NCD_BMI_PLUS1C,"Overweight among children and adolescents, BMI-for-age > +1 standard deviations above the median (crude estimate) (%)",https://www.who.int/data/gho/data/indicators/indicator-details/GHO/prevalence-of-overweight-among-children-and-adolescents-bmi-1-standard-deviations-above-the-median-%28crude-estimate%29-%28-%29,1992,1992,1992,EMR,Eastern Mediterranean,ARE,United Arab Emirates,SEX,SEX_FMLE,Female,25.595611,25.6 [19.1-32.6],19.117279,32.550848
NCD_BMI_25C,"Overweight among adults, BMI ≥ 25 kg/m2 (crude estimate) (%)",https://www.who.int/data/gho/data/indicators/indicator-details/GHO/prevalence-of-overweight-among-adults-bmi-greaterequal-25-%28crude-estimate%29-%28-%29,1990,1990,1990,EMR,Eastern Mediterranean,ARE,United Arab Emirates,SEX,SEX_MLE,Male,52.957213,53.0 [47.1-58.8],47.125867,58.808839
NCD_BMI_PLUS2C,"Obesity among children and adolescents, BMI-for-age > +2 standard deviations above the median (crude estimate) (%)",https://www.who.int/data/gho/data/indicators/indicator-details/GHO/prevalence-of-obesity-among-children-and-adolescents-bmi-2-standard-deviations-above-the-median-%28crude-estimate%29-%28-%29,2011,2011,2011,EMR,Eastern Mediterranean,ARE,United Arab Emirates,SEX,SEX_FMLE,Female,14.149985,14.1 [11.6-16.9],11.641438,16.857626
NCD_BMI_PLUS1C,"Overweight among children and adolescents, BMI-for-age > +1 standard deviations above the median (crude estimate) (%)",https://www.who.int/data/gho/data/indicators/indicator-details/GHO/prevalence-of-overweight-among-children-and-adolescents-bmi-1-standard-deviations-above-the-median-%28crude-estimate%29-%28-%29,2007,2007,2007,EMR,Eastern Mediterranean,ARE,United Arab Emirates,SEX,SEX_FMLE,Female,33.827797,33.8 [25.9-42.3],25.871268,42.323869
NCD_BMI_PLUS1C,"Overweight among children and adolescents, BMI-for-age > +1 standard deviations above the median (crude estimate) (%)",https://www.who.int/data/gho/data/indicators/indicator-details/GHO/prevalence-of-overweight-among-children-and-adolescents-bmi-1-standard-deviations-above-the-median-%28crude-estimate%29-%28-%29,2013,2013,2013,EMR,Eastern Mediterranean,ARE,United Arab Emirates,SEX,SEX_BTSX,Both sexes,37.904358,37.9 [31.7-44.2],31.73179,44.166195
NCD_BMI_PLUS2C,"Obesity among children and adolescents, BMI-for-age > +2 standard deviations above the median (crude estimate) (%)",https://www.who.int/data/gho/data/indicators/indicator-details/GHO/prevalence-of-obesity-among-children-and-adolescents-bmi-2-standard-deviations-above-the-median-%28crude-estimate%29-%28-%29,2017,2017,2017,EMR,Eastern Mediterranean,ARE,United Arab Emirates,SEX,SEX_FMLE,Female,16.011958,16.0 [12.6-19.9],12.57329,19.855247
NCD_BMI_MINUS2C,"Thinness among children and adolescents, BMI-for-age < -2 standard deviations below the median (%)",https://www.who.int/data/gho/data/indicators/indicator-details/GHO/prevalence-of-thinness-among-children-and-adolescents-bmi--2-standard-deviations-below-the-median-%28crude-estimate%29-%28-%29,2013,2013,2013,EMR,Eastern Mediterranean,ARE,United Arab Emirates,SEX,SEX_MLE,Male,4.1528903,4.2 [2.8-5.9],2.8192738,5.9291914
NCD_BMI_30A,"Obesity among adults, BMI ≥ 30 kg/m2 (age-standardized estimate) (%)",https://www.who.int/data/gho/data/indicators/indicator-details/GHO/prevalence-of-obesity-among-adults-bmi--30-%28age-standardized-estimate%29-%28-%29,1997,1997,1997,EMR,Eastern Mediterranean,ARE,United Arab Emirates,SEX,SEX_MLE,Male,19.316508,19.3 [16.4-22.5],16.423479,22.455734
NCD_BMI_18C,"Underweight among adults, BMI < 18.5 kg/m2 (crude estimate) (%)",https://www.who.int/data/gho/data/indicators/indicator-details/GHO/prevalence-of-underweight-among-adults-bmi-18-%28crude-estimate%29-%28-%29,1992,1992,1992,EMR,Eastern Mediterranean,ARE,United Arab Emirates,SEX,SEX_BTSX,Both sexes,4.251029,4.3 [2.7-6.2],2.7361993,6.1515644
NCD_BMI_MINUS2C,"Thinness among children and adolescents, BMI-for-age < -2 standard deviations below the median (%)",https://www.who.int/data/gho/data/indicators/indicator-details/GHO/prevalence-of-thinness-among-children-and-adolescents-bmi--2-standard-deviations-below-the-median-%28crude-estimate%29-%28-%29,2020,2020,2020,EMR,Eastern Mediterranean,ARE,United Arab Emirates,SEX,SEX_MLE,Male,4.3308105,4.3 [2.4-7.0],2.393268,7.0119239
NUTRITION_ANAEMIA_REPRODUCTIVEAGE_PREV,Prevalence of anaemia in women of reproductive age (aged 15-49) (%),https://www.who.int/data/gho/data/indicators/indicator-details/GHO/prevalence-of-anaemia-in-women-of-reproductive-age-%28-%29,2013,2013,2013,EMR,Eastern Mediterranean,ARE,United Arab Emirates,SEX,SEX_FMLE,Female,28.2,28.2 [13.9-50.3],13.9,50.3
NUTRITION_ANAEMIA_REPRODUCTIVEAGE_NUM,Number of women of reproductive age (aged 15-49 years) with anaemia (thousands),https://www.who.int/data/gho/data/indicators/indicator-details/GHO/anaemia-in-women-of-reproductive-age-number-%28in-thousands%29,2012,2012,2012,EMR,Eastern Mediterranean,ARE,United Arab Emirates,SEX,SEX_FMLE,Female,477.3,477.3 [239.5-846.8],239.5,846.8
NCD_BMI_18A,"Underweight among adults, BMI < 18.5 kg/m2 (age-standardized estimate) (%)",https://www.who.int/data/gho/data/indicators/indicator-details/GHO/prevalence-of-underweight-among-adults-bmi-18-%28age-standardized-estimate%29-%28-%29,2021,2021,2021,EMR,Eastern Mediterranean,ARE,United Arab Emirates,SEX,SEX_FMLE,Female,2.7515549,2.8 [1.7-4.2],1.6682468,4.1543044
NUTRITION_ANAEMIA_REPRODUCTIVEAGE_NUM,Number of women of reproductive age (aged 15-49 years) with anaemia (thousands),https://www.who.int/data/gho/data/indicators/indicator-details/GHO/anaemia-in-women-of-reproductive-age-number-%28in-thousands%29,2006,2006,2006,EMR,Eastern Mediterranean,ARE,United Arab Emirates,SEX,SEX_FMLE,Female,266,266.0 [129.8-473.8],129.8,473.8
NCD_BMI_MINUS2C,"Thinness among children and adolescents, BMI-for-age < -2 standard deviations below the median (%)",https://www.who.int/data/gho/data/indicators/indicator-details/GHO/prevalence-of-thinness-among-children-and-adolescents-bmi--2-standard-deviations-below-the-median-%28crude-estimate%29-%28-%29,1999,1999,1999,EMR,Eastern Mediterranean,ARE,United Arab Emirates,SEX,SEX_MLE,Male,5.1097449,5.1 [3.1-7.7],3.1382699,7.6931864
NCD_BMI_PLUS1C,"Overweight among children and adolescents, BMI-for-age > +1 standard deviations above the median (crude estimate) (%)",https://www.who.int/data/gho/data/indicators/indicator-details/GHO/prevalence-of-overweight-among-children-and-adolescents-bmi-1-standard-deviations-above-the-median-%28crude-estimate%29-%28-%29,1995,1995,1995,EMR,Eastern Mediterranean,ARE,United Arab Emirates,SEX,SEX_BTSX,Both sexes,26.586962,26.6 [20.2-33.3],20.219137,33.348742
NCD_BMI_MINUS2C,"Thinness among children and adolescents, BMI-for-age < -2 standard deviations below the median (%)",https://www.who.int/data/gho/data/indicators/indicator-details/GHO/prevalence-of-thinness-among-children-and-adolescents-bmi--2-standard-deviations-below-the-median-%28crude-estimate%29-%28-%29,1996,1996,1996,EMR,Eastern Mediterranean,ARE,United Arab Emirates,SEX,SEX_FMLE,Female,3.893752,3.9 [2.0-6.7],2.0090731,6.6772841
NCD_BMI_PLUS1C,"Overweight among children and adolescents, BMI-for-age > +1 standard deviations above the median (crude estimate) (%)",https://www.who.int/data/gho/data/indicators/indicator-details/GHO/prevalence-of-overweight-among-children-and-adolescents-bmi-1-standard-deviations-above-the-median-%28crude-estimate%29-%28-%29,2008,2008,2008,EMR,Eastern Mediterranean,ARE,United Arab Emirates,SEX,SEX_FMLE,Female,34.512022,34.5 [30.1-39.1],30.060467,39.136589
NCD_BMI_PLUS1C,"Overweight among children and adolescents, BMI-for-age > +1 standard deviations above the median (crude estimate) (%)",https://www.who.int/data/gho/data/indicators/indicator-details/GHO/prevalence-of-overweight-among-children-and-adolescents-bmi-1-standard-deviations-above-the-median-%28crude-estimate%29-%28-%29,2022,2022,2022,EMR,Eastern Mediterranean,ARE,United Arab Emirates,SEX,SEX_MLE,Male,43.567654,43.6 [32.3-54.5],32.339895,54.489362
NCD_BMI_MINUS2C,"Thinness among children and adolescents, BMI-for-age < -2 standard deviations below the median (%)",https://www.who.int/data/gho/data/indicators/indicator-details/GHO/prevalence-of-thinness-among-children-and-adolescents-bmi--2-standard-deviations-below-the-median-%28crude-estimate%29-%28-%29,1993,1993,1993,EMR,Eastern Mediterranean,ARE,United Arab Emirates,SEX,SEX_BTSX,Both sexes,4.1383829,4.1 [1.9-7.4],1.9473674,7.3918775
NCD_BMI_MINUS2C,"Thinness among children and adolescents, BMI-for-age < -2 standard deviations below the median (%)",https://www.who.int/data/gho/data/indicators/indicator-details/GHO/prevalence-of-thinness-among-children-and-adolescents-bmi--2-standard-deviations-below-the-median-%28crude-estimate%29-%28-%29,2010,2010,2010,EMR,Eastern Mediterranean,ARE,United Arab Emirates,SEX,SEX_MLE,Male,3.1925429,3.2 [1.2-6.6],1.2189634,6.6141307
NCD_BMI_MINUS2C,"Thinness among children and adolescents, BMI-for-age < -2 standard deviations below the median (%)",https://www.who.int/data/gho/data/indicators/indicator-details/GHO/prevalence-of-thinness-among-children-and-adolescents-bmi--2-standard-deviations-below-the-median-%28crude-estimate%29-%28-%29,2014,2014,2014,EMR,Eastern Mediterranean,ARE,United Arab Emirates,SEX,SEX_FMLE,Female,3.0218935,3.0 [2.1-4.1],2.1137739,4.1403748
NCD_BMI_30A,"Obesity among adults, BMI ≥ 30 kg/m2 (age-standardized estimate) (%)",https://www.who.int/data/gho/data/indicators/indicator-details/GHO/prevalence-of-obesity-among-adults-bmi--30-%28age-standardized-estimate%29-%28-%29,1992,1992,1992,EMR,Eastern Mediterranean,ARE,United Arab Emirates,SEX,SEX_FMLE,Female,31.980082,32.0 [27.7-36.4],27.669618,36.415514
NUTRITION_ANAEMIA_REPRODUCTIVEAGE_NUM,Number of women of reproductive age (aged 15-49 years) with anaemia (thousands),https://www.who.int/data/gho/data/indicators/indicator-details/GHO/anaemia-in-women-of-reproductive-age-number-%28in-thousands%29,2018,2018,2018,EMR,Eastern Mediterranean,ARE,United Arab Emirates,SEX,SEX_FMLE,Female,589.4,589.4 [276.5-1067.9],276.5,1067.9
NUTRITION_ANAEMIA_CHILDREN_NUM,Number of children aged 6-59 months with anaemia (thousands),https://www.who.int/data/gho/data/indicators/indicator-details/GHO/anaemia-in-children-under-5-years-number,2002,2002,2002,EMR,Eastern Mediterranean,ARE,United Arab Emirates,SEVERITY,SEVERITY_SEVERE,Severe,0.36,0.36 [0.03-1.57],0.03,1.57
NCD_BMI_18C,"Underweight among adults, BMI < 18.5 kg/m2 (crude estimate) (%)",https://www.who.int/data/gho/data/indicators/indicator-details/GHO/prevalence-of-underweight-among-adults-bmi-18-%28crude-estimate%29-%28-%29,2019,2019,2019,EMR,Eastern Mediterranean,ARE,United Arab Emirates,SEX,SEX_MLE,Male,2.4954136,2.5 [1.4-3.9],1.4470564,3.8738236
NCD_BMI_25C,"Overweight among adults, BMI ≥ 25 kg/m2 (crude estimate) (%)",https://www.who.int/data/gho/data/indicators/indicator-details/GHO/prevalence-of-overweight-among-adults-bmi-greaterequal-25-%28crude-estimate%29-%28-%29,1992,1992,1992,EMR,Eastern Mediterranean,ARE,United Arab Emirates,SEX,SEX_MLE,Male,55.308867,55.3 [50.1-60.5],50.097263,60.487247
NCD_BMI_PLUS1C,"Overweight among children and adolescents, BMI-for-age > +1 standard deviations above the median (crude estimate) (%)",https://www.who.int/data/gho/data/indicators/indicator-details/GHO/prevalence-of-overweight-among-children-and-adolescents-bmi-1-standard-deviations-above-the-median-%28crude-estimate%29-%28-%29,2017,2017,2017,EMR,Eastern Mediterranean,ARE,United Arab Emirates,SEX,SEX_FMLE,Female,38.484353,38.5 [34.4-42.5],34.442601,42.522097
NCD_BMI_PLUS2C,"Obesity among children and adolescents, BMI-for-age > +2 standard deviations above the median (crude estimate) (%)",https://www.who.int/data/gho/data/indicators/indicator-details/GHO/prevalence-of-obesity-among-children-and-adolescents-bmi-2-standard-deviations-above-the-median-%28crude-estimate%29-%28-%29,2002,2002,2002,EMR,Eastern Mediterranean,ARE,United Arab Emirates,SEX,SEX_FMLE,Female,11.069646,11.1 [5.5-18.6],5.4674368,18.615535
NCD_BMI_PLUS1C,"Overweight among children and adolescents, BMI-for-age > +1 standard deviations above the median (crude estimate) (%)",https://www.who.int/data/gho/data/indicators/indicator-details/GHO/prevalence-of-overweight-among-children-and-adolescents-bmi-1-standard-deviations-above-the-median-%28crude-estimate%29-%28-%29,2014,2014,2014,EMR,Eastern Mediterranean,ARE,United Arab Emirates,SEX,SEX_BTSX,Both sexes,38.365197,38.4 [32.1-44.7],32.09306,44.709811
NCD_BMI_MINUS2C,"Thinness among children and adolescents, BMI-for-age < -2 standard deviations below the median (%)",https://www.who.int/data/gho/data/indicators/indicator-details/GHO/prevalence-of-thinness-among-children-and-adolescents-bmi--2-standard-deviations-below-the-median-%28crude-estimate%29-%28-%29,2006,2006,2006,EMR,Eastern Mediterranean,ARE,United Arab Emirates,SEX,SEX_BTSX,Both sexes,4.1706722,4.2 [3.2-5.2],3.22809,5.2178945
NCD_BMI_30C,"Obesity among adults, BMI ≥ 30 kg/m2 (crude estimate) (%)",https://www.who.int/data/gho/data/indicators/indicator-details/GHO/prevalence-of-obesity-among-adults-bmi--30-%28crude-estimate%29-%28-%29,2018,2018,2018,EMR,Eastern Mediterranean,ARE,United Arab Emirates,SEX,SEX_MLE,Male,28.466609,28.5 [24.8-32.3],24.799712,32.347673
NUTRITION_ANAEMIA_REPRODUCTIVEAGE_PREV,Prevalence of anaemia in women of reproductive age (aged 15-49) (%),https://www.who.int/data/gho/data/indicators/indicator-details/GHO/prevalence-of-anaemia-in-women-of-reproductive-age-%28-%29,2011,2011,2011,EMR,Eastern Mediterranean,ARE,United Arab Emirates,SEX,SEX_FMLE,Female,28.6,28.6 [15.2-40.3],15.2,40.3
NUTRITION_ANAEMIA_CHILDREN_NUM,Number of children aged 6-59 months with anaemia (thousands),https://www.who.int/data/gho/data/indicators/indicator-details/GHO/anaemia-in-children-under-5-years-number,2004,2004,2004,EMR,Eastern Mediterranean,ARE,United Arab Emirates,SEX,SEX_BTSX,Both sexes,51.262,51 [23-97],23,97
NCD_BMI_25A,"Overweight among adults, BMI ≥ 25 kg/m2 (age-standardized estimate) (%)",https://www.who.int/data/gho/data/indicators/indicator-details/GHO/prevalence-of-overweight-among-adults-bmi--25-%28age-standardized-estimate%29-%28-%29,1998,1998,1998,EMR,Eastern Mediterranean,ARE,United Arab Emirates,SEX,SEX_BTSX,Both sexes,63.19176,63.2 [60.5-65.9],60.479909,65.875399
NCD_BMI_30A,"Obesity among adults, BMI ≥ 30 kg/m2 (age-standardized estimate) (%)",https://www.who.int/data/gho/data/indicators/indicator-details/GHO/prevalence-of-obesity-among-adults-bmi--30-%28age-standardized-estimate%29-%28-%29,1991,1991,1991,EMR,Eastern Mediterranean,ARE,United Arab Emirates,SEX,SEX_FMLE,Female,31.420055,31.4 [26.9-36.1],26.886559,36.142793
NUTRITION_ANAEMIA_CHILDREN_NUM,Number of children aged 6-59 months with anaemia (thousands),https://www.who.int/data/gho/data/indicators/indicator-details/GHO/anaemia-in-children-under-5-years-number,2016,2016,2016,EMR,Eastern Mediterranean,ARE,United Arab Emirates,SEVERITY,SEVERITY_MILD,Mild,74.3,74.3 [33.7-130],33.7,130
NCD_BMI_PLUS2C,"Obesity among children and adolescents, BMI-for-age > +2 standard deviations above the median (crude estimate) (%)",https://www.who.int/data/gho/data/indicators/indicator-details/GHO/prevalence-of-obesity-among-children-and-adolescents-bmi-2-standard-deviations-above-the-median-%28crude-estimate%29-%28-%29,1995,1995,1995,EMR,Eastern Mediterranean,ARE,United Arab Emirates,SEX,SEX_FMLE,Female,8.7231055,8.7 [3.6-16.6],3.5851989,16.56273
NCD_BMI_MINUS2C,"Thinness among children and adolescents, BMI-for-age < -2 standard deviations below the median (%)",https://www.who.int/data/gho/data/indicators/indicator-details/GHO/prevalence-of-thinness-among-children-and-adolescents-bmi--2-standard-deviations-below-the-median-%28crude-estimate%29-%28-%29,1996,1996,1996,EMR,Eastern Mediterranean,ARE,United Arab Emirates,SEX,SEX_FMLE,Female,3.7444394,3.7 [1.3-8.2],1.2672881,8.2200959
NCD_BMI_18C,"Underweight among adults, BMI < 18.5 kg/m2 (crude estimate) (%)",https://www.who.int/data/gho/data/indicators/indicator-details/GHO/prevalence-of-underweight-among-adults-bmi-18-%28crude-estimate%29-%28-%29,2011,2011,2011,EMR,Eastern Mediterranean,ARE,United Arab Emirates,SEX,SEX_MLE,Male,2.5414167,2.5 [1.7-3.6],1.6612086,3.6219362
NCD_BMI_MINUS2C,"Thinness among children and adolescents, BMI-for-age < -2 standard deviations below the median (%)",https://www.who.int/data/gho/data/indicators/indicator-details/GHO/prevalence-of-thinness-among-children-and-adolescents-bmi--2-standard-deviations-below-the-median-%28crude-estimate%29-%28-%29,2015,2015,2015,EMR,Eastern Mediterranean,ARE,United Arab Emirates,SEX,SEX_FMLE,Female,2.9554041,3.0 [1.8-4.6],1.8087685,4.6259694
NCD_BMI_PLUS2C,"Obesity among children and adolescents, BMI-for-age > +2 standard deviations above the median (crude estimate) (%)",https://www.who.int/data/gho/data/indicators/indicator-details/GHO/prevalence-of-obesity-among-children-and-adolescents-bmi-2-standard-deviations-above-the-median-%28crude-estimate%29-%28-%29,1999,1999,1999,EMR,Eastern Mediterranean,ARE,United Arab Emirates,SEX,SEX_BTSX,Both sexes,12.492143,12.5 [9.3-16.0],9.3284763,15.952635
NCD_BMI_PLUS1C,"Overweight among children and adolescents, BMI-for-age > +1 standard deviations above the median (crude estimate) (%)",https://www.who.int/data/gho/data/indicators/indicator-details/GHO/prevalence-of-overweight-among-children-and-adolescents-bmi-1-standard-deviations-above-the-median-%28crude-estimate%29-%28-%29,2001,2001,2001,EMR,Eastern Mediterranean,ARE,United Arab Emirates,SEX,SEX_FMLE,Female,30.495915,30.5 [25.6-35.7],25.609612,35.725561
NCD_BMI_25C,"Overweight among adults, BMI ≥ 25 kg/m2 (crude estimate) (%)",https://www.who.int/data/gho/data/indicators/indicator-details/GHO/prevalence-of-overweight-among-adults-bmi-greaterequal-25-%28crude-estimate%29-%28-%29,2015,2015,2015,EMR,Eastern Mediterranean,ARE,United Arab Emirates,SEX,SEX_FMLE,Female,67.034984,67.0 [64.2-69.9],64.195013,69.892907
NCD_BMI_30A,"Obesity among adults, BMI ≥ 30 kg/m2 (age-standardized estimate) (%)",https://www.who.int/data/gho/data/indicators/indicator-details/GHO/prevalence-of-obesity-among-adults-bmi--30-%28age-standardized-estimate%29-%28-%29,2010,2010,2010,EMR,Eastern Mediterranean,ARE,United Arab Emirates,SEX,SEX_BTSX,Both sexes,30.668214,30.7 [28.5-32.9],28.481302,32.857451
NCD_BMI_PLUS2C,"Obesity among children and adolescents, BMI-for-age > +2 standard deviations above the median (crude estimate) (%)",https://www.who.int/data/gho/data/indicators/indicator-details/GHO/prevalence-of-obesity-among-children-and-adolescents-bmi-2-standard-deviations-above-the-median-%28crude-estimate%29-%28-%29,2006,2006,2006,EMR,Eastern Mediterranean,ARE,United Arab Emirates,SEX,SEX_MLE,Male,16.352056,16.4 [9.0-25.6],8.998017,25.616044
NCD_BMI_MINUS2C,"Thinness among children and adolescents, BMI-for-age < -2 standard deviations below the median (%)",https://www.who.int/data/gho/data/indicators/indicator-details/GHO/prevalence-of-thinness-among-children-and-adolescents-bmi--2-standard-deviations-below-the-median-%28crude-estimate%29-%28-%29,1992,1992,1992,EMR,Eastern Mediterranean,ARE,United Arab Emirates,SEX,SEX_BTSX,Both sexes,5.5215005,5.5 [3.6-8.0],3.5583332,7.9997569
NCD_BMI_30C,"Obesity among adults, BMI ≥ 30 kg/m2 (crude estimate) (%)",https://www.who.int/data/gho/data/indicators/indicator-details/GHO/prevalence-of-obesity-among-adults-bmi--30-%28crude-estimate%29-%28-%29,1990,1990,1990,EMR,Eastern Mediterranean,ARE,United Arab Emirates,SEX,SEX_MLE,Male,14.517559,14.5 [11.0-18.6],10.975133,18.608671
NCD_BMI_25A,"Overweight among adults, BMI ≥ 25 kg/m2 (age-standardized estimate) (%)",https://www.who.int/data/gho/data/indicators/indicator-details/GHO/prevalence-of-overweight-among-adults-bmi--25-%28age-standardized-estimate%29-%28-%29,1991,1991,1991,EMR,Eastern Mediterranean,ARE,United Arab Emirates,SEX,SEX_BTSX,Both sexes,56.985086,57.0 [52.8-61.1],52.811813,61.067259
NCD_BMI_PLUS1C,"Overweight among children and adolescents, BMI-for-age > +1 standard deviations above the median (crude estimate) (%)",https://www.who.int/data/gho/data/indicators/indicator-details/GHO/prevalence-of-overweight-among-children-and-adolescents-bmi-1-standard-deviations-above-the-median-%28crude-estimate%29-%28-%29,2015,2015,2015,EMR,Eastern Mediterranean,ARE,United Arab Emirates,SEX,SEX_FMLE,Female,37.553027,37.6 [34.1-41.1],34.09853,41.06302
NCD_BMI_PLUS1C,"Overweight among children and adolescents, BMI-for-age > +1 standard deviations above the median (crude estimate) (%)",https://www.who.int/data/gho/data/indicators/indicator-details/GHO/prevalence-of-overweight-among-children-and-adolescents-bmi-1-standard-deviations-above-the-median-%28crude-estimate%29-%28-%29,2018,2018,2018,EMR,Eastern Mediterranean,ARE,United Arab Emirates,SEX,SEX_MLE,Male,45.09944,45.1 [39.3-50.8],39.338705,50.819254
NCD_BMI_25A,"Overweight among adults, BMI ≥ 25 kg/m2 (age-standardized estimate) (%)",https://www.who.int/data/gho/data/indicators/indicator-details/GHO/prevalence-of-overweight-among-adults-bmi--25-%28age-standardized-estimate%29-%28-%29,2004,2004,2004,EMR,Eastern Mediterranean,ARE,United Arab Emirates,SEX,SEX_MLE,Male,67.151582,67.2 [64.1-70.1],64.133757,70.13073
NUTRITION_ANAEMIA_CHILDREN_PREV,Prevalence of anaemia in children aged 6-59 months (%),https://www.who.int/data/gho/data/indicators/indicator-details/GHO/anaemia-in-non-pregnant-women-number-%28in-thousands%29,2007,2007,2007,EMR,Eastern Mediterranean,ARE,United Arab Emirates,SEVERITY,SEVERITY_MILD,Mild,14.2,14.2 [6.9-24.9],6.9,24.9
NCD_BMI_MINUS2C,"Thinness among children and adolescents, BMI-for-age < -2 standard deviations below the median (%)",https://www.who.int/data/gho/data/indicators/indicator-details/GHO/prevalence-of-thinness-among-children-and-adolescents-bmi--2-standard-deviations-below-the-median-%28crude-estimate%29-%28-%29,1997,1997,1997,EMR,Eastern Mediterranean,ARE,United Arab Emirates,SEX,SEX_MLE,Male,5.2056864,5.2 [3.1-8.1],3.0839259,8.1164621
NCD_BMI_25A,"Overweight among adults, BMI ≥ 25 kg/m2 (age-standardized estimate) (%)",https://www.who.int/data/gho/data/indicators/indicator-details/GHO/prevalence-of-overweight-among-adults-bmi--25-%28age-standardized-estimate%29-%28-%29,1992,1992,1992,EMR,Eastern Mediterranean,ARE,United Arab Emirates,SEX,SEX_BTSX,Both sexes,57.913882,57.9 [54.0-61.7],54.016519,61.747926
NCD_BMI_MINUS2C,"Thinness among children and adolescents, BMI-for-age < -2 standard deviations below the median (%)",https://www.who.int/data/gho/data/indicators/indicator-details/GHO/prevalence-of-thinness-among-children-and-adolescents-bmi--2-standard-deviations-below-the-median-%28crude-estimate%29-%28-%29,1998,1998,1998,EMR,Eastern Mediterranean,ARE,United Arab Emirates,SEX,SEX_MLE,Male,3.7964135,3.8 [1.3-8.2],1.3430125,8.1714541
NCD_BMI_30C,"Obesity among adults, BMI ≥ 30 kg/m2 (crude estimate) (%)",https://www.who.int/data/gho/data/indicators/indicator-details/GHO/prevalence-of-obesity-among-adults-bmi--30-%28crude-estimate%29-%28-%29,1991,1991,1991,EMR,Eastern Mediterranean,ARE,United Arab Emirates,SEX,SEX_MLE,Male,15.188189,15.2 [11.7-19.2],11.698111,19.175738
NCD_BMI_PLUS2C,"Obesity among children and adolescents, BMI-for-age > +2 standard deviations above the median (crude estimate) (%)",https://www.who.int/data/gho/data/indicators/indicator-details/GHO/prevalence-of-obesity-among-children-and-adolescents-bmi-2-standard-deviations-above-the-median-%28crude-estimate%29-%28-%29,2016,2016,2016,EMR,Eastern Mediterranean,ARE,United Arab Emirates,SEX,SEX_MLE,Male,22.639146,22.6 [19.0-26.3],19.037351,26.32226
NUTRITION_ANAEMIA_CHILDREN_PREV,Prevalence of anaemia in children aged 6-59 months (%),https://www.who.int/data/gho/data/indicators/indicator-details/GHO/anaemia-in-non-pregnant-women-number-%28in-thousands%29,2018,2018,2018,EMR,Eastern Mediterranean,ARE,United Arab Emirates,SEVERITY,SEVERITY_MODERATE,Moderate,4.9,4.9 [1.3-12.9],1.3,12.9
NCD_BMI_18C,"Underweight among adults, BMI < 18.5 kg/m2 (crude estimate) (%)",https://www.who.int/data/gho/data/indicators/indicator-details/GHO/prevalence-of-underweight-among-adults-bmi-18-%28crude-estimate%29-%28-%29,2012,2012,2012,EMR,Eastern Mediterranean,ARE,United Arab Emirates,SEX,SEX_MLE,Male,2.5139676,2.5 [1.6-3.6],1.632344,3.6099229
NCD_BMI_MINUS2C,"Thinness among children and adolescents, BMI-for-age < -2 standard deviations below the median (%)",https://www.who.int/data/gho/data/indicators/indicator-details/GHO/prevalence-of-thinness-among-children-and-adolescents-bmi--2-standard-deviations-below-the-median-%28crude-estimate%29-%28-%29,1993,1993,1993,EMR,Eastern Mediterranean,ARE,United Arab Emirates,SEX,SEX_FMLE,Female,4.0997948,4.1 [1.3-9.1],1.3317818,9.1098934
NCD_BMI_MINUS2C,"Thinness among children and adolescents, BMI-for-age < -2 standard deviations below the median (%)",https://www.who.int/data/gho/data/indicators/indicator-details/GHO/prevalence-of-thinness-among-children-and-adolescents-bmi--2-standard-deviations-below-the-median-%28crude-estimate%29-%28-%29,2004,2004,2004,EMR,Eastern Mediterranean,ARE,United Arab Emirates,SEX,SEX_BTSX,Both sexes,4.3186974,4.3 [3.3-5.5],3.2562189,5.5361241
NCD_BMI_MINUS2C,"Thinness among children and adolescents, BMI-for-age < -2 standard deviations below the median (%)",https://www.who.int/data/gho/data/indicators/indicator-details/GHO/prevalence-of-thinness-among-children-and-adolescents-bmi--2-standard-deviations-below-the-median-%28crude-estimate%29-%28-%29,2011,2011,2011,EMR,Eastern Mediterranean,ARE,United Arab Emirates,SEX,SEX_BTSX,Both sexes,3.6095481,3.6 [2.7-4.8],2.6955986,4.7671281
NCD_BMI_18A,"Underweight among adults, BMI < 18.5 kg/m2 (age-standardized estimate) (%)",https://www.who.int/data/gho/data/indicators/indicator-details/GHO/prevalence-of-underweight-among-adults-bmi-18-%28age-standardized-estimate%29-%28-%29,2001,2001,2001,EMR,Eastern Mediterranean,ARE,United Arab Emirates,SEX,SEX_FMLE,Female,2.5339087,2.5 [1.8-3.5],1.7663179,3.4856822
NCD_BMI_PLUS2C,"Obesity among children and adolescents, BMI-for-age > +2 standard deviations above the median (crude estimate) (%)",https://www.who.int/data/gho/data/indicators/indicator-details/GHO/prevalence-of-obesity-among-children-and-adolescents-bmi-2-standard-deviations-above-the-median-%28crude-estimate%29-%28-%29,2002,2002,2002,EMR,Eastern Mediterranean,ARE,United Arab Emirates,SEX,SEX_MLE,Male,15.73265,15.7 [11.6-20.3],11.627488,20.332853
NCD_BMI_30C,"Obesity among adults, BMI ≥ 30 kg/m2 (crude estimate) (%)",https://www.who.int/data/gho/data/indicators/indicator-details/GHO/prevalence-of-obesity-among-adults-bmi--30-%28crude-estimate%29-%28-%29,2014,2014,2014,EMR,Eastern Mediterranean,ARE,United Arab Emirates,SEX,SEX_FMLE,Female,36.136714,36.1 [33.1-39.2],33.140725,39.170572
NUTRITION_ANAEMIA_CHILDREN_PREV,Prevalence of anaemia in children aged 6-59 months (%),https://www.who.int/data/gho/data/indicators/indicator-details/GHO/anaemia-in-non-pregnant-women-number-%28in-thousands%29,2007,2007,2007,EMR,Eastern Mediterranean,ARE,United Arab Emirates,SEX,SEX_BTSX,Both sexes,19.3,19.3 [8.7-35.3],8.7,35.3
NCD_BMI_MINUS2C,"Thinness among children and adolescents, BMI-for-age < -2 standard deviations below the median (%)",https://www.who.int/data/gho/data/indicators/indicator-details/GHO/prevalence-of-thinness-among-children-and-adolescents-bmi--2-standard-deviations-below-the-median-%28crude-estimate%29-%28-%29,2010,2010,2010,EMR,Eastern Mediterranean,ARE,United Arab Emirates,SEX,SEX_FMLE,Female,2.8952556,2.9 [1.1-6.0],1.0731408,6.0487553
NCD_BMI_PLUS2C,"Obesity among children and adolescents, BMI-for-age > +2 standard deviations above the median (crude estimate) (%)",https://www.who.int/data/gho/data/indicators/indicator-details/GHO/prevalence-of-obesity-among-children-and-adolescents-bmi-2-standard-deviations-above-the-median-%28crude-estimate%29-%28-%29,2006,2006,2006,EMR,Eastern Mediterranean,ARE,United Arab Emirates,SEX,SEX_BTSX,Both sexes,14.35997,14.4 [9.4-20.1],9.4088316,20.110065
NCD_BMI_MINUS2C,"Thinness among children and adolescents, BMI-for-age < -2 standard deviations below the median (%)",https://www.who.int/data/gho/data/indicators/indicator-details/GHO/prevalence-of-thinness-among-children-and-adolescents-bmi--2-standard-deviations-below-the-median-%28crude-estimate%29-%28-%29,2013,2013,2013,EMR,Eastern Mediterranean,ARE,United Arab Emirates,SEX,SEX_BTSX,Both sexes,3.0241931,3.0 [1.6-5.2],1.5877228,5.1550988
NCD_BMI_PLUS1C,"Overweight among children and adolescents, BMI-for-age > +1 standard deviations above the median (crude estimate) (%)",https://www.who.int/data/gho/data/indicators/indicator-details/GHO/prevalence-of-overweight-among-children-and-adolescents-bmi-1-standard-deviations-above-the-median-%28crude-estimate%29-%28-%29,2015,2015,2015,EMR,Eastern Mediterranean,ARE,United Arab Emirates,SEX,SEX_BTSX,Both sexes,40.646392,40.6 [37.2-44.1],37.215915,44.067138
NCD_BMI_MINUS2C,"Thinness among children and adolescents, BMI-for-age < -2 standard deviations below the median (%)",https://www.who.int/data/gho/data/indicators/indicator-details/GHO/prevalence-of-thinness-among-children-and-adolescents-bmi--2-standard-deviations-below-the-median-%28crude-estimate%29-%28-%29,2004,2004,2004,EMR,Eastern Mediterranean,ARE,United Arab Emirates,SEX,SEX_BTSX,Both sexes,3.9205555,3.9 [2.8-5.3],2.843181,5.2799106
NCD_BMI_PLUS1C,"Overweight among children and adolescents, BMI-for-age > +1 standard deviations above the median (crude estimate) (%)",https://www.who.int/data/gho/data/indicators/indicator-details/GHO/prevalence-of-overweight-among-children-and-adolescents-bmi-1-standard-deviations-above-the-median-%28crude-estimate%29-%28-%29,2014,2014,2014,EMR,Eastern Mediterranean,ARE,United Arab Emirates,SEX,SEX_BTSX,Both sexes,40.173128,40.2 [36.9-43.5],36.851713,43.478677
NCD_BMI_25C,"Overweight among adults, BMI ≥ 25 kg/m2 (crude estimate) (%)",https://www.who.int/data/gho/data/indicators/indicator-details/GHO/prevalence-of-overweight-among-adults-bmi-greaterequal-25-%28crude-estimate%29-%28-%29,2013,2013,2013,EMR,Eastern Mediterranean,ARE,United Arab Emirates,SEX,SEX_BTSX,Both sexes,70.114434,70.1 [68.0-72.3],67.979366,72.264808
NCD_BMI_PLUS1C,"Overweight among children and adolescents, BMI-for-age > +1 standard deviations above the median (crude estimate) (%)",https://www.who.int/data/gho/data/indicators/indicator-details/GHO/prevalence-of-overweight-among-children-and-adolescents-bmi-1-standard-deviations-above-the-median-%28crude-estimate%29-%28-%29,2022,2022,2022,EMR,Eastern Mediterranean,ARE,United Arab Emirates,SEX,SEX_MLE,Male,48.497775,48.5 [41.4-55.5],41.425374,55.517495
NCD_BMI_25A,"Overweight among adults, BMI ≥ 25 kg/m2 (age-standardized estimate) (%)",https://www.who.int/data/gho/data/indicators/indicator-details/GHO/prevalence-of-overweight-among-adults-bmi--25-%28age-standardized-estimate%29-%28-%29,2016,2016,2016,EMR,Eastern Mediterranean,ARE,United Arab Emirates,SEX,SEX_BTSX,Both sexes,70.715255,70.7 [68.4-73.0],68.441051,72.978872
NCD_BMI_PLUS1C,"Overweight among children and adolescents, BMI-for-age > +1 standard deviations above the median (crude estimate) (%)",https://www.who.int/data/gho/data/indicators/indicator-details/GHO/prevalence-of-overweight-among-children-and-adolescents-bmi-1-standard-deviations-above-the-median-%28crude-estimate%29-%28-%29,1994,1994,1994,EMR,Eastern Mediterranean,ARE,United Arab Emirates,SEX,SEX_MLE,Male,27.884737,27.9 [20.6-35.4],20.638734,35.432383
NUTRITION_ANAEMIA_CHILDREN_NUM,Number of children aged 6-59 months with anaemia (thousands),https://www.who.int/data/gho/data/indicators/indicator-details/GHO/anaemia-in-children-under-5-years-number,2014,2014,2014,EMR,Eastern Mediterranean,ARE,United Arab Emirates,SEVERITY,SEVERITY_TOTAL,Total,97.8,97.8 [43.7-176],43.7,176
NCD_BMI_MINUS2C,"Thinness among children and adolescents, BMI-for-age < -2 standard deviations below the median (%)",https://www.who.int/data/gho/data/indicators/indicator-details/GHO/prevalence-of-thinness-among-children-and-adolescents-bmi--2-standard-deviations-below-the-median-%28crude-estimate%29-%28-%29,2012,2012,2012,EMR,Eastern Mediterranean,ARE,United Arab Emirates,SEX,SEX_FMLE,Female,3.0358691,3.0 [2.2-4.1],2.1632478,4.1142114
NCD_BMI_PLUS1C,"Overweight among children and adolescents, BMI-for-age > +1 standard deviations above the median (crude estimate) (%)",https://www.who.int/data/gho/data/indicators/indicator-details/GHO/prevalence-of-overweight-among-children-and-adolescents-bmi-1-standard-deviations-above-the-median-%28crude-estimate%29-%28-%29,2017,2017,2017,EMR,Eastern Mediterranean,ARE,United Arab Emirates,SEX,SEX_MLE,Male,46.470746,46.5 [42.3-50.7],42.28414,50.69288
NCD_BMI_18A,"Underweight among adults, BMI < 18.5 kg/m2 (age-standardized estimate) (%)",https://www.who.int/data/gho/data/indicators/indicator-details/GHO/prevalence-of-underweight-among-adults-bmi-18-%28age-standardized-estimate%29-%28-%29,2002,2002,2002,EMR,Eastern Mediterranean,ARE,United Arab Emirates,SEX,SEX_FMLE,Female,2.4947716,2.5 [1.8-3.4],1.7502315,3.4052003
NCD_BMI_25A,"Overweight among adults, BMI ≥ 25 kg/m2 (age-standardized estimate) (%)",https://www.who.int/data/gho/data/indicators/indicator-details/GHO/prevalence-of-overweight-among-adults-bmi--25-%28age-standardized-estimate%29-%28-%29,2021,2021,2021,EMR,Eastern Mediterranean,ARE,United Arab Emirates,SEX,SEX_BTSX,Both sexes,70.50513,70.5 [67.2-73.7],67.235768,73.665851
NCD_BMI_PLUS1C,"Overweight among children and adolescents, BMI-for-age > +1 standard deviations above the median (crude estimate) (%)",https://www.who.int/data/gho/data/indicators/indicator-details/GHO/prevalence-of-overweight-among-children-and-adolescents-bmi-1-standard-deviations-above-the-median-%28crude-estimate%29-%28-%29,1994,1994,1994,EMR,Eastern Mediterranean,ARE,United Arab Emirates,SEX,SEX_BTSX,Both sexes,28.084198,28.1 [23.3-32.9],23.336616,32.925642
NCD_BMI_30A,"Obesity among adults, BMI ≥ 30 kg/m2 (age-standardized estimate) (%)",https://www.who.int/data/gho/data/indicators/indicator-details/GHO/prevalence-of-obesity-among-adults-bmi--30-%28age-standardized-estimate%29-%28-%29,2018,2018,2018,EMR,Eastern Mediterranean,ARE,United Arab Emirates,SEX,SEX_FMLE,Female,39.14564,39.1 [35.5-42.8],35.48449,42.769158
NUTRITION_ANAEMIA_REPRODUCTIVEAGE_NUM,Number of women of reproductive age (aged 15-49 years) with anaemia (thousands),https://www.who.int/data/gho/data/indicators/indicator-details/GHO/anaemia-in-women-of-reproductive-age-number-%28in-thousands%29,2011,2011,2011,EMR,Eastern Mediterranean,ARE,United Arab Emirates,SEX,SEX_FMLE,Female,433.8,433.8 [211.4-782.8],211.4,782.8
NCD_BMI_MINUS2C,"Thinness among children and adolescents, BMI-for-age < -2 standard deviations below the median (%)",https://www.who.int/data/gho/data/indicators/indicator-details/GHO/prevalence-of-thinness-among-children-and-adolescents-bmi--2-standard-deviations-below-the-median-%28crude-estimate%29-%28-%29,2000,2000,2000,EMR,Eastern Mediterranean,ARE,United Arab Emirates,SEX,SEX_MLE,Male,5.021584,5.0 [3.2-7.5],3.1528801,7.4834973
NUTRITION_ANAEMIA_REPRODUCTIVEAGE_NUM,Number of women of reproductive age (aged 15-49 years) with anaemia (thousands),https://www.who.int/data/gho/data/indicators/indicator-details/GHO/anaemia-in-women-of-reproductive-age-number-%28in-thousands%29,2013,2013,2013,EMR,Eastern Mediterranean,ARE,United Arab Emirates,SEX,SEX_FMLE,Female,503.1,503.1 [253.9-887.9],253.9,887.9
NCD_BMI_18A,"Underweight among adults, BMI < 18.5 kg/m2 (age-standardized estimate) (%)",https://www.who.int/data/gho/data/indicators/indicator-details/GHO/prevalence-of-underweight-among-adults-bmi-18-%28age-standardized-estimate%29-%28-%29,2010,2010,2010,EMR,Eastern Mediterranean,ARE,United Arab Emirates,SEX,SEX_MLE,Male,2.9637296,3.0 [2.0-4.2],1.9919587,4.1515756
NCD_BMI_PLUS1C,"Overweight among children and adolescents, BMI-for-age > +1 standard deviations above the median (crude estimate) (%)",https://www.who.int/data/gho/data/indicators/indicator-details/GHO/prevalence-of-overweight-among-children-and-adolescents-bmi-1-standard-deviations-above-the-median-%28crude-estimate%29-%28-%29,2011,2011,2011,EMR,Eastern Mediterranean,ARE,United Arab Emirates,SEX,SEX_FMLE,Female,35.753781,35.8 [32.8-38.8],32.761046,38.796449
NUTRITION_ANAEMIA_CHILDREN_PREV,Prevalence of anaemia in children aged 6-59 months (%),https://www.who.int/data/gho/data/indicators/indicator-details/GHO/anaemia-in-non-pregnant-women-number-%28in-thousands%29,2014,2014,2014,EMR,Eastern Mediterranean,ARE,United Arab Emirates,SEVERITY,SEVERITY_MODERATE,Moderate,4.7,4.7 [1.5-11.7],1.5,11.7
NUTRITION_ANAEMIA_CHILDREN_NUM,Number of children aged 6-59 months with anaemia (thousands),https://www.who.int/data/gho/data/indicators/indicator-details/GHO/anaemia-in-children-under-5-years-number,2000,2000,2000,EMR,Eastern Mediterranean,ARE,United Arab Emirates,SEX,SEX_BTSX,Both sexes,52.094,52 [23-101],23,101
NCD_BMI_PLUS2C,"Obesity among children and adolescents, BMI-for-age > +2 standard deviations above the median (crude estimate) (%)",https://www.who.int/data/gho/data/indicators/indicator-details/GHO/prevalence-of-obesity-among-children-and-adolescents-bmi-2-standard-deviations-above-the-median-%28crude-estimate%29-%28-%29,1991,1991,1991,EMR,Eastern Mediterranean,ARE,United Arab Emirates,SEX,SEX_BTSX,Both sexes,9.0244003,9.0 [5.3-13.5],5.3391512,13.521917
NUTRITION_ANAEMIA_REPRODUCTIVEAGE_NUM,Number of women of reproductive age (aged 15-49 years) with anaemia (thousands),https://www.who.int/data/gho/data/indicators/indicator-details/GHO/anaemia-in-women-of-reproductive-age-number-%28in-thousands%29,2003,2003,2003,EMR,Eastern Mediterranean,ARE,United Arab Emirates,SEX,SEX_FMLE,Female,11.9,11.9 [6.5-16.5],6.5,16.5
NCD_BMI_MINUS2C,"Thinness among children and adolescents, BMI-for-age < -2 standard deviations below the median (%)",https://www.who.int/data/gho/data/indicators/indicator-details/GHO/prevalence-of-thinness-among-children-and-adolescents-bmi--2-standard-deviations-below-the-median-%28crude-estimate%29-%28-%29,2003,2003,2003,EMR,Eastern Mediterranean,ARE,United Arab Emirates,SEX,SEX_BTSX,Both sexes,4.400301,4.4 [3.3-5.7],3.272704,5.7047423
NCD_BMI_18A,"Underweight among adults, BMI < 18.5 kg/m2 (age-standardized estimate) (%)",https://www.who.int/data/gho/data/indicators/indicator-details/GHO/prevalence-of-underweight-among-adults-bmi-18-%28age-standardized-estimate%29-%28-%29,1990,1990,1990,EMR,Eastern Mediterranean,ARE,United Arab Emirates,SEX,SEX_MLE,Male,5.133421,5.1 [2.9-8.1],2.8790919,8.1200831
NCD_BMI_PLUS1C,"Overweight among children and adolescents, BMI-for-age > +1 standard deviations above the median (crude estimate) (%)",https://www.who.int/data/gho/data/indicators/indicator-details/GHO/prevalence-of-overweight-among-children-and-adolescents-bmi-1-standard-deviations-above-the-median-%28crude-estimate%29-%28-%29,2021,2021,2021,EMR,Eastern Mediterranean,ARE,United Arab Emirates,SEX,SEX_BTSX,Both sexes,44.23838,44.2 [39.9-48.7],39.917308,48.657691
NCD_BMI_PLUS2C,"Obesity among children and adolescents, BMI-for-age > +2 standard deviations above the median (crude estimate) (%)",https://www.who.int/data/gho/data/indicators/indicator-details/GHO/prevalence-of-obesity-among-children-and-adolescents-bmi-2-standard-deviations-above-the-median-%28crude-estimate%29-%28-%29,2013,2013,2013,EMR,Eastern Mediterranean,ARE,United Arab Emirates,SEX,SEX_MLE,Male,21.592002,21.6 [18.7-24.6],18.658215,24.626046
NUTRITION_ANAEMIA_CHILDREN_NUM,Number of children aged 6-59 months with anaemia (thousands),https://www.who.int/data/gho/data/indicators/indicator-details/GHO/anaemia-in-children-under-5-years-number,2016,2016,2016,EMR,Eastern Mediterranean,ARE,United Arab Emirates,SEVERITY,SEVERITY_TOTAL,Total,98.4,98.4 [41.7-180],41.7,180
NCD_BMI_30A,"Obesity among adults, BMI ≥ 30 kg/m2 (age-standardized estimate) (%)",https://www.who.int/data/gho/data/indicators/indicator-details/GHO/prevalence-of-obesity-among-adults-bmi--30-%28age-standardized-estimate%29-%28-%29,1998,1998,1998,EMR,Eastern Mediterranean,ARE,United Arab Emirates,SEX,SEX_MLE,Male,20.038083,20.0 [17.2-23.1],17.160772,23.080827
NCD_BMI_MINUS2C,"Thinness among children and adolescents, BMI-for-age < -2 standard deviations below the median (%)",https://www.who.int/data/gho/data/indicators/indicator-details/GHO/prevalence-of-thinness-among-children-and-adolescents-bmi--2-standard-deviations-below-the-median-%28crude-estimate%29-%28-%29,1993,1993,1993,EMR,Eastern Mediterranean,ARE,United Arab Emirates,SEX,SEX_FMLE,Female,4.2571642,4.3 [2.0-7.7],1.9915514,7.6807313
NCD_BMI_18C,"Underweight among adults, BMI < 18.5 kg/m2 (crude estimate) (%)",https://www.who.int/data/gho/data/indicators/indicator-details/GHO/prevalence-of-underweight-among-adults-bmi-18-%28crude-estimate%29-%28-%29,1994,1994,1994,EMR,Eastern Mediterranean,ARE,United Arab Emirates,SEX,SEX_FMLE,Female,3.4904137,3.5 [2.1-5.3],2.1412605,5.3030975
NCD_BMI_18C,"Underweight among adults, BMI < 18.5 kg/m2 (crude estimate) (%)",https://www.who.int/data/gho/data/indicators/indicator-details/GHO/prevalence-of-underweight-among-adults-bmi-18-%28crude-estimate%29-%28-%29,2007,2007,2007,EMR,Eastern Mediterranean,ARE,United Arab Emirates,SEX,SEX_MLE,Male,2.7328726,2.7 [1.8-3.9],1.7988157,3.8622964
NCD_BMI_MINUS2C,"Thinness among children and adolescents, BMI-for-age < -2 standard deviations below the median (%)",https://www.who.int/data/gho/data/indicators/indicator-details/GHO/prevalence-of-thinness-among-children-and-adolescents-bmi--2-standard-deviations-below-the-median-%28crude-estimate%29-%28-%29,2019,2019,2019,EMR,Eastern Mediterranean,ARE,United Arab Emirates,SEX,SEX_BTSX,Both sexes,3.9743859,4.0 [2.8-5.4],2.8161766,5.3780574
NCD_BMI_25C,"Overweight among adults, BMI ≥ 25 kg/m2 (crude estimate) (%)",https://www.who.int/data/gho/data/indicators/indicator-details/GHO/prevalence-of-overweight-among-adults-bmi-greaterequal-25-%28crude-estimate%29-%28-%29,2020,2020,2020,EMR,Eastern Mediterranean,ARE,United Arab Emirates,SEX,SEX_BTSX,Both sexes,70.115972,70.1 [67.0-73.1],67.013323,73.102868
NCD_BMI_MINUS2C,"Thinness among children and adolescents, BMI-for-age < -2 standard deviations below the median (%)",https://www.who.int/data/gho/data/indicators/indicator-details/GHO/prevalence-of-thinness-among-children-and-adolescents-bmi--2-standard-deviations-below-the-median-%28crude-estimate%29-%28-%29,2017,2017,2017,EMR,Eastern Mediterranean,ARE,United Arab Emirates,SEX,SEX_MLE,Male,4.1981891,4.2 [2.6-6.3],2.6361568,6.2577784
NCD_BMI_PLUS1C,"Overweight among children and adolescents, BMI-for-age > +1 standard deviations above the median (crude estimate) (%)",https://www.who.int/data/gho/data/indicators/indicator-details/GHO/prevalence-of-overweight-among-children-and-adolescents-bmi-1-standard-deviations-above-the-median-%28crude-estimate%29-%28-%29,2019,2019,2019,EMR,Eastern Mediterranean,ARE,United Arab Emirates,SEX,SEX_MLE,Male,47.342971,47.3 [42.2-52.5],42.162299,52.505291
NCD_BMI_18A,"Underweight among adults, BMI < 18.5 kg/m2 (age-standardized estimate) (%)",https://www.who.int/data/gho/data/indicators/indicator-details/GHO/prevalence-of-underweight-among-adults-bmi-18-%28age-standardized-estimate%29-%28-%29,2010,2010,2010,EMR,Eastern Mediterranean,ARE,United Arab Emirates,SEX,SEX_FMLE,Female,2.4185594,2.4 [1.7-3.3],1.7074702,3.2559779
NCD_BMI_30C,"Obesity among adults, BMI ≥ 30 kg/m2 (crude estimate) (%)",https://www.who.int/data/gho/data/indicators/indicator-details/GHO/prevalence-of-obesity-among-adults-bmi--30-%28crude-estimate%29-%28-%29,2009,2009,2009,EMR,Eastern Mediterranean,ARE,United Arab Emirates,SEX,SEX_BTSX,Both sexes,29.669273,29.7 [27.5-32.0],27.450886,31.972331
NUTRITION_ANAEMIA_REPRODUCTIVEAGE_PREV,Prevalence of anaemia in women of reproductive age (aged 15-49) (%),https://www.who.int/data/gho/data/indicators/indicator-details/GHO/prevalence-of-anaemia-in-women-of-reproductive-age-%28-%29,2023,2023,2023,EMR,Eastern Mediterranean,ARE,United Arab Emirates,SEX,SEX_FMLE,Female,28.6,28.6 [13.5-42.7],13.5,42.7
NCD_BMI_MINUS2C,"Thinness among children and adolescents, BMI-for-age < -2 standard deviations below the median (%)",https://www.who.int/data/gho/data/indicators/indicator-details/GHO/prevalence-of-thinness-among-children-and-adolescents-bmi--2-standard-deviations-below-the-median-%28crude-estimate%29-%28-%29,1990,1990,1990,EMR,Eastern Mediterranean,ARE,United Arab Emirates,SEX,SEX_MLE,Male,6.5113746,6.5 [3.4-10.8],3.3614788,10.843449
NUTRITION_ANAEMIA_CHILDREN_NUM,Number of children aged 6-59 months with anaemia (thousands),https://www.who.int/data/gho/data/indicators/indicator-details/GHO/anaemia-in-children-under-5-years-number,2006,2006,2006,EMR,Eastern Mediterranean,ARE,United Arab Emirates,SEVERITY,SEVERITY_TOTAL,Total,60.3,60.3 [27.6-113],27.6,113
NUTRITION_ANAEMIA_CHILDREN_PREV,Prevalence of anaemia in children aged 6-59 months (%),https://www.who.int/data/gho/data/indicators/indicator-details/GHO/anaemia-in-non-pregnant-women-number-%28in-thousands%29,2003,2003,2003,EMR,Eastern Mediterranean,ARE,United Arab Emirates,SEVERITY,SEVERITY_MILD,Mild,13.8,13.8 [6.7-24.7],6.7,24.7
NCD_BMI_18A,"Underweight among adults, BMI < 18.5 kg/m2 (age-standardized estimate) (%)",https://www.who.int/data/gho/data/indicators/indicator-details/GHO/prevalence-of-underweight-among-adults-bmi-18-%28age-standardized-estimate%29-%28-%29,2013,2013,2013,EMR,Eastern Mediterranean,ARE,United Arab Emirates,SEX,SEX_FMLE,Female,2.4767429,2.5 [1.7-3.4],1.7284203,3.3633426
NCD_BMI_30C,"Obesity among adults, BMI ≥ 30 kg/m2 (crude estimate) (%)",https://www.who.int/data/gho/data/indicators/indicator-details/GHO/prevalence-of-obesity-among-adults-bmi--30-%28crude-estimate%29-%28-%29,2013,2013,2013,EMR,Eastern Mediterranean,ARE,United Arab Emirates,SEX,SEX_FMLE,Female,36.168876,36.2 [33.3-39.1],33.265632,39.144358
NUTRITION_ANAEMIA_CHILDREN_NUM,Number of children aged 6-59 months with anaemia (thousands),https://www.who.int/data/gho/data/indicators/indicator-details/GHO/anaemia-in-children-under-5-years-number,2002,2002,2002,EMR,Eastern Mediterranean,ARE,United Arab Emirates,SEVERITY,SEVERITY_TOTAL,Total,48.1,48.1 [21.3-90.8],21.3,90.8
NCD_BMI_18C,"Underweight among adults, BMI < 18.5 kg/m2 (crude estimate) (%)",https://www.who.int/data/gho/data/indicators/indicator-details/GHO/prevalence-of-underweight-among-adults-bmi-18-%28crude-estimate%29-%28-%29,2022,2022,2022,EMR,Eastern Mediterranean,ARE,United Arab Emirates,SEX,SEX_MLE,Male,2.5663396,2.6 [1.3-4.4],1.3053919,4.350796
NCD_BMI_18C,"Underweight among adults, BMI < 18.5 kg/m2 (crude estimate) (%)",https://www.who.int/data/gho/data/indicators/indicator-details/GHO/prevalence-of-underweight-among-adults-bmi-18-%28crude-estimate%29-%28-%29,1995,1995,1995,EMR,Eastern Mediterranean,ARE,United Arab Emirates,SEX,SEX_FMLE,Female,3.380812,3.4 [2.1-5.1],2.1259092,5.0525181
NCD_BMI_25C,"Overweight among adults, BMI ≥ 25 kg/m2 (crude estimate) (%)",https://www.who.int/data/gho/data/indicators/indicator-details/GHO/prevalence-of-overweight-among-adults-bmi-greaterequal-25-%28crude-estimate%29-%28-%29,1999,1999,1999,EMR,Eastern Mediterranean,ARE,United Arab Emirates,SEX,SEX_BTSX,Both sexes,62.226945,62.2 [59.5-65.0],59.525311,64.965814
NCD_BMI_30C,"Obesity among adults, BMI ≥ 30 kg/m2 (crude estimate) (%)",https://www.who.int/data/gho/data/indicators/indicator-details/GHO/prevalence-of-obesity-among-adults-bmi--30-%28crude-estimate%29-%28-%29,2016,2016,2016,EMR,Eastern Mediterranean,ARE,United Arab Emirates,SEX,SEX_MLE,Male,28.501344,28.5 [25.2-31.9],25.21995,31.933317
NCD_BMI_25A,"Overweight among adults, BMI ≥ 25 kg/m2 (age-standardized estimate) (%)",https://www.who.int/data/gho/data/indicators/indicator-details/GHO/prevalence-of-overweight-among-adults-bmi--25-%28age-standardized-estimate%29-%28-%29,1994,1994,1994,EMR,Eastern Mediterranean,ARE,United Arab Emirates,SEX,SEX_FMLE,Female,62.850153,62.9 [58.7-66.9],58.67573,66.927427
NCD_BMI_30C,"Obesity among adults, BMI ≥ 30 kg/m2 (crude estimate) (%)",https://www.who.int/data/gho/data/indicators/indicator-details/GHO/prevalence-of-obesity-among-adults-bmi--30-%28crude-estimate%29-%28-%29,1996,1996,1996,EMR,Eastern Mediterranean,ARE,United Arab Emirates,SEX,SEX_FMLE,Female,30.752403,30.8 [27.3-34.4],27.300069,34.380394
NUTRITION_ANAEMIA_CHILDREN_NUM,Number of children aged 6-59 months with anaemia (thousands),https://www.who.int/data/gho/data/indicators/indicator-details/GHO/anaemia-in-children-under-5-years-number,2011,2011,2011,EMR,Eastern Mediterranean,ARE,United Arab Emirates,SEVERITY,SEVERITY_SEVERE,Severe,0.34,0.34 [0.03-1.47],0.03,1.47
NCD_BMI_PLUS1C,"Overweight among children and adolescents, BMI-for-age > +1 standard deviations above the median (crude estimate) (%)",https://www.who.int/data/gho/data/indicators/indicator-details/GHO/prevalence-of-overweight-among-children-and-adolescents-bmi-1-standard-deviations-above-the-median-%28crude-estimate%29-%28-%29,2010,2010,2010,EMR,Eastern Mediterranean,ARE,United Arab Emirates,SEX,SEX_BTSX,Both sexes,36.534637,36.5 [30.4-42.7],30.443841,42.745534
NCD_BMI_PLUS2C,"Obesity among children and adolescents, BMI-for-age > +2 standard deviations above the median (crude estimate) (%)",https://www.who.int/data/gho/data/indicators/indicator-details/GHO/prevalence-of-obesity-among-children-and-adolescents-bmi-2-standard-deviations-above-the-median-%28crude-estimate%29-%28-%29,2016,2016,2016,EMR,Eastern Mediterranean,ARE,United Arab Emirates,SEX,SEX_MLE,Male,21.673924,21.7 [17.0-26.8],16.976854,26.834077
NCD_BMI_PLUS2C,"Obesity among children and adolescents, BMI-for-age > +2 standard deviations above the median (crude estimate) (%)",https://www.who.int/data/gho/data/indicators/indicator-details/GHO/prevalence-of-obesity-among-children-and-adolescents-bmi-2-standard-deviations-above-the-median-%28crude-estimate%29-%28-%29,2004,2004,2004,EMR,Eastern Mediterranean,ARE,United Arab Emirates,SEX,SEX_BTSX,Both sexes,15.378082,15.4 [13.0-17.9],12.96169,17.944434
NCD_BMI_PLUS2C,"Obesity among children and adolescents, BMI-for-age > +2 standard deviations above the median (crude estimate) (%)",https://www.who.int/data/gho/data/indicators/indicator-details/GHO/prevalence-of-obesity-among-children-and-adolescents-bmi-2-standard-deviations-above-the-median-%28crude-estimate%29-%28-%29,2009,2009,2009,EMR,Eastern Mediterranean,ARE,United Arab Emirates,SEX,SEX_BTSX,Both sexes,17.170267,17.2 [15.2-19.2],15.209676,19.196405
NCD_BMI_PLUS2C,"Obesity among children and adolescents, BMI-for-age > +2 standard deviations above the median (crude estimate) (%)",https://www.who.int/data/gho/data/indicators/indicator-details/GHO/prevalence-of-obesity-among-children-and-adolescents-bmi-2-standard-deviations-above-the-median-%28crude-estimate%29-%28-%29,2004,2004,2004,EMR,Eastern Mediterranean,ARE,United Arab Emirates,SEX,SEX_MLE,Male,15.358801,15.4 [8.2-24.5],8.2073018,24.519075
NCD_BMI_30C,"Obesity among adults, BMI ≥ 30 kg/m2 (crude estimate) (%)",https://www.who.int/data/gho/data/indicators/indicator-details/GHO/prevalence-of-obesity-among-adults-bmi--30-%28crude-estimate%29-%28-%29,1994,1994,1994,EMR,Eastern Mediterranean,ARE,United Arab Emirates,SEX,SEX_MLE,Male,17.477028,17.5 [14.2-21.1],14.206673,21.052638
NCD_BMI_MINUS2C,"Thinness among children and adolescents, BMI-for-age < -2 standard deviations below the median (%)",https://www.who.int/data/gho/data/indicators/indicator-details/GHO/prevalence-of-thinness-among-children-and-adolescents-bmi--2-standard-deviations-below-the-median-%28crude-estimate%29-%28-%29,2021,2021,2021,EMR,Eastern Mediterranean,ARE,United Arab Emirates,SEX,SEX_BTSX,Both sexes,4.0555242,4.1 [2.6-5.8],2.6427157,5.80834
NUTRITION_ANAEMIA_REPRODUCTIVEAGE_PREV,Prevalence of anaemia in women of reproductive age (aged 15-49) (%),https://www.who.int/data/gho/data/indicators/indicator-details/GHO/prevalence-of-anaemia-in-women-of-reproductive-age-%28-%29,2012,2012,2012,EMR,Eastern Mediterranean,ARE,United Arab Emirates,SEX,SEX_FMLE,Female,28.3,28.3 [13.8-50.6],13.8,50.6
NCD_BMI_30A,"Obesity among adults, BMI ≥ 30 kg/m2 (age-standardized estimate) (%)",https://www.who.int/data/gho/data/indicators/indicator-details/GHO/prevalence-of-obesity-among-adults-bmi--30-%28age-standardized-estimate%29-%28-%29,1999,1999,1999,EMR,Eastern Mediterranean,ARE,United Arab Emirates,SEX,SEX_BTSX,Both sexes,24.813531,24.8 [22.6-27.2],22.558254,27.182597
NCD_BMI_PLUS2C,"Obesity among children and adolescents, BMI-for-age > +2 standard deviations above the median (crude estimate) (%)",https://www.who.int/data/gho/data/indicators/indicator-details/GHO/prevalence-of-obesity-among-children-and-adolescents-bmi-2-standard-deviations-above-the-median-%28crude-estimate%29-%28-%29,1996,1996,1996,EMR,Eastern Mediterranean,ARE,United Arab Emirates,SEX,SEX_MLE,Male,11.000574,11.0 [4.6-19.7],4.5589007,19.74785
NUTRITION_ANAEMIA_CHILDREN_PREV,Prevalence of anaemia in children aged 6-59 months (%),https://www.who.int/data/gho/data/indicators/indicator-details/GHO/anaemia-in-non-pregnant-women-number-%28in-thousands%29,2018,2018,2018,EMR,Eastern Mediterranean,ARE,United Arab Emirates,SEX,SEX_BTSX,Both sexes,20,20.0 [7.8-37.1],7.8,37.1
NCD_BMI_PLUS2C,"Obesity among children and adolescents, BMI-for-age > +2 standard deviations above the median (crude estimate) (%)",https://www.who.int/data/gho/data/indicators/indicator-details/GHO/prevalence-of-obesity-among-children-and-adolescents-bmi-2-standard-deviations-above-the-median-%28crude-estimate%29-%28-%29,1993,1993,1993,EMR,Eastern Mediterranean,ARE,United Arab Emirates,SEX,SEX_BTSX,Both sexes,9.8802492,9.9 [6.4-14.1],6.3751243,14.067267
NCD_BMI_18C,"Underweight among adults, BMI < 18.5 kg/m2 (crude estimate) (%)",https://www.who.int/data/gho/data/indicators/indicator-details/GHO/prevalence-of-underweight-among-adults-bmi-18-%28crude-estimate%29-%28-%29,2007,2007,2007,EMR,Eastern Mediterranean,ARE,United Arab Emirates,SEX,SEX_FMLE,Female,2.4740517,2.5 [1.8-3.3],1.7635515,3.3478495
NCD_BMI_18A,"Underweight among adults, BMI < 18.5 kg/m2 (age-standardized estimate) (%)",https://www.who.int/data/gho/data/indicators/indicator-details/GHO/prevalence-of-underweight-among-adults-bmi-18-%28age-standardized-estimate%29-%28-%29,1995,1995,1995,EMR,Eastern Mediterranean,ARE,United Arab Emirates,SEX,SEX_FMLE,Female,2.8612306,2.9 [1.8-4.2],1.8096957,4.2424887
NUTRITION_ANAEMIA_CHILDREN_PREV,Prevalence of anaemia in children aged 6-59 months (%),https://www.who.int/data/gho/data/indicators/indicator-details/GHO/anaemia-in-non-pregnant-women-number-%28in-thousands%29,2003,2003,2003,EMR,Eastern Mediterranean,ARE,United Arab Emirates,SEVERITY,SEVERITY_TOTAL,Total,19.1,19.1 [8.6-36.1],8.6,36.1
NCD_BMI_PLUS1C,"Overweight among children and adolescents, BMI-for-age > +1 standard deviations above the median (crude estimate) (%)",https://www.who.int/data/gho/data/indicators/indicator-details/GHO/prevalence-of-overweight-among-children-and-adolescents-bmi-1-standard-deviations-above-the-median-%28crude-estimate%29-%28-%29,1992,1992,1992,EMR,Eastern Mediterranean,ARE,United Arab Emirates,SEX,SEX_BTSX,Both sexes,25.976154,26.0 [20.6-31.5],20.617479,31.518489
NCD_BMI_30C,"Obesity among adults, BMI ≥ 30 kg/m2 (crude estimate) (%)",https://www.who.int/data/gho/data/indicators/indicator-details/GHO/prevalence-of-obesity-among-adults-bmi--30-%28crude-estimate%29-%28-%29,2010,2010,2010,EMR,Eastern Mediterranean,ARE,United Arab Emirates,SEX,SEX_FMLE,Female,36.320519,36.3 [33.5-39.2],33.525795,39.176601
NUTRITION_ANAEMIA_CHILDREN_NUM,Number of children aged 6-59 months with anaemia (thousands),https://www.who.int/data/gho/data/indicators/indicator-details/GHO/anaemia-in-children-under-5-years-number,2016,2016,2016,EMR,Eastern Mediterranean,ARE,United Arab Emirates,SEVERITY,SEVERITY_SEVERE,Severe,0.36,0.36 [0.03-1.52],0.03,1.52
NCD_BMI_PLUS2C,"Obesity among children and adolescents, BMI-for-age > +2 standard deviations above the median (crude estimate) (%)",https://www.who.int/data/gho/data/indicators/indicator-details/GHO/prevalence-of-obesity-among-children-and-adolescents-bmi-2-standard-deviations-above-the-median-%28crude-estimate%29-%28-%29,1992,1992,1992,EMR,Eastern Mediterranean,ARE,United Arab Emirates,SEX,SEX_BTSX,Both sexes,9.4506718,9.5 [5.8-13.8],5.8476515,13.797575
NCD_BMI_MINUS2C,"Thinness among children and adolescents, BMI-for-age < -2 standard deviations below the median (%)",https://www.who.int/data/gho/data/indicators/indicator-details/GHO/prevalence-of-thinness-among-children-and-adolescents-bmi--2-standard-deviations-below-the-median-%28crude-estimate%29-%28-%29,2007,2007,2007,EMR,Eastern Mediterranean,ARE,United Arab Emirates,SEX,SEX_BTSX,Both sexes,4.1118205,4.1 [3.2-5.1],3.2087833,5.1043484
NCD_BMI_PLUS2C,"Obesity among children and adolescents, BMI-for-age > +2 standard deviations above the median (crude estimate) (%)",https://www.who.int/data/gho/data/indicators/indicator-details/GHO/prevalence-of-obesity-among-children-and-adolescents-bmi-2-standard-deviations-above-the-median-%28crude-estimate%29-%28-%29,2014,2014,2014,EMR,Eastern Mediterranean,ARE,United Arab Emirates,SEX,SEX_FMLE,Female,14.355749,14.4 [7.8-22.5],7.7531546,22.538756
NUTRITION_ANAEMIA_REPRODUCTIVEAGE_PREV,Prevalence of anaemia in women of reproductive age (aged 15-49) (%),https://www.who.int/data/gho/data/indicators/indicator-details/GHO/prevalence-of-anaemia-in-women-of-reproductive-age-%28-%29,2010,2010,2010,EMR,Eastern Mediterranean,ARE,United Arab Emirates,SEX,SEX_FMLE,Female,28.6,28.6 [15.4-40.0],15.4,40
NCD_BMI_PLUS2C,"Obesity among children and adolescents, BMI-for-age > +2 standard deviations above the median (crude estimate) (%)",https://www.who.int/data/gho/data/indicators/indicator-details/GHO/prevalence-of-obesity-among-children-and-adolescents-bmi-2-standard-deviations-above-the-median-%28crude-estimate%29-%28-%29,1990,1990,1990,EMR,Eastern Mediterranean,ARE,United Arab Emirates,SEX,SEX_BTSX,Both sexes,8.2472496,8.2 [4.5-13.0],4.525388,12.971839
NCD_BMI_PLUS1C,"Overweight among children and adolescents, BMI-for-age > +1 standard deviations above the median (crude estimate) (%)",https://www.who.int/data/gho/data/indicators/indicator-details/GHO/prevalence-of-overweight-among-children-and-adolescents-bmi-1-standard-deviations-above-the-median-%28crude-estimate%29-%28-%29,2010,2010,2010,EMR,Eastern Mediterranean,ARE,United Arab Emirates,SEX,SEX_MLE,Male,38.091296,38.1 [29.5-47.0],29.534546,47.005463
NCD_BMI_MINUS2C,"Thinness among children and adolescents, BMI-for-age < -2 standard deviations below the median (%)",https://www.who.int/data/gho/data/indicators/indicator-details/GHO/prevalence-of-thinness-among-children-and-adolescents-bmi--2-standard-deviations-below-the-median-%28crude-estimate%29-%28-%29,2006,2006,2006,EMR,Eastern Mediterranean,ARE,United Arab Emirates,SEX,SEX_MLE,Male,3.266396,3.3 [1.2-6.9],1.245185,6.8523929
NCD_BMI_30A,"Obesity among adults, BMI ≥ 30 kg/m2 (age-standardized estimate) (%)",https://www.who.int/data/gho/data/indicators/indicator-details/GHO/prevalence-of-obesity-among-adults-bmi--30-%28age-standardized-estimate%29-%28-%29,2021,2021,2021,EMR,Eastern Mediterranean,ARE,United Arab Emirates,SEX,SEX_MLE,Male,27.999952,28.0 [23.3-32.9],23.309636,32.858717
NCD_BMI_PLUS2C,"Obesity among children and adolescents, BMI-for-age > +2 standard deviations above the median (crude estimate) (%)",https://www.who.int/data/gho/data/indicators/indicator-details/GHO/prevalence-of-obesity-among-children-and-adolescents-bmi-2-standard-deviations-above-the-median-%28crude-estimate%29-%28-%29,2022,2022,2022,EMR,Eastern Mediterranean,ARE,United Arab Emirates,SEX,SEX_MLE,Male,24.862413,24.9 [17.9-31.8],17.936766,31.76302
NUTRITION_ANAEMIA_REPRODUCTIVEAGE_PREV,Prevalence of anaemia in women of reproductive age (aged 15-49) (%),https://www.who.int/data/gho/data/indicators/indicator-details/GHO/prevalence-of-anaemia-in-women-of-reproductive-age-%28-%29,2006,2006,2006,EMR,Eastern Mediterranean,ARE,United Arab Emirates,SEX,SEX_FMLE,Female,28.5,28.5 [14.2-50.1],14.2,50.1
NCD_BMI_25A,"Overweight among adults, BMI ≥ 25 kg/m2 (age-standardized estimate) (%)",https://www.who.int/data/gho/data/indicators/indicator-details/GHO/prevalence-of-overweight-among-adults-bmi--25-%28age-standardized-estimate%29-%28-%29,1996,1996,1996,EMR,Eastern Mediterranean,ARE,United Arab Emirates,SEX,SEX_FMLE,Female,63.946879,63.9 [60.3-67.5],60.281497,67.537308
NUTRITION_ANAEMIA_CHILDREN_NUM,Number of children aged 6-59 months with anaemia (thousands),https://www.who.int/data/gho/data/indicators/indicator-details/GHO/anaemia-in-children-under-5-years-number,2012,2012,2012,EMR,Eastern Mediterranean,ARE,United Arab Emirates,SEVERITY,SEVERITY_MODERATE,Moderate,23.8,23.8 [7.39-62.7],7.39,62.7
NCD_BMI_PLUS2C,"Obesity among children and adolescents, BMI-for-age > +2 standard deviations above the median (crude estimate) (%)",https://www.who.int/data/gho/data/indicators/indicator-details/GHO/prevalence-of-obesity-among-children-and-adolescents-bmi-2-standard-deviations-above-the-median-%28crude-estimate%29-%28-%29,1992,1992,1992,EMR,Eastern Mediterranean,ARE,United Arab Emirates,SEX,SEX_FMLE,Female,7.7699505,7.8 [2.8-15.7],2.8013259,15.749463
NUTRITION_ANAEMIA_REPRODUCTIVEAGE_NUM,Number of women of reproductive age (aged 15-49 years) with anaemia (thousands),https://www.who.int/data/gho/data/indicators/indicator-details/GHO/anaemia-in-women-of-reproductive-age-number-%28in-thousands%29,2004,2004,2004,EMR,Eastern Mediterranean,ARE,United Arab Emirates,SEX,SEX_FMLE,Female,245.9,245.9 [120.3-433.5],120.3,433.5
NCD_BMI_30C,"Obesity among adults, BMI ≥ 30 kg/m2 (crude estimate) (%)",https://www.who.int/data/gho/data/indicators/indicator-details/GHO/prevalence-of-obesity-among-adults-bmi--30-%28crude-estimate%29-%28-%29,2000,2000,2000,EMR,Eastern Mediterranean,ARE,United Arab Emirates,SEX,SEX_MLE,Male,21.518487,21.5 [18.6-24.6],18.579406,24.638182
NCD_BMI_PLUS2C,"Obesity among children and adolescents, BMI-for-age > +2 standard deviations above the median (crude estimate) (%)",https://www.who.int/data/gho/data/indicators/indicator-details/GHO/prevalence-of-obesity-among-children-and-adolescents-bmi-2-standard-deviations-above-the-median-%28crude-estimate%29-%28-%29,2019,2019,2019,EMR,Eastern Mediterranean,ARE,United Arab Emirates,SEX,SEX_MLE,Male,21.057302,21.1 [11.8-31.8],11.791433,31.824043
NCD_BMI_MINUS2C,"Thinness among children and adolescents, BMI-for-age < -2 standard deviations below the median (%)",https://www.who.int/data/gho/data/indicators/indicator-details/GHO/prevalence-of-thinness-among-children-and-adolescents-bmi--2-standard-deviations-below-the-median-%28crude-estimate%29-%28-%29,1997,1997,1997,EMR,Eastern Mediterranean,ARE,United Arab Emirates,SEX,SEX_BTSX,Both sexes,4.5938738,4.6 [3.1-6.5],3.1140953,6.5210313
NCD_BMI_25A,"Overweight among adults, BMI ≥ 25 kg/m2 (age-standardized estimate) (%)",https://www.who.int/data/gho/data/indicators/indicator-details/GHO/prevalence-of-overweight-among-adults-bmi--25-%28age-standardized-estimate%29-%28-%29,2020,2020,2020,EMR,Eastern Mediterranean,ARE,United Arab Emirates,SEX,SEX_MLE,Male,71.137238,71.1 [67.0-75.2],67.031944,75.162029
NCD_BMI_18A,"Underweight among adults, BMI < 18.5 kg/m2 (age-standardized estimate) (%)",https://www.who.int/data/gho/data/indicators/indicator-details/GHO/prevalence-of-underweight-among-adults-bmi-18-%28age-standardized-estimate%29-%28-%29,2022,2022,2022,EMR,Eastern Mediterranean,ARE,United Arab Emirates,SEX,SEX_BTSX,Both sexes,2.8605007,2.9 [1.9-4.2],1.8677475,4.1506097
NCD_BMI_30A,"Obesity among adults, BMI ≥ 30 kg/m2 (age-standardized estimate) (%)",https://www.who.int/data/gho/data/indicators/indicator-details/GHO/prevalence-of-obesity-among-adults-bmi--30-%28age-standardized-estimate%29-%28-%29,2003,2003,2003,EMR,Eastern Mediterranean,ARE,United Arab Emirates,SEX,SEX_BTSX,Both sexes,27.424902,27.4 [25.2-29.8],25.205407,29.763123
NCD_BMI_MINUS2C,"Thinness among children and adolescents, BMI-for-age < -2 standard deviations below the median (%)",https://www.who.int/data/gho/data/indicators/indicator-details/GHO/prevalence-of-thinness-among-children-and-adolescents-bmi--2-standard-deviations-below-the-median-%28crude-estimate%29-%28-%29,1995,1995,1995,EMR,Eastern Mediterranean,ARE,United Arab Emirates,SEX,SEX_FMLE,Female,4.0178798,4.0 [2.0-7.0],2.0051099,7.0124753
NUTRITION_ANAEMIA_CHILDREN_PREV,Prevalence of anaemia in children aged 6-59 months (%),https://www.who.int/data/gho/data/indicators/indicator-details/GHO/anaemia-in-non-pregnant-women-number-%28in-thousands%29,2016,2016,2016,EMR,Eastern Mediterranean,ARE,United Arab Emirates,SEVERITY,SEVERITY_MILD,Mild,14.7,14.7 [6.7-25.6],6.7,25.6
NCD_BMI_25A,"Overweight among adults, BMI ≥ 25 kg/m2 (age-standardized estimate) (%)",https://www.who.int/data/gho/data/indicators/indicator-details/GHO/prevalence-of-overweight-among-adults-bmi--25-%28age-standardized-estimate%29-%28-%29,1993,1993,1993,EMR,Eastern Mediterranean,ARE,United Arab Emirates,SEX,SEX_MLE,Male,57.454622,57.5 [52.7-62.0],52.726221,62.02358
NUTRITION_ANAEMIA_CHILDREN_NUM,Number of children aged 6-59 months with anaemia (thousands),https://www.who.int/data/gho/data/indicators/indicator-details/GHO/anaemia-in-children-under-5-years-number,2010,2010,2010,EMR,Eastern Mediterranean,ARE,United Arab Emirates,SEVERITY,SEVERITY_SEVERE,Severe,0.33,0.33 [0.03-1.4],0.03,1.4
NCD_BMI_PLUS2C,"Obesity among children and adolescents, BMI-for-age > +2 standard deviations above the median (crude estimate) (%)",https://www.who.int/data/gho/data/indicators/indicator-details/GHO/prevalence-of-obesity-among-children-and-adolescents-bmi-2-standard-deviations-above-the-median-%28crude-estimate%29-%28-%29,2017,2017,2017,EMR,Eastern Mediterranean,ARE,United Arab Emirates,SEX,SEX_BTSX,Both sexes,19.675325,19.7 [17.1-22.4],17.051351,22.379042
NCD_BMI_25A,"Overweight among adults, BMI ≥ 25 kg/m2 (age-standardized estimate) (%)",https://www.who.int/data/gho/data/indicators/indicator-details/GHO/prevalence-of-overweight-among-adults-bmi--25-%28age-standardized-estimate%29-%28-%29,2011,2011,2011,EMR,Eastern Mediterranean,ARE,United Arab Emirates,SEX,SEX_MLE,Male,70.387679,70.4 [67.6-73.2],67.564309,73.192316
NCD_BMI_18C,"Underweight among adults, BMI < 18.5 kg/m2 (crude estimate) (%)",https://www.who.int/data/gho/data/indicators/indicator-details/GHO/prevalence-of-underweight-among-adults-bmi-18-%28crude-estimate%29-%28-%29,2001,2001,2001,EMR,Eastern Mediterranean,ARE,United Arab Emirates,SEX,SEX_BTSX,Both sexes,3.4122735,3.4 [2.5-4.6],2.4557937,4.6061389
NCD_BMI_18C,"Underweight among adults, BMI < 18.5 kg/m2 (crude estimate) (%)",https://www.who.int/data/gho/data/indicators/indicator-details/GHO/prevalence-of-underweight-among-adults-bmi-18-%28crude-estimate%29-%28-%29,1997,1997,1997,EMR,Eastern Mediterranean,ARE,United Arab Emirates,SEX,SEX_MLE,Male,3.7431292,3.7 [2.3-5.5],2.3227541,5.5047728
NCD_BMI_30A,"Obesity among adults, BMI ≥ 30 kg/m2 (age-standardized estimate) (%)",https://www.who.int/data/gho/data/indicators/indicator-details/GHO/prevalence-of-obesity-among-adults-bmi--30-%28age-standardized-estimate%29-%28-%29,2010,2010,2010,EMR,Eastern Mediterranean,ARE,United Arab Emirates,SEX,SEX_FMLE,Female,38.896185,38.9 [36.0-41.8],36.039799,41.825894
NUTRITION_ANAEMIA_CHILDREN_PREV,Prevalence of anaemia in children aged 6-59 months (%),https://www.who.int/data/gho/data/indicators/indicator-details/GHO/anaemia-in-non-pregnant-women-number-%28in-thousands%29,2018,2018,2018,EMR,Eastern Mediterranean,ARE,United Arab Emirates,SEVERITY,SEVERITY_TOTAL,Total,20,20.0 [7.8-37.1],7.8,37.1
NCD_BMI_MINUS2C,"Thinness among children and adolescents, BMI-for-age < -2 standard deviations below the median (%)",https://www.who.int/data/gho/data/indicators/indicator-details/GHO/prevalence-of-thinness-among-children-and-adolescents-bmi--2-standard-deviations-below-the-median-%28crude-estimate%29-%28-%29,2008,2008,2008,EMR,Eastern Mediterranean,ARE,United Arab Emirates,SEX,SEX_FMLE,Female,2.913082,2.9 [1.1-6.1],1.0762002,6.1072003
NCD_BMI_PLUS1C,"Overweight among children and adolescents, BMI-for-age > +1 standard deviations above the median (crude estimate) (%)",https://www.who.int/data/gho/data/indicators/indicator-details/GHO/prevalence-of-overweight-among-children-and-adolescents-bmi-1-standard-deviations-above-the-median-%28crude-estimate%29-%28-%29,1991,1991,1991,EMR,Eastern Mediterranean,ARE,United Arab Emirates,SEX,SEX_MLE,Male,25.573471,25.6 [17.5-34.2],17.54123,34.18878
NCD_BMI_MINUS2C,"Thinness among children and adolescents, BMI-for-age < -2 standard deviations below the median (%)",https://www.who.int/data/gho/data/indicators/indicator-details/GHO/prevalence-of-thinness-among-children-and-adolescents-bmi--2-standard-deviations-below-the-median-%28crude-estimate%29-%28-%29,2016,2016,2016,EMR,Eastern Mediterranean,ARE,United Arab Emirates,SEX,SEX_BTSX,Both sexes,3.0259283,3.0 [1.6-5.2],1.5612317,5.2190863
NCD_BMI_MINUS2C,"Thinness among children and adolescents, BMI-for-age < -2 standard deviations below the median (%)",https://www.who.int/data/gho/data/indicators/indicator-details/GHO/prevalence-of-thinness-among-children-and-adolescents-bmi--2-standard-deviations-below-the-median-%28crude-estimate%29-%28-%29,2001,2001,2001,EMR,Eastern Mediterranean,ARE,United Arab Emirates,SEX,SEX_FMLE,Female,3.2438163,3.2 [1.2-6.9],1.1678552,6.9414534
NUTRITION_ANAEMIA_REPRODUCTIVEAGE_PREV,Prevalence of anaemia in women of reproductive age (aged 15-49) (%),https://www.who.int/data/gho/data/indicators/indicator-details/GHO/prevalence-of-anaemia-in-women-of-reproductive-age-%28-%29,2009,2009,2009,EMR,Eastern Mediterranean,ARE,United Arab Emirates,SEX,SEX_FMLE,Female,28.4,28.4 [14.0-51.1],14,51.1
NCD_BMI_30C,"Obesity among adults, BMI ≥ 30 kg/m2 (crude estimate) (%)",https://www.who.int/data/gho/data/indicators/indicator-details/GHO/prevalence-of-obesity-among-adults-bmi--30-%28crude-estimate%29-%28-%29,2002,2002,2002,EMR,Eastern Mediterranean,ARE,United Arab Emirates,SEX,SEX_FMLE,Female,33.764696,33.8 [30.9-36.7],30.910385,36.69135
NCD_BMI_MINUS2C,"Thinness among children and adolescents, BMI-for-age < -2 standard deviations below the median (%)",https://www.who.int/data/gho/data/indicators/indicator-details/GHO/prevalence-of-thinness-among-children-and-adolescents-bmi--2-standard-deviations-below-the-median-%28crude-estimate%29-%28-%29,1994,1994,1994,EMR,Eastern Mediterranean,ARE,United Arab Emirates,SEX,SEX_BTSX,Both sexes,4.0440477,4.0 [1.9-7.2],1.9222118,7.2013162
NUTRITION_ANAEMIA_CHILDREN_PREV,Prevalence of anaemia in children aged 6-59 months (%),https://www.who.int/data/gho/data/indicators/indicator-details/GHO/anaemia-in-non-pregnant-women-number-%28in-thousands%29,2008,2008,2008,EMR,Eastern Mediterranean,ARE,United Arab Emirates,SEVERITY,SEVERITY_MODERATE,Moderate,5,5.0 [1.5-13.8],1.5,13.8
NCD_BMI_PLUS1C,"Overweight among children and adolescents, BMI-for-age > +1 standard deviations above the median (crude estimate) (%)",https://www.who.int/data/gho/data/indicators/indicator-details/GHO/prevalence-of-overweight-among-children-and-adolescents-bmi-1-standard-deviations-above-the-median-%28crude-estimate%29-%28-%29,1995,1995,1995,EMR,Eastern Mediterranean,ARE,United Arab Emirates,SEX,SEX_FMLE,Female,27.071357,27.1 [21.0-33.6],20.965713,33.571187
NCD_BMI_PLUS1C,"Overweight among children and adolescents, BMI-for-age > +1 standard deviations above the median (crude estimate) (%)",https://www.who.int/data/gho/data/indicators/indicator-details/GHO/prevalence-of-overweight-among-children-and-adolescents-bmi-1-standard-deviations-above-the-median-%28crude-estimate%29-%28-%29,2001,2001,2001,EMR,Eastern Mediterranean,ARE,United Arab Emirates,SEX,SEX_BTSX,Both sexes,32.661596,32.7 [29.0-36.3],29.037616,36.315152
NCD_BMI_30C,"Obesity among adults, BMI ≥ 30 kg/m2 (crude estimate) (%)",https://www.who.int/data/gho/data/indicators/indicator-details/GHO/prevalence-of-obesity-among-adults-bmi--30-%28crude-estimate%29-%28-%29,1991,1991,1991,EMR,Eastern Mediterranean,ARE,United Arab Emirates,SEX,SEX_BTSX,Both sexes,18.330309,18.3 [15.5-21.6],15.499334,21.551056
NCD_BMI_25A,"Overweight among adults, BMI ≥ 25 kg/m2 (age-standardized estimate) (%)",https://www.who.int/data/gho/data/indicators/indicator-details/GHO/prevalence-of-overweight-among-adults-bmi--25-%28age-standardized-estimate%29-%28-%29,2001,2001,2001,EMR,Eastern Mediterranean,ARE,United Arab Emirates,SEX,SEX_MLE,Male,64.989012,65.0 [61.8-68.1],61.843038,68.142766
NCD_BMI_PLUS2C,"Obesity among children and adolescents, BMI-for-age > +2 standard deviations above the median (crude estimate) (%)",https://www.who.int/data/gho/data/indicators/indicator-details/GHO/prevalence-of-obesity-among-children-and-adolescents-bmi-2-standard-deviations-above-the-median-%28crude-estimate%29-%28-%29,2012,2012,2012,EMR,Eastern Mediterranean,ARE,United Arab Emirates,SEX,SEX_BTSX,Both sexes,17.366521,17.4 [14.6-20.4],14.579935,20.355028
NCD_BMI_18A,"Underweight among adults, BMI < 18.5 kg/m2 (age-standardized estimate) (%)",https://www.who.int/data/gho/data/indicators/indicator-details/GHO/prevalence-of-underweight-among-adults-bmi-18-%28age-standardized-estimate%29-%28-%29,1990,1990,1990,EMR,Eastern Mediterranean,ARE,United Arab Emirates,SEX,SEX_FMLE,Female,3.2494552,3.2 [1.8-5.3],1.7979732,5.2731603
NUTRITION_ANAEMIA_REPRODUCTIVEAGE_PREV,Prevalence of anaemia in women of reproductive age (aged 15-49) (%),https://www.who.int/data/gho/data/indicators/indicator-details/GHO/prevalence-of-anaemia-in-women-of-reproductive-age-%28-%29,2022,2022,2022,EMR,Eastern Mediterranean,ARE,United Arab Emirates,SEX,SEX_FMLE,Female,28.6,28.6 [13.8-41.8],13.8,41.8
NCD_BMI_MINUS2C,"Thinness among children and adolescents, BMI-for-age < -2 standard deviations below the median (%)",https://www.who.int/data/gho/data/indicators/indicator-details/GHO/prevalence-of-thinness-among-children-and-adolescents-bmi--2-standard-deviations-below-the-median-%28crude-estimate%29-%28-%29,2006,2006,2006,EMR,Eastern Mediterranean,ARE,United Arab Emirates,SEX,SEX_MLE,Male,4.923391,4.9 [3.5-6.6],3.4962039,6.5899901
NUTRITION_ANAEMIA_REPRODUCTIVEAGE_PREV,Prevalence of anaemia in women of reproductive age (aged 15-49) (%),https://www.who.int/data/gho/data/indicators/indicator-details/GHO/prevalence-of-anaemia-in-women-of-reproductive-age-%28-%29,2002,2002,2002,EMR,Eastern Mediterranean,ARE,United Arab Emirates,SEX,SEX_FMLE,Female,28.4,28.4 [13.0-51.2],13,51.2
NCD_BMI_PLUS2C,"Obesity among children and adolescents, BMI-for-age > +2 standard deviations above the median (crude estimate) (%)",https://www.who.int/data/gho/data/indicators/indicator-details/GHO/prevalence-of-obesity-among-children-and-adolescents-bmi-2-standard-deviations-above-the-median-%28crude-estimate%29-%28-%29,2009,2009,2009,EMR,Eastern Mediterranean,ARE,United Arab Emirates,SEX,SEX_FMLE,Female,13.045487,13.0 [7.0-20.8],7.0276737,20.773092
NCD_BMI_PLUS2C,"Obesity among children and adolescents, BMI-for-age > +2 standard deviations above the median (crude estimate) (%)",https://www.who.int/data/gho/data/indicators/indicator-details/GHO/prevalence-of-obesity-among-children-and-adolescents-bmi-2-standard-deviations-above-the-median-%28crude-estimate%29-%28-%29,1991,1991,1991,EMR,Eastern Mediterranean,ARE,United Arab Emirates,SEX,SEX_MLE,Male,9.9589147,10.0 [4.6-17.1],4.6374638,17.063457
NCD_BMI_MINUS2C,"Thinness among children and adolescents, BMI-for-age < -2 standard deviations below the median (%)",https://www.who.int/data/gho/data/indicators/indicator-details/GHO/prevalence-of-thinness-among-children-and-adolescents-bmi--2-standard-deviations-below-the-median-%28crude-estimate%29-%28-%29,2018,2018,2018,EMR,Eastern Mediterranean,ARE,United Arab Emirates,SEX,SEX_MLE,Male,4.2308532,4.2 [2.6-6.5],2.5612764,6.4656317
NCD_BMI_PLUS2C,"Obesity among children and adolescents, BMI-for-age > +2 standard deviations above the median (crude estimate) (%)",https://www.who.int/data/gho/data/indicators/indicator-details/GHO/prevalence-of-obesity-among-children-and-adolescents-bmi-2-standard-deviations-above-the-median-%28crude-estimate%29-%28-%29,1996,1996,1996,EMR,Eastern Mediterranean,ARE,United Arab Emirates,SEX,SEX_BTSX,Both sexes,10.865082,10.9 [7.4-14.8],7.435289,14.759853
NCD_BMI_PLUS2C,"Obesity among children and adolescents, BMI-for-age > +2 standard deviations above the median (crude estimate) (%)",https://www.who.int/data/gho/data/indicators/indicator-details/GHO/prevalence-of-obesity-among-children-and-adolescents-bmi-2-standard-deviations-above-the-median-%28crude-estimate%29-%28-%29,2008,2008,2008,EMR,Eastern Mediterranean,ARE,United Arab Emirates,SEX,SEX_FMLE,Female,12.812966,12.8 [6.9-20.4],6.8986624,20.449087
NCD_BMI_PLUS2C,"Obesity among children and adolescents, BMI-for-age > +2 standard deviations above the median (crude estimate) (%)",https://www.who.int/data/gho/data/indicators/indicator-details/GHO/prevalence-of-obesity-among-children-and-adolescents-bmi-2-standard-deviations-above-the-median-%28crude-estimate%29-%28-%29,2007,2007,2007,EMR,Eastern Mediterranean,ARE,United Arab Emirates,SEX,SEX_MLE,Male,16.810378,16.8 [9.4-26.1],9.3704924,26.059932
NCD_BMI_PLUS2C,"Obesity among children and adolescents, BMI-for-age > +2 standard deviations above the median (crude estimate) (%)",https://www.who.int/data/gho/data/indicators/indicator-details/GHO/prevalence-of-obesity-among-children-and-adolescents-bmi-2-standard-deviations-above-the-median-%28crude-estimate%29-%28-%29,2019,2019,2019,EMR,Eastern Mediterranean,ARE,United Arab Emirates,SEX,SEX_FMLE,Female,16.320898,16.3 [11.4-22.1],11.399412,22.130793
NCD_BMI_MINUS2C,"Thinness among children and adolescents, BMI-for-age < -2 standard deviations below the median (%)",https://www.who.int/data/gho/data/indicators/indicator-details/GHO/prevalence-of-thinness-among-children-and-adolescents-bmi--2-standard-deviations-below-the-median-%28crude-estimate%29-%28-%29,2008,2008,2008,EMR,Eastern Mediterranean,ARE,United Arab Emirates,SEX,SEX_FMLE,Female,3.1007694,3.1 [2.2-4.2],2.1972375,4.2277735
NUTRITION_ANAEMIA_REPRODUCTIVEAGE_PREV,Prevalence of anaemia in women of reproductive age (aged 15-49) (%),https://www.who.int/data/gho/data/indicators/indicator-details/GHO/prevalence-of-anaemia-in-women-of-reproductive-age-%28-%29,2017,2017,2017,EMR,Eastern Mediterranean,ARE,United Arab Emirates,SEX,SEX_FMLE,Female,28.1,28.1 [13.8-49.9],13.8,49.9
NCD_BMI_MINUS2C,"Thinness among children and adolescents, BMI-for-age < -2 standard deviations below the median (%)",https://www.who.int/data/gho/data/indicators/indicator-details/GHO/prevalence-of-thinness-among-children-and-adolescents-bmi--2-standard-deviations-below-the-median-%28crude-estimate%29-%28-%29,2018,2018,2018,EMR,Eastern Mediterranean,ARE,United Arab Emirates,SEX,SEX_BTSX,Both sexes,3.6114026,3.6 [2.5-5.1],2.4877271,5.0698493
NCD_BMI_PLUS2C,"Obesity among children and adolescents, BMI-for-age > +2 standard deviations above the median (crude estimate) (%)",https://www.who.int/data/gho/data/indicators/indicator-details/GHO/prevalence-of-obesity-among-children-and-adolescents-bmi-2-standard-deviations-above-the-median-%28crude-estimate%29-%28-%29,2013,2013,2013,EMR,Eastern Mediterranean,ARE,United Arab Emirates,SEX,SEX_FMLE,Female,14.466895,14.5 [10.9-18.6],10.93131,18.584688
NCD_BMI_30A,"Obesity among adults, BMI ≥ 30 kg/m2 (age-standardized estimate) (%)",https://www.who.int/data/gho/data/indicators/indicator-details/GHO/prevalence-of-obesity-among-adults-bmi--30-%28age-standardized-estimate%29-%28-%29,1994,1994,1994,EMR,Eastern Mediterranean,ARE,United Arab Emirates,SEX,SEX_BTSX,Both sexes,21.237703,21.2 [18.7-24.0],18.713666,24.046202
NCD_BMI_PLUS1C,"Overweight among children and adolescents, BMI-for-age > +1 standard deviations above the median (crude estimate) (%)",https://www.who.int/data/gho/data/indicators/indicator-details/GHO/prevalence-of-overweight-among-children-and-adolescents-bmi-1-standard-deviations-above-the-median-%28crude-estimate%29-%28-%29,1993,1993,1993,EMR,Eastern Mediterranean,ARE,United Arab Emirates,SEX,SEX_FMLE,Female,25.958294,26.0 [17.3-35.6],17.320009,35.610729
NCD_BMI_PLUS1C,"Overweight among children and adolescents, BMI-for-age > +1 standard deviations above the median (crude estimate) (%)",https://www.who.int/data/gho/data/indicators/indicator-details/GHO/prevalence-of-overweight-among-children-and-adolescents-bmi-1-standard-deviations-above-the-median-%28crude-estimate%29-%28-%29,2009,2009,2009,EMR,Eastern Mediterranean,ARE,United Arab Emirates,SEX,SEX_BTSX,Both sexes,38.959736,39.0 [36.7-41.2],36.694899,41.224682
NUTRITION_ANAEMIA_REPRODUCTIVEAGE_NUM,Number of women of reproductive age (aged 15-49 years) with anaemia (thousands),https://www.who.int/data/gho/data/indicators/indicator-details/GHO/anaemia-in-women-of-reproductive-age-number-%28in-thousands%29,2001,2001,2001,EMR,Eastern Mediterranean,ARE,United Arab Emirates,SEX,SEX_FMLE,Female,10.9,10.9 [5.9-15.0],5.9,15
NCD_BMI_MINUS2C,"Thinness among children and adolescents, BMI-for-age < -2 standard deviations below the median (%)",https://www.who.int/data/gho/data/indicators/indicator-details/GHO/prevalence-of-thinness-among-children-and-adolescents-bmi--2-standard-deviations-below-the-median-%28crude-estimate%29-%28-%29,2007,2007,2007,EMR,Eastern Mediterranean,ARE,United Arab Emirates,SEX,SEX_BTSX,Both sexes,3.7231706,3.7 [2.8-5.0],2.7518721,4.9504165
NCD_BMI_MINUS2C,"Thinness among children and adolescents, BMI-for-age < -2 standard deviations below the median (%)",https://www.who.int/data/gho/data/indicators/indicator-details/GHO/prevalence-of-thinness-among-children-and-adolescents-bmi--2-standard-deviations-below-the-median-%28crude-estimate%29-%28-%29,2008,2008,2008,EMR,Eastern Mediterranean,ARE,United Arab Emirates,SEX,SEX_BTSX,Both sexes,3.6873035,3.7 [2.7-4.9],2.7243534,4.897467
NCD_BMI_PLUS2C,"Obesity among children and adolescents, BMI-for-age > +2 standard deviations above the median (crude estimate) (%)",https://www.who.int/data/gho/data/indicators/indicator-details/GHO/prevalence-of-obesity-among-children-and-adolescents-bmi-2-standard-deviations-above-the-median-%28crude-estimate%29-%28-%29,1994,1994,1994,EMR,Eastern Mediterranean,ARE,United Arab Emirates,SEX,SEX_FMLE,Female,8.7346867,8.7 [4.8-13.7],4.8178218,13.713558
NCD_BMI_PLUS2C,"Obesity among children and adolescents, BMI-for-age > +2 standard deviations above the median (crude estimate) (%)",https://www.who.int/data/gho/data/indicators/indicator-details/GHO/prevalence-of-obesity-among-children-and-adolescents-bmi-2-standard-deviations-above-the-median-%28crude-estimate%29-%28-%29,2020,2020,2020,EMR,Eastern Mediterranean,ARE,United Arab Emirates,SEX,SEX_MLE,Male,21.416733,21.4 [11.9-32.6],11.850601,32.571691
NCD_BMI_18C,"Underweight among adults, BMI < 18.5 kg/m2 (crude estimate) (%)",https://www.who.int/data/gho/data/indicators/indicator-details/GHO/prevalence-of-underweight-among-adults-bmi-18-%28crude-estimate%29-%28-%29,2001,2001,2001,EMR,Eastern Mediterranean,ARE,United Arab Emirates,SEX,SEX_FMLE,Female,3.0472338,3.0 [2.1-4.2],2.1092687,4.2144567
NUTRITION_ANAEMIA_REPRODUCTIVEAGE_NUM,Number of women of reproductive age (aged 15-49 years) with anaemia (thousands),https://www.who.int/data/gho/data/indicators/indicator-details/GHO/anaemia-in-women-of-reproductive-age-number-%28in-thousands%29,2012,2012,2012,EMR,Eastern Mediterranean,ARE,United Arab Emirates,SEX,SEX_FMLE,Female,461.8,461.8 [226.0-827.3],226,827.3
NCD_BMI_18C,"Underweight among adults, BMI < 18.5 kg/m2 (crude estimate) (%)",https://www.who.int/data/gho/data/indicators/indicator-details/GHO/prevalence-of-underweight-among-adults-bmi-18-%28crude-estimate%29-%28-%29,1991,1991,1991,EMR,Eastern Mediterranean,ARE,United Arab Emirates,SEX,SEX_FMLE,Female,3.7572395,3.8 [2.1-6.0],2.1169765,6.0247913
NUTRITION_ANAEMIA_CHILDREN_NUM,Number of children aged 6-59 months with anaemia (thousands),https://www.who.int/data/gho/data/indicators/indicator-details/GHO/anaemia-in-children-under-5-years-number,2010,2010,2010,EMR,Eastern Mediterranean,ARE,United Arab Emirates,SEX,SEX_BTSX,Both sexes,85.419,85 [39-155],39,155
NCD_BMI_PLUS1C,"Overweight among children and adolescents, BMI-for-age > +1 standard deviations above the median (crude estimate) (%)",https://www.who.int/data/gho/data/indicators/indicator-details/GHO/prevalence-of-overweight-among-children-and-adolescents-bmi-1-standard-deviations-above-the-median-%28crude-estimate%29-%28-%29,2003,2003,2003,EMR,Eastern Mediterranean,ARE,United Arab Emirates,SEX,SEX_MLE,Male,37.02625,37.0 [32.6-41.5],32.629165,41.452664
NCD_BMI_PLUS2C,"Obesity among children and adolescents, BMI-for-age > +2 standard deviations above the median (crude estimate) (%)",https://www.who.int/data/gho/data/indicators/indicator-details/GHO/prevalence-of-obesity-among-children-and-adolescents-bmi-2-standard-deviations-above-the-median-%28crude-estimate%29-%28-%29,2008,2008,2008,EMR,Eastern Mediterranean,ARE,United Arab Emirates,SEX,SEX_FMLE,Female,13.161026,13.2 [9.7-17.3],9.7098701,17.334874
NCD_BMI_MINUS2C,"Thinness among children and adolescents, BMI-for-age < -2 standard deviations below the median (%)",https://www.who.int/data/gho/data/indicators/indicator-details/GHO/prevalence-of-thinness-among-children-and-adolescents-bmi--2-standard-deviations-below-the-median-%28crude-estimate%29-%28-%29,2009,2009,2009,EMR,Eastern Mediterranean,ARE,United Arab Emirates,SEX,SEX_BTSX,Both sexes,3.6569513,3.7 [2.7-4.8],2.7151292,4.8482146
NCD_BMI_18A,"Underweight among adults, BMI < 18.5 kg/m2 (age-standardized estimate) (%)",https://www.who.int/data/gho/data/indicators/indicator-details/GHO/prevalence-of-underweight-among-adults-bmi-18-%28age-standardized-estimate%29-%28-%29,1998,1998,1998,EMR,Eastern Mediterranean,ARE,United Arab Emirates,SEX,SEX_BTSX,Both sexes,3.5771161,3.6 [2.5-4.8],2.5448412,4.8399542
NCD_BMI_18A,"Underweight among adults, BMI < 18.5 kg/m2 (age-standardized estimate) (%)",https://www.who.int/data/gho/data/indicators/indicator-details/GHO/prevalence-of-underweight-among-adults-bmi-18-%28age-standardized-estimate%29-%28-%29,1995,1995,1995,EMR,Eastern Mediterranean,ARE,United Arab Emirates,SEX,SEX_BTSX,Both sexes,3.910185,3.9 [2.7-5.4],2.7206969,5.3964078
NCD_BMI_PLUS1C,"Overweight among children and adolescents, BMI-for-age > +1 standard deviations above the median (crude estimate) (%)",https://www.who.int/data/gho/data/indicators/indicator-details/GHO/prevalence-of-overweight-among-children-and-adolescents-bmi-1-standard-deviations-above-the-median-%28crude-estimate%29-%28-%29,1996,1996,1996,EMR,Eastern Mediterranean,ARE,United Arab Emirates,SEX,SEX_FMLE,Female,27.617601,27.6 [21.7-33.8],21.728984,33.84352
NCD_BMI_30C,"Obesity among adults, BMI ≥ 30 kg/m2 (crude estimate) (%)",https://www.who.int/data/gho/data/indicators/indicator-details/GHO/prevalence-of-obesity-among-adults-bmi--30-%28crude-estimate%29-%28-%29,2017,2017,2017,EMR,Eastern Mediterranean,ARE,United Arab Emirates,SEX,SEX_BTSX,Both sexes,30.880478,30.9 [28.3-33.6],28.311047,33.592427
NCD_BMI_25A,"Overweight among adults, BMI ≥ 25 kg/m2 (age-standardized estimate) (%)",https://www.who.int/data/gho/data/indicators/indicator-details/GHO/prevalence-of-overweight-among-adults-bmi--25-%28age-standardized-estimate%29-%28-%29,1996,1996,1996,EMR,Eastern Mediterranean,ARE,United Arab Emirates,SEX,SEX_MLE,Male,60.514003,60.5 [56.5-64.4],56.534368,64.449036
NUTRITION_ANAEMIA_REPRODUCTIVEAGE_PREV,Prevalence of anaemia in women of reproductive age (aged 15-49) (%),https://www.who.int/data/gho/data/indicators/indicator-details/GHO/prevalence-of-anaemia-in-women-of-reproductive-age-%28-%29,2018,2018,2018,EMR,Eastern Mediterranean,ARE,United Arab Emirates,SEX,SEX_FMLE,Female,28.7,28.7 [15.1-40.5],15.1,40.5
NCD_BMI_PLUS1C,"Overweight among children and adolescents, BMI-for-age > +1 standard deviations above the median (crude estimate) (%)",https://www.who.int/data/gho/data/indicators/indicator-details/GHO/prevalence-of-overweight-among-children-and-adolescents-bmi-1-standard-deviations-above-the-median-%28crude-estimate%29-%28-%29,2003,2003,2003,EMR,Eastern Mediterranean,ARE,United Arab Emirates,SEX,SEX_FMLE,Female,31.818473,31.8 [23.7-40.5],23.66965,40.498245
NCD_BMI_PLUS2C,"Obesity among children and adolescents, BMI-for-age > +2 standard deviations above the median (crude estimate) (%)",https://www.who.int/data/gho/data/indicators/indicator-details/GHO/prevalence-of-obesity-among-children-and-adolescents-bmi-2-standard-deviations-above-the-median-%28crude-estimate%29-%28-%29,2008,2008,2008,EMR,Eastern Mediterranean,ARE,United Arab Emirates,SEX,SEX_FMLE,Female,13.397022,13.4 [10.8-16.2],10.830161,16.204058
NCD_BMI_MINUS2C,"Thinness among children and adolescents, BMI-for-age < -2 standard deviations below the median (%)",https://www.who.int/data/gho/data/indicators/indicator-details/GHO/prevalence-of-thinness-among-children-and-adolescents-bmi--2-standard-deviations-below-the-median-%28crude-estimate%29-%28-%29,2002,2002,2002,EMR,Eastern Mediterranean,ARE,United Arab Emirates,SEX,SEX_BTSX,Both sexes,4.1264854,4.1 [3.0-5.6],2.9615207,5.5595212
NCD_BMI_PLUS2C,"Obesity among children and adolescents, BMI-for-age > +2 standard deviations above the median (crude estimate) (%)",https://www.who.int/data/gho/data/indicators/indicator-details/GHO/prevalence-of-obesity-among-children-and-adolescents-bmi-2-standard-deviations-above-the-median-%28crude-estimate%29-%28-%29,2006,2006,2006,EMR,Eastern Mediterranean,ARE,United Arab Emirates,SEX,SEX_MLE,Male,17.828003,17.8 [13.8-22.2],13.809182,22.154775
NCD_BMI_25A,"Overweight among adults, BMI ≥ 25 kg/m2 (age-standardized estimate) (%)",https://www.who.int/data/gho/data/indicators/indicator-details/GHO/prevalence-of-overweight-among-adults-bmi--25-%28age-standardized-estimate%29-%28-%29,1997,1997,1997,EMR,Eastern Mediterranean,ARE,United Arab Emirates,SEX,SEX_MLE,Male,61.473584,61.5 [57.7-65.2],57.721937,65.232277
NCD_BMI_18A,"Underweight among adults, BMI < 18.5 kg/m2 (age-standardized estimate) (%)",https://www.who.int/data/gho/data/indicators/indicator-details/GHO/prevalence-of-underweight-among-adults-bmi-18-%28age-standardized-estimate%29-%28-%29,1992,1992,1992,EMR,Eastern Mediterranean,ARE,United Arab Emirates,SEX,SEX_MLE,Male,4.8079997,4.8 [2.8-7.4],2.8274303,7.3638745
NCD_BMI_MINUS2C,"Thinness among children and adolescents, BMI-for-age < -2 standard deviations below the median (%)",https://www.who.int/data/gho/data/indicators/indicator-details/GHO/prevalence-of-thinness-among-children-and-adolescents-bmi--2-standard-deviations-below-the-median-%28crude-estimate%29-%28-%29,2000,2000,2000,EMR,Eastern Mediterranean,ARE,United Arab Emirates,SEX,SEX_FMLE,Female,3.3302132,3.3 [1.2-7.2],1.1966941,7.1662173
NUTRITION_ANAEMIA_CHILDREN_PREV,Prevalence of anaemia in children aged 6-59 months (%),https://www.who.int/data/gho/data/indicators/indicator-details/GHO/anaemia-in-non-pregnant-women-number-%28in-thousands%29,2010,2010,2010,EMR,Eastern Mediterranean,ARE,United Arab Emirates,SEX,SEX_BTSX,Both sexes,19.3,19.3 [8.7-35.2],8.7,35.2
NCD_BMI_MINUS2C,"Thinness among children and adolescents, BMI-for-age < -2 standard deviations below the median (%)",https://www.who.int/data/gho/data/indicators/indicator-details/GHO/prevalence-of-thinness-among-children-and-adolescents-bmi--2-standard-deviations-below-the-median-%28crude-estimate%29-%28-%29,2014,2014,2014,EMR,Eastern Mediterranean,ARE,United Arab Emirates,SEX,SEX_MLE,Male,3.1716656,3.2 [1.2-6.5],1.1955004,6.5117911
NCD_BMI_18A,"Underweight among adults, BMI < 18.5 kg/m2 (age-standardized estimate) (%)",https://www.who.int/data/gho/data/indicators/indicator-details/GHO/prevalence-of-underweight-among-adults-bmi-18-%28age-standardized-estimate%29-%28-%29,1999,1999,1999,EMR,Eastern Mediterranean,ARE,United Arab Emirates,SEX,SEX_MLE,Male,3.8453363,3.8 [2.5-5.5],2.5276724,5.4821871
NCD_BMI_PLUS2C,"Obesity among children and adolescents, BMI-for-age > +2 standard deviations above the median (crude estimate) (%)",https://www.who.int/data/gho/data/indicators/indicator-details/GHO/prevalence-of-obesity-among-children-and-adolescents-bmi-2-standard-deviations-above-the-median-%28crude-estimate%29-%28-%29,2003,2003,2003,EMR,Eastern Mediterranean,ARE,United Arab Emirates,SEX,SEX_FMLE,Female,11.714387,11.7 [8.2-16.0],8.2014546,15.981096
NCD_BMI_PLUS1C,"Overweight among children and adolescents, BMI-for-age > +1 standard deviations above the median (crude estimate) (%)",https://www.who.int/data/gho/data/indicators/indicator-details/GHO/prevalence-of-overweight-among-children-and-adolescents-bmi-1-standard-deviations-above-the-median-%28crude-estimate%29-%28-%29,2014,2014,2014,EMR,Eastern Mediterranean,ARE,United Arab Emirates,SEX,SEX_MLE,Male,40.109292,40.1 [31.2-49.2],31.242329,49.232641
NUTRITION_ANAEMIA_REPRODUCTIVEAGE_PREV,Prevalence of anaemia in women of reproductive age (aged 15-49) (%),https://www.who.int/data/gho/data/indicators/indicator-details/GHO/prevalence-of-anaemia-in-women-of-reproductive-age-%28-%29,2021,2021,2021,EMR,Eastern Mediterranean,ARE,United Arab Emirates,SEX,SEX_FMLE,Female,27.9,27.9 [12.0-51.6],12,51.6
NCD_BMI_18A,"Underweight among adults, BMI < 18.5 kg/m2 (age-standardized estimate) (%)",https://www.who.int/data/gho/data/indicators/indicator-details/GHO/prevalence-of-underweight-among-adults-bmi-18-%28age-standardized-estimate%29-%28-%29,1999,1999,1999,EMR,Eastern Mediterranean,ARE,United Arab Emirates,SEX,SEX_BTSX,Both sexes,3.4745272,3.5 [2.5-4.7],2.4835613,4.6873059
NUTRITION_ANAEMIA_CHILDREN_NUM,Number of children aged 6-59 months with anaemia (thousands),https://www.who.int/data/gho/data/indicators/indicator-details/GHO/anaemia-in-children-under-5-years-number,2005,2005,2005,EMR,Eastern Mediterranean,ARE,United Arab Emirates,SEX,SEX_BTSX,Both sexes,55.981,56 [25-106],25,106
NCD_BMI_30A,"Obesity among adults, BMI ≥ 30 kg/m2 (age-standardized estimate) (%)",https://www.who.int/data/gho/data/indicators/indicator-details/GHO/prevalence-of-obesity-among-adults-bmi--30-%28age-standardized-estimate%29-%28-%29,2013,2013,2013,EMR,Eastern Mediterranean,ARE,United Arab Emirates,SEX,SEX_MLE,Male,27.670592,27.7 [24.7-30.7],24.73609,30.733263
NCD_BMI_PLUS2C,"Obesity among children and adolescents, BMI-for-age > +2 standard deviations above the median (crude estimate) (%)",https://www.who.int/data/gho/data/indicators/indicator-details/GHO/prevalence-of-obesity-among-children-and-adolescents-bmi-2-standard-deviations-above-the-median-%28crude-estimate%29-%28-%29,2002,2002,2002,EMR,Eastern Mediterranean,ARE,United Arab Emirates,SEX,SEX_MLE,Male,16.283329,16.3 [12.4-20.6],12.405636,20.591597
NCD_BMI_30A,"Obesity among adults, BMI ≥ 30 kg/m2 (age-standardized estimate) (%)",https://www.who.int/data/gho/data/indicators/indicator-details/GHO/prevalence-of-obesity-among-adults-bmi--30-%28age-standardized-estimate%29-%28-%29,2007,2007,2007,EMR,Eastern Mediterranean,ARE,United Arab Emirates,SEX,SEX_FMLE,Female,38.497663,38.5 [35.6-41.4],35.631323,41.407984
NCD_BMI_30A,"Obesity among adults, BMI ≥ 30 kg/m2 (age-standardized estimate) (%)",https://www.who.int/data/gho/data/indicators/indicator-details/GHO/prevalence-of-obesity-among-adults-bmi--30-%28age-standardized-estimate%29-%28-%29,2005,2005,2005,EMR,Eastern Mediterranean,ARE,United Arab Emirates,SEX,SEX_MLE,Male,24.607404,24.6 [21.7-27.6],21.725267,27.559027
NCD_BMI_PLUS2C,"Obesity among children and adolescents, BMI-for-age > +2 standard deviations above the median (crude estimate) (%)",https://www.who.int/data/gho/data/indicators/indicator-details/GHO/prevalence-of-obesity-among-children-and-adolescents-bmi-2-standard-deviations-above-the-median-%28crude-estimate%29-%28-%29,2021,2021,2021,EMR,Eastern Mediterranean,ARE,United Arab Emirates,SEX,SEX_BTSX,Both sexes,19.099538,19.1 [12.5-26.4],12.479615,26.40965
NCD_BMI_MINUS2C,"Thinness among children and adolescents, BMI-for-age < -2 standard deviations below the median (%)",https://www.who.int/data/gho/data/indicators/indicator-details/GHO/prevalence-of-thinness-among-children-and-adolescents-bmi--2-standard-deviations-below-the-median-%28crude-estimate%29-%28-%29,2003,2003,2003,EMR,Eastern Mediterranean,ARE,United Arab Emirates,SEX,SEX_FMLE,Female,3.1415965,3.1 [1.8-5.1],1.8190172,5.0750941
NCD_BMI_PLUS1C,"Overweight among children and adolescents, BMI-for-age > +1 standard deviations above the median (crude estimate) (%)",https://www.who.int/data/gho/data/indicators/indicator-details/GHO/prevalence-of-overweight-among-children-and-adolescents-bmi-1-standard-deviations-above-the-median-%28crude-estimate%29-%28-%29,2004,2004,2004,EMR,Eastern Mediterranean,ARE,United Arab Emirates,SEX,SEX_MLE,Male,36.690059,36.7 [32.1-41.4],32.084411,41.351739
NCD_BMI_25C,"Overweight among adults, BMI ≥ 25 kg/m2 (crude estimate) (%)",https://www.who.int/data/gho/data/indicators/indicator-details/GHO/prevalence-of-overweight-among-adults-bmi-greaterequal-25-%28crude-estimate%29-%28-%29,1998,1998,1998,EMR,Eastern Mediterranean,ARE,United Arab Emirates,SEX,SEX_FMLE,Female,60.866451,60.9 [57.5-64.2],57.523733,64.197385
NUTRITION_ANAEMIA_REPRODUCTIVEAGE_NUM,Number of women of reproductive age (aged 15-49 years) with anaemia (thousands),https://www.who.int/data/gho/data/indicators/indicator-details/GHO/anaemia-in-women-of-reproductive-age-number-%28in-thousands%29,2010,2010,2010,EMR,Eastern Mediterranean,ARE,United Arab Emirates,SEX,SEX_FMLE,Female,420.3,420.3 [212.2-753.0],212.2,753
NCD_BMI_25C,"Overweight among adults, BMI ≥ 25 kg/m2 (crude estimate) (%)",https://www.who.int/data/gho/data/indicators/indicator-details/GHO/prevalence-of-overweight-among-adults-bmi-greaterequal-25-%28crude-estimate%29-%28-%29,2001,2001,2001,EMR,Eastern Mediterranean,ARE,United Arab Emirates,SEX,SEX_BTSX,Both sexes,63.690352,63.7 [61.2-66.2],61.198854,66.232938
NCD_BMI_PLUS1C,"Overweight among children and adolescents, BMI-for-age > +1 standard deviations above the median (crude estimate) (%)",https://www.who.int/data/gho/data/indicators/indicator-details/GHO/prevalence-of-overweight-among-children-and-adolescents-bmi-1-standard-deviations-above-the-median-%28crude-estimate%29-%28-%29,1996,1996,1996,EMR,Eastern Mediterranean,ARE,United Arab Emirates,SEX,SEX_MLE,Male,29.638624,29.6 [23.1-36.5],23.056291,36.514205
NCD_BMI_MINUS2C,"Thinness among children and adolescents, BMI-for-age < -2 standard deviations below the median (%)",https://www.who.int/data/gho/data/indicators/indicator-details/GHO/prevalence-of-thinness-among-children-and-adolescents-bmi--2-standard-deviations-below-the-median-%28crude-estimate%29-%28-%29,2009,2009,2009,EMR,Eastern Mediterranean,ARE,United Arab Emirates,SEX,SEX_MLE,Male,3.2050066,3.2 [1.2-6.7],1.2259601,6.6697702
NCD_BMI_MINUS2C,"Thinness among children and adolescents, BMI-for-age < -2 standard deviations below the median (%)",https://www.who.int/data/gho/data/indicators/indicator-details/GHO/prevalence-of-thinness-among-children-and-adolescents-bmi--2-standard-deviations-below-the-median-%28crude-estimate%29-%28-%29,2020,2020,2020,EMR,Eastern Mediterranean,ARE,United Arab Emirates,SEX,SEX_BTSX,Both sexes,3.6716878,3.7 [2.4-5.4],2.3888921,5.3744551
NCD_BMI_MINUS2C,"Thinness among children and adolescents, BMI-for-age < -2 standard deviations below the median (%)",https://www.who.int/data/gho/data/indicators/indicator-details/GHO/prevalence-of-thinness-among-children-and-adolescents-bmi--2-standard-deviations-below-the-median-%28crude-estimate%29-%28-%29,2014,2014,2014,EMR,Eastern Mediterranean,ARE,United Arab Emirates,SEX,SEX_BTSX,Both sexes,3.578594,3.6 [2.6-4.8],2.6460785,4.7849376
NCD_BMI_MINUS2C,"Thinness among children and adolescents, BMI-for-age < -2 standard deviations below the median (%)",https://www.who.int/data/gho/data/indicators/indicator-details/GHO/prevalence-of-thinness-among-children-and-adolescents-bmi--2-standard-deviations-below-the-median-%28crude-estimate%29-%28-%29,2018,2018,2018,EMR,Eastern Mediterranean,ARE,United Arab Emirates,SEX,SEX_FMLE,Female,2.8564023,2.9 [1.0-6.0],0.99301031,6.0307831
NCD_BMI_PLUS2C,"Obesity among children and adolescents, BMI-for-age > +2 standard deviations above the median (crude estimate) (%)",https://www.who.int/data/gho/data/indicators/indicator-details/GHO/prevalence-of-obesity-among-children-and-adolescents-bmi-2-standard-deviations-above-the-median-%28crude-estimate%29-%28-%29,2015,2015,2015,EMR,Eastern Mediterranean,ARE,United Arab Emirates,SEX,SEX_MLE,Male,21.325853,21.3 [16.8-26.3],16.816625,26.296398
NCD_BMI_30C,"Obesity among adults, BMI ≥ 30 kg/m2 (crude estimate) (%)",https://www.who.int/data/gho/data/indicators/indicator-details/GHO/prevalence-of-obesity-among-adults-bmi--30-%28crude-estimate%29-%28-%29,2013,2013,2013,EMR,Eastern Mediterranean,ARE,United Arab Emirates,SEX,SEX_BTSX,Both sexes,30.624852,30.6 [28.4-32.9],28.388759,32.881653
NUTRITION_ANAEMIA_REPRODUCTIVEAGE_PREV,Prevalence of anaemia in women of reproductive age (aged 15-49) (%),https://www.who.int/data/gho/data/indicators/indicator-details/GHO/prevalence-of-anaemia-in-women-of-reproductive-age-%28-%29,2003,2003,2003,EMR,Eastern Mediterranean,ARE,United Arab Emirates,SEX,SEX_FMLE,Female,28.5,28.5 [13.4-51.0],13.4,51
NCD_BMI_30C,"Obesity among adults, BMI ≥ 30 kg/m2 (crude estimate) (%)",https://www.who.int/data/gho/data/indicators/indicator-details/GHO/prevalence-of-obesity-among-adults-bmi--30-%28crude-estimate%29-%28-%29,2019,2019,2019,EMR,Eastern Mediterranean,ARE,United Arab Emirates,SEX,SEX_FMLE,Female,35.463941,35.5 [31.7-39.3],31.727171,39.276814
NCD_BMI_25A,"Overweight among adults, BMI ≥ 25 kg/m2 (age-standardized estimate) (%)",https://www.who.int/data/gho/data/indicators/indicator-details/GHO/prevalence-of-overweight-among-adults-bmi--25-%28age-standardized-estimate%29-%28-%29,2020,2020,2020,EMR,Eastern Mediterranean,ARE,United Arab Emirates,SEX,SEX_BTSX,Both sexes,70.571816,70.6 [67.6-73.5],67.578536,73.45854
NCD_BMI_MINUS2C,"Thinness among children and adolescents, BMI-for-age < -2 standard deviations below the median (%)",https://www.who.int/data/gho/data/indicators/indicator-details/GHO/prevalence-of-thinness-among-children-and-adolescents-bmi--2-standard-deviations-below-the-median-%28crude-estimate%29-%28-%29,2004,2004,2004,EMR,Eastern Mediterranean,ARE,United Arab Emirates,SEX,SEX_FMLE,Female,3.0401094,3.0 [1.1-6.4],1.113997,6.4039767
NUTRITION_ANAEMIA_REPRODUCTIVEAGE_PREV,Prevalence of anaemia in women of reproductive age (aged 15-49) (%),https://www.who.int/data/gho/data/indicators/indicator-details/GHO/prevalence-of-anaemia-in-women-of-reproductive-age-%28-%29,2008,2008,2008,EMR,Eastern Mediterranean,ARE,United Arab Emirates,SEX,SEX_FMLE,Female,28.5,28.5 [14.1-51.4],14.1,51.4
NCD_BMI_25A,"Overweight among adults, BMI ≥ 25 kg/m2 (age-standardized estimate) (%)",https://www.who.int/data/gho/data/indicators/indicator-details/GHO/prevalence-of-overweight-among-adults-bmi--25-%28age-standardized-estimate%29-%28-%29,2005,2005,2005,EMR,Eastern Mediterranean,ARE,United Arab Emirates,SEX,SEX_FMLE,Female,68.024528,68.0 [65.4-70.5],65.380055,70.543224
NCD_BMI_30A,"Obesity among adults, BMI ≥ 30 kg/m2 (age-standardized estimate) (%)",https://www.who.int/data/gho/data/indicators/indicator-details/GHO/prevalence-of-obesity-among-adults-bmi--30-%28age-standardized-estimate%29-%28-%29,2010,2010,2010,EMR,Eastern Mediterranean,ARE,United Arab Emirates,SEX,SEX_MLE,Male,26.855254,26.9 [24.0-29.8],23.99607,29.75353
NCD_BMI_PLUS1C,"Overweight among children and adolescents, BMI-for-age > +1 standard deviations above the median (crude estimate) (%)",https://www.who.int/data/gho/data/indicators/indicator-details/GHO/prevalence-of-overweight-among-children-and-adolescents-bmi-1-standard-deviations-above-the-median-%28crude-estimate%29-%28-%29,2018,2018,2018,EMR,Eastern Mediterranean,ARE,United Arab Emirates,SEX,SEX_BTSX,Both sexes,42.00632,42.0 [38.0-46.1],38.009286,46.063262
NCD_BMI_PLUS2C,"Obesity among children and adolescents, BMI-for-age > +2 standard deviations above the median (crude estimate) (%)",https://www.who.int/data/gho/data/indicators/indicator-details/GHO/prevalence-of-obesity-among-children-and-adolescents-bmi-2-standard-deviations-above-the-median-%28crude-estimate%29-%28-%29,1999,1999,1999,EMR,Eastern Mediterranean,ARE,United Arab Emirates,SEX,SEX_MLE,Male,12.612481,12.6 [5.9-21.5],5.9269674,21.485946
NCD_BMI_PLUS1C,"Overweight among children and adolescents, BMI-for-age > +1 standard deviations above the median (crude estimate) (%)",https://www.who.int/data/gho/data/indicators/indicator-details/GHO/prevalence-of-overweight-among-children-and-adolescents-bmi-1-standard-deviations-above-the-median-%28crude-estimate%29-%28-%29,2012,2012,2012,EMR,Eastern Mediterranean,ARE,United Arab Emirates,SEX,SEX_FMLE,Female,36.147583,36.1 [33.1-39.2],33.134678,39.199558
NCD_BMI_PLUS1C,"Overweight among children and adolescents, BMI-for-age > +1 standard deviations above the median (crude estimate) (%)",https://www.who.int/data/gho/data/indicators/indicator-details/GHO/prevalence-of-overweight-among-children-and-adolescents-bmi-1-standard-deviations-above-the-median-%28crude-estimate%29-%28-%29,2022,2022,2022,EMR,Eastern Mediterranean,ARE,United Arab Emirates,SEX,SEX_FMLE,Female,40.289393,40.3 [33.5-47.0],33.528462,46.978641
NCD_BMI_PLUS1C,"Overweight among children and adolescents, BMI-for-age > +1 standard deviations above the median (crude estimate) (%)",https://www.who.int/data/gho/data/indicators/indicator-details/GHO/prevalence-of-overweight-among-children-and-adolescents-bmi-1-standard-deviations-above-the-median-%28crude-estimate%29-%28-%29,1999,1999,1999,EMR,Eastern Mediterranean,ARE,United Arab Emirates,SEX,SEX_BTSX,Both sexes,29.44628,29.4 [23.3-35.9],23.328534,35.887155
NCD_BMI_PLUS2C,"Obesity among children and adolescents, BMI-for-age > +2 standard deviations above the median (crude estimate) (%)",https://www.who.int/data/gho/data/indicators/indicator-details/GHO/prevalence-of-obesity-among-children-and-adolescents-bmi-2-standard-deviations-above-the-median-%28crude-estimate%29-%28-%29,2014,2014,2014,EMR,Eastern Mediterranean,ARE,United Arab Emirates,SEX,SEX_MLE,Male,21.934457,21.9 [18.9-25.1],18.868254,25.139096
NCD_BMI_18A,"Underweight among adults, BMI < 18.5 kg/m2 (age-standardized estimate) (%)",https://www.who.int/data/gho/data/indicators/indicator-details/GHO/prevalence-of-underweight-among-adults-bmi-18-%28age-standardized-estimate%29-%28-%29,2020,2020,2020,EMR,Eastern Mediterranean,ARE,United Arab Emirates,SEX,SEX_BTSX,Both sexes,2.8013229,2.8 [1.9-3.9],1.9173164,3.8786348
NCD_BMI_25C,"Overweight among adults, BMI ≥ 25 kg/m2 (crude estimate) (%)",https://www.who.int/data/gho/data/indicators/indicator-details/GHO/prevalence-of-overweight-among-adults-bmi-greaterequal-25-%28crude-estimate%29-%28-%29,2012,2012,2012,EMR,Eastern Mediterranean,ARE,United Arab Emirates,SEX,SEX_FMLE,Female,66.858453,66.9 [64.2-69.5],64.17771,69.50196
NUTRITION_ANAEMIA_REPRODUCTIVEAGE_PREV,Prevalence of anaemia in women of reproductive age (aged 15-49) (%),https://www.who.int/data/gho/data/indicators/indicator-details/GHO/prevalence-of-anaemia-in-women-of-reproductive-age-%28-%29,2007,2007,2007,EMR,Eastern Mediterranean,ARE,United Arab Emirates,SEX,SEX_FMLE,Female,29,29.0 [15.8-40.4],15.8,40.4
NCD_BMI_PLUS1C,"Overweight among children and adolescents, BMI-for-age > +1 standard deviations above the median (crude estimate) (%)",https://www.who.int/data/gho/data/indicators/indicator-details/GHO/prevalence-of-overweight-among-children-and-adolescents-bmi-1-standard-deviations-above-the-median-%28crude-estimate%29-%28-%29,1998,1998,1998,EMR,Eastern Mediterranean,ARE,United Arab Emirates,SEX,SEX_MLE,Male,31.491327,31.5 [25.5-37.6],25.548619,37.620088
NCD_BMI_MINUS2C,"Thinness among children and adolescents, BMI-for-age < -2 standard deviations below the median (%)",https://www.who.int/data/gho/data/indicators/indicator-details/GHO/prevalence-of-thinness-among-children-and-adolescents-bmi--2-standard-deviations-below-the-median-%28crude-estimate%29-%28-%29,2004,2004,2004,EMR,Eastern Mediterranean,ARE,United Arab Emirates,SEX,SEX_MLE,Male,5.102608,5.1 [3.5-7.0],3.5067577,7.0298366
NUTRITION_ANAEMIA_CHILDREN_NUM,Number of children aged 6-59 months with anaemia (thousands),https://www.who.int/data/gho/data/indicators/indicator-details/GHO/anaemia-in-children-under-5-years-number,2015,2015,2015,EMR,Eastern Mediterranean,ARE,United Arab Emirates,SEVERITY,SEVERITY_MILD,Mild,73.8,73.8 [34.4-129],34.4,129
NUTRITION_ANAEMIA_REPRODUCTIVEAGE_NUM,Number of women of reproductive age (aged 15-49 years) with anaemia (thousands),https://www.who.int/data/gho/data/indicators/indicator-details/GHO/anaemia-in-women-of-reproductive-age-number-%28in-thousands%29,2023,2023,2023,EMR,Eastern Mediterranean,ARE,United Arab Emirates,SEX,SEX_FMLE,Female,18.4,18.4 [8.7-27.5],8.7,27.5
NCD_BMI_30C,"Obesity among adults, BMI ≥ 30 kg/m2 (crude estimate) (%)",https://www.who.int/data/gho/data/indicators/indicator-details/GHO/prevalence-of-obesity-among-adults-bmi--30-%28crude-estimate%29-%28-%29,2000,2000,2000,EMR,Eastern Mediterranean,ARE,United Arab Emirates,SEX,SEX_BTSX,Both sexes,24.468091,24.5 [22.2-26.9],22.163796,26.891696
NCD_BMI_PLUS2C,"Obesity among children and adolescents, BMI-for-age > +2 standard deviations above the median (crude estimate) (%)",https://www.who.int/data/gho/data/indicators/indicator-details/GHO/prevalence-of-obesity-among-children-and-adolescents-bmi-2-standard-deviations-above-the-median-%28crude-estimate%29-%28-%29,2020,2020,2020,EMR,Eastern Mediterranean,ARE,United Arab Emirates,SEX,SEX_MLE,Male,23.131278,23.1 [16.7-29.9],16.732411,29.876366
NCD_BMI_PLUS1C,"Overweight among children and adolescents, BMI-for-age > +1 standard deviations above the median (crude estimate) (%)",https://www.who.int/data/gho/data/indicators/indicator-details/GHO/prevalence-of-overweight-among-children-and-adolescents-bmi-1-standard-deviations-above-the-median-%28crude-estimate%29-%28-%29,2021,2021,2021,EMR,Eastern Mediterranean,ARE,United Arab Emirates,SEX,SEX_FMLE,Female,39.396563,39.4 [29.2-49.4],29.16635,49.425167
NCD_BMI_25A,"Overweight among adults, BMI ≥ 25 kg/m2 (age-standardized estimate) (%)",https://www.who.int/data/gho/data/indicators/indicator-details/GHO/prevalence-of-overweight-among-adults-bmi--25-%28age-standardized-estimate%29-%28-%29,1993,1993,1993,EMR,Eastern Mediterranean,ARE,United Arab Emirates,SEX,SEX_FMLE,Female,62.3173,62.3 [57.8-66.7],57.75857,66.721088
NUTRITION_ANAEMIA_CHILDREN_NUM,Number of children aged 6-59 months with anaemia (thousands),https://www.who.int/data/gho/data/indicators/indicator-details/GHO/anaemia-in-children-under-5-years-number,2017,2017,2017,EMR,Eastern Mediterranean,ARE,United Arab Emirates,SEVERITY,SEVERITY_MODERATE,Moderate,24,24 [6.71-61.1],6.71,61.1
NCD_BMI_30A,"Obesity among adults, BMI ≥ 30 kg/m2 (age-standardized estimate) (%)",https://www.who.int/data/gho/data/indicators/indicator-details/GHO/prevalence-of-obesity-among-adults-bmi--30-%28age-standardized-estimate%29-%28-%29,1997,1997,1997,EMR,Eastern Mediterranean,ARE,United Arab Emirates,SEX,SEX_FMLE,Female,34.75861,34.8 [31.4-38.2],31.3761,38.159075
NCD_BMI_MINUS2C,"Thinness among children and adolescents, BMI-for-age < -2 standard deviations below the median (%)",https://www.who.int/data/gho/data/indicators/indicator-details/GHO/prevalence-of-thinness-among-children-and-adolescents-bmi--2-standard-deviations-below-the-median-%28crude-estimate%29-%28-%29,1990,1990,1990,EMR,Eastern Mediterranean,ARE,United Arab Emirates,SEX,SEX_BTSX,Both sexes,4.4258289,4.4 [2.0-8.1],2.0042151,8.1147492
NUTRITION_ANAEMIA_CHILDREN_NUM,Number of children aged 6-59 months with anaemia (thousands),https://www.who.int/data/gho/data/indicators/indicator-details/GHO/anaemia-in-children-under-5-years-number,2011,2011,2011,EMR,Eastern Mediterranean,ARE,United Arab Emirates,SEVERITY,SEVERITY_MODERATE,Moderate,23,23 [7.02-61],7.02,61
NUTRITION_ANAEMIA_REPRODUCTIVEAGE_PREV,Prevalence of anaemia in women of reproductive age (aged 15-49) (%),https://www.who.int/data/gho/data/indicators/indicator-details/GHO/prevalence-of-anaemia-in-women-of-reproductive-age-%28-%29,2008,2008,2008,EMR,Eastern Mediterranean,ARE,United Arab Emirates,SEX,SEX_FMLE,Female,28.9,28.9 [15.5-40.3],15.5,40.3
NCD_BMI_18C,"Underweight among adults, BMI < 18.5 kg/m2 (crude estimate) (%)",https://www.who.int/data/gho/data/indicators/indicator-details/GHO/prevalence-of-underweight-among-adults-bmi-18-%28crude-estimate%29-%28-%29,2016,2016,2016,EMR,Eastern Mediterranean,ARE,United Arab Emirates,SEX,SEX_MLE,Male,2.4701796,2.5 [1.5-3.7],1.5291009,3.6511399
NCD_BMI_25A,"Overweight among adults, BMI ≥ 25 kg/m2 (age-standardized estimate) (%)",https://www.who.int/data/gho/data/indicators/indicator-details/GHO/prevalence-of-overweight-among-adults-bmi--25-%28age-standardized-estimate%29-%28-%29,2003,2003,2003,EMR,Eastern Mediterranean,ARE,United Arab Emirates,SEX,SEX_BTSX,Both sexes,66.81307,66.8 [64.5-69.1],64.512819,69.104552
NCD_BMI_PLUS2C,"Obesity among children and adolescents, BMI-for-age > +2 standard deviations above the median (crude estimate) (%)",https://www.who.int/data/gho/data/indicators/indicator-details/GHO/prevalence-of-obesity-among-children-and-adolescents-bmi-2-standard-deviations-above-the-median-%28crude-estimate%29-%28-%29,1995,1995,1995,EMR,Eastern Mediterranean,ARE,United Arab Emirates,SEX,SEX_BTSX,Both sexes,9.6681133,9.7 [5.2-15.4],5.1726677,15.370312
NCD_BMI_PLUS2C,"Obesity among children and adolescents, BMI-for-age > +2 standard deviations above the median (crude estimate) (%)",https://www.who.int/data/gho/data/indicators/indicator-details/GHO/prevalence-of-obesity-among-children-and-adolescents-bmi-2-standard-deviations-above-the-median-%28crude-estimate%29-%28-%29,2013,2013,2013,EMR,Eastern Mediterranean,ARE,United Arab Emirates,SEX,SEX_FMLE,Female,14.719369,14.7 [12.1-17.5],12.11496,17.538552
NUTRITION_ANAEMIA_REPRODUCTIVEAGE_NUM,Number of women of reproductive age (aged 15-49 years) with anaemia (thousands),https://www.who.int/data/gho/data/indicators/indicator-details/GHO/anaemia-in-women-of-reproductive-age-number-%28in-thousands%29,2011,2011,2011,EMR,Eastern Mediterranean,ARE,United Arab Emirates,SEX,SEX_FMLE,Female,448.4,448.4 [224.2-802.2],224.2,802.2
NCD_BMI_PLUS1C,"Overweight among children and adolescents, BMI-for-age > +1 standard deviations above the median (crude estimate) (%)",https://www.who.int/data/gho/data/indicators/indicator-details/GHO/prevalence-of-overweight-among-children-and-adolescents-bmi-1-standard-deviations-above-the-median-%28crude-estimate%29-%28-%29,1993,1993,1993,EMR,Eastern Mediterranean,ARE,United Arab Emirates,SEX,SEX_MLE,Male,28.418708,28.4 [21.1-36.0],21.070915,35.993871
NCD_BMI_PLUS2C,"Obesity among children and adolescents, BMI-for-age > +2 standard deviations above the median (crude estimate) (%)",https://www.who.int/data/gho/data/indicators/indicator-details/GHO/prevalence-of-obesity-among-children-and-adolescents-bmi-2-standard-deviations-above-the-median-%28crude-estimate%29-%28-%29,2004,2004,2004,EMR,Eastern Mediterranean,ARE,United Arab Emirates,SEX,SEX_BTSX,Both sexes,13.569488,13.6 [8.8-19.2],8.7710433,19.226147
NUTRITION_ANAEMIA_CHILDREN_NUM,Number of children aged 6-59 months with anaemia (thousands),https://www.who.int/data/gho/data/indicators/indicator-details/GHO/anaemia-in-children-under-5-years-number,2013,2013,2013,EMR,Eastern Mediterranean,ARE,United Arab Emirates,SEVERITY,SEVERITY_SEVERE,Severe,0.34,0.34 [0.03-1.4],0.03,1.4
NCD_BMI_PLUS2C,"Obesity among children and adolescents, BMI-for-age > +2 standard deviations above the median (crude estimate) (%)",https://www.who.int/data/gho/data/indicators/indicator-details/GHO/prevalence-of-obesity-among-children-and-adolescents-bmi-2-standard-deviations-above-the-median-%28crude-estimate%29-%28-%29,2022,2022,2022,EMR,Eastern Mediterranean,ARE,United Arab Emirates,SEX,SEX_BTSX,Both sexes,19.407158,19.4 [12.5-27.1],12.522092,27.050608
NCD_BMI_MINUS2C,"Thinness among children and adolescents, BMI-for-age < -2 standard deviations below the median (%)",https://www.who.int/data/gho/data/indicators/indicator-details/GHO/prevalence-of-thinness-among-children-and-adolescents-bmi--2-standard-deviations-below-the-median-%28crude-estimate%29-%28-%29,1991,1991,1991,EMR,Eastern Mediterranean,ARE,United Arab Emirates,SEX,SEX_MLE,Male,5.6512624,5.7 [2.8-9.7],2.8462231,9.6923284
NCD_BMI_PLUS2C,"Obesity among children and adolescents, BMI-for-age > +2 standard deviations above the median (crude estimate) (%)",https://www.who.int/data/gho/data/indicators/indicator-details/GHO/prevalence-of-obesity-among-children-and-adolescents-bmi-2-standard-deviations-above-the-median-%28crude-estimate%29-%28-%29,2005,2005,2005,EMR,Eastern Mediterranean,ARE,United Arab Emirates,SEX,SEX_BTSX,Both sexes,15.121081,15.1 [12.4-18.1],12.37535,18.149254
NCD_BMI_MINUS2C,"Thinness among children and adolescents, BMI-for-age < -2 standard deviations below the median (%)",https://www.who.int/data/gho/data/indicators/indicator-details/GHO/prevalence-of-thinness-among-children-and-adolescents-bmi--2-standard-deviations-below-the-median-%28crude-estimate%29-%28-%29,2003,2003,2003,EMR,Eastern Mediterranean,ARE,United Arab Emirates,SEX,SEX_MLE,Male,5.2020792,5.2 [3.5-7.2],3.536633,7.2154075
NCD_BMI_MINUS2C,"Thinness among children and adolescents, BMI-for-age < -2 standard deviations below the median (%)",https://www.who.int/data/gho/data/indicators/indicator-details/GHO/prevalence-of-thinness-among-children-and-adolescents-bmi--2-standard-deviations-below-the-median-%28crude-estimate%29-%28-%29,2016,2016,2016,EMR,Eastern Mediterranean,ARE,United Arab Emirates,SEX,SEX_MLE,Male,3.1936418,3.2 [1.2-6.6],1.1771665,6.6470981
NCD_BMI_18C,"Underweight among adults, BMI < 18.5 kg/m2 (crude estimate) (%)",https://www.who.int/data/gho/data/indicators/indicator-details/GHO/prevalence-of-underweight-among-adults-bmi-18-%28crude-estimate%29-%28-%29,1990,1990,1990,EMR,Eastern Mediterranean,ARE,United Arab Emirates,SEX,SEX_MLE,Male,4.7236644,4.7 [2.6-7.7],2.5642235,7.6579556
NCD_BMI_30C,"Obesity among adults, BMI ≥ 30 kg/m2 (crude estimate) (%)",https://www.who.int/data/gho/data/indicators/indicator-details/GHO/prevalence-of-obesity-among-adults-bmi--30-%28crude-estimate%29-%28-%29,1992,1992,1992,EMR,Eastern Mediterranean,ARE,United Arab Emirates,SEX,SEX_BTSX,Both sexes,18.988255,19.0 [16.3-22.1],16.277188,22.070046
NCD_BMI_18C,"Underweight among adults, BMI < 18.5 kg/m2 (crude estimate) (%)",https://www.who.int/data/gho/data/indicators/indicator-details/GHO/prevalence-of-underweight-among-adults-bmi-18-%28crude-estimate%29-%28-%29,2003,2003,2003,EMR,Eastern Mediterranean,ARE,United Arab Emirates,SEX,SEX_BTSX,Both sexes,3.1630643,3.2 [2.3-4.2],2.3000786,4.2181749
NUTRITION_ANAEMIA_CHILDREN_PREV,Prevalence of anaemia in children aged 6-59 months (%),https://www.who.int/data/gho/data/indicators/indicator-details/GHO/anaemia-in-non-pregnant-women-number-%28in-thousands%29,2000,2000,2000,EMR,Eastern Mediterranean,ARE,United Arab Emirates,SEVERITY,SEVERITY_MILD,Mild,13.8,13.8 [6.5-25.6],6.5,25.6
NUTRITION_ANAEMIA_CHILDREN_NUM,Number of children aged 6-59 months with anaemia (thousands),https://www.who.int/data/gho/data/indicators/indicator-details/GHO/anaemia-in-children-under-5-years-number,2010,2010,2010,EMR,Eastern Mediterranean,ARE,United Arab Emirates,SEVERITY,SEVERITY_MODERATE,Moderate,21.5,21.5 [6.52-57.4],6.52,57.4
NCD_BMI_PLUS2C,"Obesity among children and adolescents, BMI-for-age > +2 standard deviations above the median (crude estimate) (%)",https://www.who.int/data/gho/data/indicators/indicator-details/GHO/prevalence-of-obesity-among-children-and-adolescents-bmi-2-standard-deviations-above-the-median-%28crude-estimate%29-%28-%29,2014,2014,2014,EMR,Eastern Mediterranean,ARE,United Arab Emirates,SEX,SEX_BTSX,Both sexes,18.652512,18.7 [16.5-20.8],16.520716,20.822486
NCD_BMI_PLUS2C,"Obesity among children and adolescents, BMI-for-age > +2 standard deviations above the median (crude estimate) (%)",https://www.who.int/data/gho/data/indicators/indicator-details/GHO/prevalence-of-obesity-among-children-and-adolescents-bmi-2-standard-deviations-above-the-median-%28crude-estimate%29-%28-%29,2014,2014,2014,EMR,Eastern Mediterranean,ARE,United Arab Emirates,SEX,SEX_FMLE,Female,14.774022,14.8 [11.1-19.1],11.094353,19.0809
NCD_BMI_PLUS2C,"Obesity among children and adolescents, BMI-for-age > +2 standard deviations above the median (crude estimate) (%)",https://www.who.int/data/gho/data/indicators/indicator-details/GHO/prevalence-of-obesity-among-children-and-adolescents-bmi-2-standard-deviations-above-the-median-%28crude-estimate%29-%28-%29,2022,2022,2022,EMR,Eastern Mediterranean,ARE,United Arab Emirates,SEX,SEX_MLE,Male,23.873575,23.9 [16.3-31.7],16.278687,31.676382
NCD_BMI_30C,"Obesity among adults, BMI ≥ 30 kg/m2 (crude estimate) (%)",https://www.who.int/data/gho/data/indicators/indicator-details/GHO/prevalence-of-obesity-among-adults-bmi--30-%28crude-estimate%29-%28-%29,1992,1992,1992,EMR,Eastern Mediterranean,ARE,United Arab Emirates,SEX,SEX_FMLE,Female,28.455025,28.5 [24.2-32.9],24.246627,32.852861
NCD_BMI_MINUS2C,"Thinness among children and adolescents, BMI-for-age < -2 standard deviations below the median (%)",https://www.who.int/data/gho/data/indicators/indicator-details/GHO/prevalence-of-thinness-among-children-and-adolescents-bmi--2-standard-deviations-below-the-median-%28crude-estimate%29-%28-%29,2012,2012,2012,EMR,Eastern Mediterranean,ARE,United Arab Emirates,SEX,SEX_FMLE,Female,2.9767731,3.0 [1.9-4.6],1.8700847,4.6168119
NCD_BMI_PLUS1C,"Overweight among children and adolescents, BMI-for-age > +1 standard deviations above the median (crude estimate) (%)",https://www.who.int/data/gho/data/indicators/indicator-details/GHO/prevalence-of-overweight-among-children-and-adolescents-bmi-1-standard-deviations-above-the-median-%28crude-estimate%29-%28-%29,2011,2011,2011,EMR,Eastern Mediterranean,ARE,United Arab Emirates,SEX,SEX_MLE,Male,43.442529,43.4 [40.3-46.5],40.308756,46.544233
NCD_BMI_PLUS1C,"Overweight among children and adolescents, BMI-for-age > +1 standard deviations above the median (crude estimate) (%)",https://www.who.int/data/gho/data/indicators/indicator-details/GHO/prevalence-of-overweight-among-children-and-adolescents-bmi-1-standard-deviations-above-the-median-%28crude-estimate%29-%28-%29,2021,2021,2021,EMR,Eastern Mediterranean,ARE,United Arab Emirates,SEX,SEX_FMLE,Female,39.751673,39.8 [32.8-46.6],32.810268,46.632165
NCD_BMI_PLUS2C,"Obesity among children and adolescents, BMI-for-age > +2 standard deviations above the median (crude estimate) (%)",https://www.who.int/data/gho/data/indicators/indicator-details/GHO/prevalence-of-obesity-among-children-and-adolescents-bmi-2-standard-deviations-above-the-median-%28crude-estimate%29-%28-%29,1994,1994,1994,EMR,Eastern Mediterranean,ARE,United Arab Emirates,SEX,SEX_FMLE,Female,8.4063463,8.4 [3.3-16.3],3.3314362,16.251814
NCD_BMI_PLUS1C,"Overweight among children and adolescents, BMI-for-age > +1 standard deviations above the median (crude estimate) (%)",https://www.who.int/data/gho/data/indicators/indicator-details/GHO/prevalence-of-overweight-among-children-and-adolescents-bmi-1-standard-deviations-above-the-median-%28crude-estimate%29-%28-%29,1993,1993,1993,EMR,Eastern Mediterranean,ARE,United Arab Emirates,SEX,SEX_FMLE,Female,26.071697,26.1 [19.8-32.7],19.83718,32.665542
NUTRITION_ANAEMIA_CHILDREN_PREV,Prevalence of anaemia in children aged 6-59 months (%),https://www.who.int/data/gho/data/indicators/indicator-details/GHO/anaemia-in-non-pregnant-women-number-%28in-thousands%29,2013,2013,2013,EMR,Eastern Mediterranean,ARE,United Arab Emirates,SEX,SEX_BTSX,Both sexes,19.4,19.4 [8.9-34.8],8.9,34.8
NCD_BMI_30C,"Obesity among adults, BMI ≥ 30 kg/m2 (crude estimate) (%)",https://www.who.int/data/gho/data/indicators/indicator-details/GHO/prevalence-of-obesity-among-adults-bmi--30-%28crude-estimate%29-%28-%29,2016,2016,2016,EMR,Eastern Mediterranean,ARE,United Arab Emirates,SEX,SEX_FMLE,Female,36.010313,36.0 [32.8-39.3],32.842883,39.26588
NCD_BMI_PLUS1C,"Overweight among children and adolescents, BMI-for-age > +1 standard deviations above the median (crude estimate) (%)",https://www.who.int/data/gho/data/indicators/indicator-details/GHO/prevalence-of-overweight-among-children-and-adolescents-bmi-1-standard-deviations-above-the-median-%28crude-estimate%29-%28-%29,2013,2013,2013,EMR,Eastern Mediterranean,ARE,United Arab Emirates,SEX,SEX_FMLE,Female,36.591101,36.6 [33.5-39.8],33.477145,39.799324
NCD_BMI_30A,"Obesity among adults, BMI ≥ 30 kg/m2 (age-standardized estimate) (%)",https://www.who.int/data/gho/data/indicators/indicator-details/GHO/prevalence-of-obesity-among-adults-bmi--30-%28age-standardized-estimate%29-%28-%29,2018,2018,2018,EMR,Eastern Mediterranean,ARE,United Arab Emirates,SEX,SEX_BTSX,Both sexes,31.999642,32.0 [29.3-34.8],29.273459,34.79948
NCD_BMI_PLUS2C,"Obesity among children and adolescents, BMI-for-age > +2 standard deviations above the median (crude estimate) (%)",https://www.who.int/data/gho/data/indicators/indicator-details/GHO/prevalence-of-obesity-among-children-and-adolescents-bmi-2-standard-deviations-above-the-median-%28crude-estimate%29-%28-%29,1992,1992,1992,EMR,Eastern Mediterranean,ARE,United Arab Emirates,SEX,SEX_MLE,Male,9.9639848,10.0 [4.7-16.8],4.6620551,16.782489
NCD_BMI_PLUS2C,"Obesity among children and adolescents, BMI-for-age > +2 standard deviations above the median (crude estimate) (%)",https://www.who.int/data/gho/data/indicators/indicator-details/GHO/prevalence-of-obesity-among-children-and-adolescents-bmi-2-standard-deviations-above-the-median-%28crude-estimate%29-%28-%29,2020,2020,2020,EMR,Eastern Mediterranean,ARE,United Arab Emirates,SEX,SEX_MLE,Male,24.117313,24.1 [18.7-29.6],18.668802,29.648
NCD_BMI_18C,"Underweight among adults, BMI < 18.5 kg/m2 (crude estimate) (%)",https://www.who.int/data/gho/data/indicators/indicator-details/GHO/prevalence-of-underweight-among-adults-bmi-18-%28crude-estimate%29-%28-%29,1998,1998,1998,EMR,Eastern Mediterranean,ARE,United Arab Emirates,SEX,SEX_FMLE,Female,3.2096535,3.2 [2.1-4.6],2.1414641,4.5717519
NCD_BMI_MINUS2C,"Thinness among children and adolescents, BMI-for-age < -2 standard deviations below the median (%)",https://www.who.int/data/gho/data/indicators/indicator-details/GHO/prevalence-of-thinness-among-children-and-adolescents-bmi--2-standard-deviations-below-the-median-%28crude-estimate%29-%28-%29,2002,2002,2002,EMR,Eastern Mediterranean,ARE,United Arab Emirates,SEX,SEX_FMLE,Female,3.200011,3.2 [1.8-5.2],1.8488979,5.1782127
NCD_BMI_30A,"Obesity among adults, BMI ≥ 30 kg/m2 (age-standardized estimate) (%)",https://www.who.int/data/gho/data/indicators/indicator-details/GHO/prevalence-of-obesity-among-adults-bmi--30-%28age-standardized-estimate%29-%28-%29,2019,2019,2019,EMR,Eastern Mediterranean,ARE,United Arab Emirates,SEX,SEX_MLE,Male,28.143847,28.1 [24.3-32.3],24.299493,32.278651
NCD_BMI_MINUS2C,"Thinness among children and adolescents, BMI-for-age < -2 standard deviations below the median (%)",https://www.who.int/data/gho/data/indicators/indicator-details/GHO/prevalence-of-thinness-among-children-and-adolescents-bmi--2-standard-deviations-below-the-median-%28crude-estimate%29-%28-%29,1999,1999,1999,EMR,Eastern Mediterranean,ARE,United Arab Emirates,SEX,SEX_BTSX,Both sexes,3.5800532,3.6 [1.8-6.3],1.7802596,6.2941499
NCD_BMI_PLUS1C,"Overweight among children and adolescents, BMI-for-age > +1 standard deviations above the median (crude estimate) (%)",https://www.who.int/data/gho/data/indicators/indicator-details/GHO/prevalence-of-overweight-among-children-and-adolescents-bmi-1-standard-deviations-above-the-median-%28crude-estimate%29-%28-%29,2001,2001,2001,EMR,Eastern Mediterranean,ARE,United Arab Emirates,SEX,SEX_BTSX,Both sexes,33.357921,33.4 [29.8-37.0],29.836753,36.96135
NUTRITION_ANAEMIA_REPRODUCTIVEAGE_PREV,Prevalence of anaemia in women of reproductive age (aged 15-49) (%),https://www.who.int/data/gho/data/indicators/indicator-details/GHO/prevalence-of-anaemia-in-women-of-reproductive-age-%28-%29,2010,2010,2010,EMR,Eastern Mediterranean,ARE,United Arab Emirates,SEX,SEX_FMLE,Female,28.2,28.2 [14.3-50.6],14.3,50.6
NCD_BMI_30A,"Obesity among adults, BMI ≥ 30 kg/m2 (age-standardized estimate) (%)",https://www.who.int/data/gho/data/indicators/indicator-details/GHO/prevalence-of-obesity-among-adults-bmi--30-%28age-standardized-estimate%29-%28-%29,2013,2013,2013,EMR,Eastern Mediterranean,ARE,United Arab Emirates,SEX,SEX_FMLE,Female,39.14181,39.1 [36.2-42.1],36.181352,42.126673
NCD_BMI_25C,"Overweight among adults, BMI ≥ 25 kg/m2 (crude estimate) (%)",https://www.who.int/data/gho/data/indicators/indicator-details/GHO/prevalence-of-overweight-among-adults-bmi-greaterequal-25-%28crude-estimate%29-%28-%29,2010,2010,2010,EMR,Eastern Mediterranean,ARE,United Arab Emirates,SEX,SEX_BTSX,Both sexes,69.554812,69.6 [67.4-71.7],67.419499,71.708328
NUTRITION_ANAEMIA_CHILDREN_NUM,Number of children aged 6-59 months with anaemia (thousands),https://www.who.int/data/gho/data/indicators/indicator-details/GHO/anaemia-in-children-under-5-years-number,2003,2003,2003,EMR,Eastern Mediterranean,ARE,United Arab Emirates,SEVERITY,SEVERITY_TOTAL,Total,49,49 [22.1-92.4],22.1,92.4
NUTRITION_ANAEMIA_REPRODUCTIVEAGE_PREV,Prevalence of anaemia in women of reproductive age (aged 15-49) (%),https://www.who.int/data/gho/data/indicators/indicator-details/GHO/prevalence-of-anaemia-in-women-of-reproductive-age-%28-%29,2020,2020,2020,EMR,Eastern Mediterranean,ARE,United Arab Emirates,SEX,SEX_FMLE,Female,27.9,27.9 [12.7-50.8],12.7,50.8
NUTRITION_ANAEMIA_REPRODUCTIVEAGE_PREV,Prevalence of anaemia in women of reproductive age (aged 15-49) (%),https://www.who.int/data/gho/data/indicators/indicator-details/GHO/prevalence-of-anaemia-in-women-of-reproductive-age-%28-%29,2010,2010,2010,EMR,Eastern Mediterranean,ARE,United Arab Emirates,SEX,SEX_FMLE,Female,28.2,28.2 [13.9-51.1],13.9,51.1
NUTRITION_ANAEMIA_CHILDREN_PREV,Prevalence of anaemia in children aged 6-59 months (%),https://www.who.int/data/gho/data/indicators/indicator-details/GHO/anaemia-in-non-pregnant-women-number-%28in-thousands%29,2010,2010,2010,EMR,Eastern Mediterranean,ARE,United Arab Emirates,SEVERITY,SEVERITY_MILD,Mild,14.4,14.4 [7.0-25.0],7,25
NCD_BMI_PLUS2C,"Obesity among children and adolescents, BMI-for-age > +2 standard deviations above the median (crude estimate) (%)",https://www.who.int/data/gho/data/indicators/indicator-details/GHO/prevalence-of-obesity-among-children-and-adolescents-bmi-2-standard-deviations-above-the-median-%28crude-estimate%29-%28-%29,1992,1992,1992,EMR,Eastern Mediterranean,ARE,United Arab Emirates,SEX,SEX_BTSX,Both sexes,9.0696275,9.1 [5.4-13.5],5.4382343,13.51517
NCD_BMI_30C,"Obesity among adults, BMI ≥ 30 kg/m2 (crude estimate) (%)",https://www.who.int/data/gho/data/indicators/indicator-details/GHO/prevalence-of-obesity-among-adults-bmi--30-%28crude-estimate%29-%28-%29,2013,2013,2013,EMR,Eastern Mediterranean,ARE,United Arab Emirates,SEX,SEX_MLE,Male,28.094143,28.1 [25.1-31.2],25.092706,31.159613
NCD_BMI_PLUS1C,"Overweight among children and adolescents, BMI-for-age > +1 standard deviations above the median (crude estimate) (%)",https://www.who.int/data/gho/data/indicators/indicator-details/GHO/prevalence-of-overweight-among-children-and-adolescents-bmi-1-standard-deviations-above-the-median-%28crude-estimate%29-%28-%29,2016,2016,2016,EMR,Eastern Mediterranean,ARE,United Arab Emirates,SEX,SEX_FMLE,Female,37.825823,37.8 [32.9-42.9],32.852721,42.852151
NCD_BMI_MINUS2C,"Thinness among children and adolescents, BMI-for-age < -2 standard deviations below the median (%)",https://www.who.int/data/gho/data/indicators/indicator-details/GHO/prevalence-of-thinness-among-children-and-adolescents-bmi--2-standard-deviations-below-the-median-%28crude-estimate%29-%28-%29,2002,2002,2002,EMR,Eastern Mediterranean,ARE,United Arab Emirates,SEX,SEX_BTSX,Both sexes,4.4891872,4.5 [3.3-5.9],3.2906625,5.905778
NCD_BMI_18C,"Underweight among adults, BMI < 18.5 kg/m2 (crude estimate) (%)",https://www.who.int/data/gho/data/indicators/indicator-details/GHO/prevalence-of-underweight-among-adults-bmi-18-%28crude-estimate%29-%28-%29,1991,1991,1991,EMR,Eastern Mediterranean,ARE,United Arab Emirates,SEX,SEX_BTSX,Both sexes,4.3876182,4.4 [2.8-6.4],2.7757363,6.4351782
NCD_BMI_PLUS2C,"Obesity among children and adolescents, BMI-for-age > +2 standard deviations above the median (crude estimate) (%)",https://www.who.int/data/gho/data/indicators/indicator-details/GHO/prevalence-of-obesity-among-children-and-adolescents-bmi-2-standard-deviations-above-the-median-%28crude-estimate%29-%28-%29,1991,1991,1991,EMR,Eastern Mediterranean,ARE,United Arab Emirates,SEX,SEX_MLE,Male,8.5940547,8.6 [2.8-17.7],2.7681492,17.660034
NCD_BMI_PLUS2C,"Obesity among children and adolescents, BMI-for-age > +2 standard deviations above the median (crude estimate) (%)",https://www.who.int/data/gho/data/indicators/indicator-details/GHO/prevalence-of-obesity-among-children-and-adolescents-bmi-2-standard-deviations-above-the-median-%28crude-estimate%29-%28-%29,2018,2018,2018,EMR,Eastern Mediterranean,ARE,United Arab Emirates,SEX,SEX_MLE,Male,23.376736,23.4 [19.0-27.8],19.018319,27.805692
NCD_BMI_PLUS2C,"Obesity among children and adolescents, BMI-for-age > +2 standard deviations above the median (crude estimate) (%)",https://www.who.int/data/gho/data/indicators/indicator-details/GHO/prevalence-of-obesity-among-children-and-adolescents-bmi-2-standard-deviations-above-the-median-%28crude-estimate%29-%28-%29,2012,2012,2012,EMR,Eastern Mediterranean,ARE,United Arab Emirates,SEX,SEX_FMLE,Female,14.178757,14.2 [10.7-18.2],10.748895,18.195201
NUTRITION_ANAEMIA_CHILDREN_NUM,Number of children aged 6-59 months with anaemia (thousands),https://www.who.int/data/gho/data/indicators/indicator-details/GHO/anaemia-in-children-under-5-years-number,2014,2014,2014,EMR,Eastern Mediterranean,ARE,United Arab Emirates,SEVERITY,SEVERITY_SEVERE,Severe,0.34,0.34 [0.03-1.36],0.03,1.36
NCD_BMI_25C,"Overweight among adults, BMI ≥ 25 kg/m2 (crude estimate) (%)",https://www.who.int/data/gho/data/indicators/indicator-details/GHO/prevalence-of-overweight-among-adults-bmi-greaterequal-25-%28crude-estimate%29-%28-%29,1991,1991,1991,EMR,Eastern Mediterranean,ARE,United Arab Emirates,SEX,SEX_MLE,Male,54.078895,54.1 [48.6-59.5],48.589325,59.543365
NUTRITION_ANAEMIA_CHILDREN_NUM,Number of children aged 6-59 months with anaemia (thousands),https://www.who.int/data/gho/data/indicators/indicator-details/GHO/anaemia-in-children-under-5-years-number,2015,2015,2015,EMR,Eastern Mediterranean,ARE,United Arab Emirates,SEVERITY,SEVERITY_TOTAL,Total,97.6,97.6 [43-177],43,177
NCD_BMI_MINUS2C,"Thinness among children and adolescents, BMI-for-age < -2 standard deviations below the median (%)",https://www.who.int/data/gho/data/indicators/indicator-details/GHO/prevalence-of-thinness-among-children-and-adolescents-bmi--2-standard-deviations-below-the-median-%28crude-estimate%29-%28-%29,2005,2005,2005,EMR,Eastern Mediterranean,ARE,United Arab Emirates,SEX,SEX_FMLE,Female,3.1523511,3.2 [2.1-4.4],2.1438174,4.41221
NUTRITION_ANAEMIA_CHILDREN_NUM,Number of children aged 6-59 months with anaemia (thousands),https://www.who.int/data/gho/data/indicators/indicator-details/GHO/anaemia-in-children-under-5-years-number,2013,2013,2013,EMR,Eastern Mediterranean,ARE,United Arab Emirates,SEVERITY,SEVERITY_MILD,Mild,74,74 [35.7-127],35.7,127
NCD_BMI_30C,"Obesity among adults, BMI ≥ 30 kg/m2 (crude estimate) (%)",https://www.who.int/data/gho/data/indicators/indicator-details/GHO/prevalence-of-obesity-among-adults-bmi--30-%28crude-estimate%29-%28-%29,2014,2014,2014,EMR,Eastern Mediterranean,ARE,United Arab Emirates,SEX,SEX_MLE,Male,28.257352,28.3 [25.2-31.4],25.168291,31.405526
NCD_BMI_30C,"Obesity among adults, BMI ≥ 30 kg/m2 (crude estimate) (%)",https://www.who.int/data/gho/data/indicators/indicator-details/GHO/prevalence-of-obesity-among-adults-bmi--30-%28crude-estimate%29-%28-%29,2018,2018,2018,EMR,Eastern Mediterranean,ARE,United Arab Emirates,SEX,SEX_BTSX,Both sexes,30.781877,30.8 [28.0-33.7],28.030208,33.673084
NCD_BMI_25C,"Overweight among adults, BMI ≥ 25 kg/m2 (crude estimate) (%)",https://www.who.int/data/gho/data/indicators/indicator-details/GHO/prevalence-of-overweight-among-adults-bmi-greaterequal-25-%28crude-estimate%29-%28-%29,2022,2022,2022,EMR,Eastern Mediterranean,ARE,United Arab Emirates,SEX,SEX_FMLE,Female,66.552144,66.6 [61.9-71.1],61.94275,71.14132
NCD_BMI_25C,"Overweight among adults, BMI ≥ 25 kg/m2 (crude estimate) (%)",https://www.who.int/data/gho/data/indicators/indicator-details/GHO/prevalence-of-overweight-among-adults-bmi-greaterequal-25-%28crude-estimate%29-%28-%29,2016,2016,2016,EMR,Eastern Mediterranean,ARE,United Arab Emirates,SEX,SEX_BTSX,Both sexes,70.420271,70.4 [68.1-72.7],68.077278,72.729826
NCD_BMI_PLUS1C,"Overweight among children and adolescents, BMI-for-age > +1 standard deviations above the median (crude estimate) (%)",https://www.who.int/data/gho/data/indicators/indicator-details/GHO/prevalence-of-overweight-among-children-and-adolescents-bmi-1-standard-deviations-above-the-median-%28crude-estimate%29-%28-%29,1997,1997,1997,EMR,Eastern Mediterranean,ARE,United Arab Emirates,SEX,SEX_FMLE,Female,28.087103,28.1 [19.8-37.2],19.772609,37.204719
NCD_BMI_PLUS1C,"Overweight among children and adolescents, BMI-for-age > +1 standard deviations above the median (crude estimate) (%)",https://www.who.int/data/gho/data/indicators/indicator-details/GHO/prevalence-of-overweight-among-children-and-adolescents-bmi-1-standard-deviations-above-the-median-%28crude-estimate%29-%28-%29,2020,2020,2020,EMR,Eastern Mediterranean,ARE,United Arab Emirates,SEX,SEX_BTSX,Both sexes,43.883684,43.9 [40.0-47.9],39.973915,47.860426
NCD_BMI_PLUS2C,"Obesity among children and adolescents, BMI-for-age > +2 standard deviations above the median (crude estimate) (%)",https://www.who.int/data/gho/data/indicators/indicator-details/GHO/prevalence-of-obesity-among-children-and-adolescents-bmi-2-standard-deviations-above-the-median-%28crude-estimate%29-%28-%29,2008,2008,2008,EMR,Eastern Mediterranean,ARE,United Arab Emirates,SEX,SEX_BTSX,Both sexes,16.864705,16.9 [14.9-18.9],14.858297,18.941572
NCD_BMI_PLUS2C,"Obesity among children and adolescents, BMI-for-age > +2 standard deviations above the median (crude estimate) (%)",https://www.who.int/data/gho/data/indicators/indicator-details/GHO/prevalence-of-obesity-among-children-and-adolescents-bmi-2-standard-deviations-above-the-median-%28crude-estimate%29-%28-%29,2000,2000,2000,EMR,Eastern Mediterranean,ARE,United Arab Emirates,SEX,SEX_MLE,Male,15.066287,15.1 [10.8-19.8],10.796782,19.837269
NUTRITION_ANAEMIA_CHILDREN_NUM,Number of children aged 6-59 months with anaemia (thousands),https://www.who.int/data/gho/data/indicators/indicator-details/GHO/anaemia-in-children-under-5-years-number,2008,2008,2008,EMR,Eastern Mediterranean,ARE,United Arab Emirates,SEVERITY,SEVERITY_MODERATE,Moderate,19.4,19.4 [5.74-53.6],5.74,53.6
NCD_BMI_MINUS2C,"Thinness among children and adolescents, BMI-for-age < -2 standard deviations below the median (%)",https://www.who.int/data/gho/data/indicators/indicator-details/GHO/prevalence-of-thinness-among-children-and-adolescents-bmi--2-standard-deviations-below-the-median-%28crude-estimate%29-%28-%29,2014,2014,2014,EMR,Eastern Mediterranean,ARE,United Arab Emirates,SEX,SEX_BTSX,Both sexes,3.02113,3.0 [1.6-5.2],1.580699,5.1687147
NCD_BMI_25A,"Overweight among adults, BMI ≥ 25 kg/m2 (age-standardized estimate) (%)",https://www.who.int/data/gho/data/indicators/indicator-details/GHO/prevalence-of-overweight-among-adults-bmi--25-%28age-standardized-estimate%29-%28-%29,2000,2000,2000,EMR,Eastern Mediterranean,ARE,United Arab Emirates,SEX,SEX_MLE,Male,64.171034,64.2 [60.9-67.5],60.907656,67.460692
NUTRITION_ANAEMIA_CHILDREN_NUM,Number of children aged 6-59 months with anaemia (thousands),https://www.who.int/data/gho/data/indicators/indicator-details/GHO/anaemia-in-children-under-5-years-number,2018,2018,2018,EMR,Eastern Mediterranean,ARE,United Arab Emirates,SEX,SEX_BTSX,Both sexes,100.677,101 [39-187],39,187
NCD_BMI_18A,"Underweight among adults, BMI < 18.5 kg/m2 (age-standardized estimate) (%)",https://www.who.int/data/gho/data/indicators/indicator-details/GHO/prevalence-of-underweight-among-adults-bmi-18-%28age-standardized-estimate%29-%28-%29,2006,2006,2006,EMR,Eastern Mediterranean,ARE,United Arab Emirates,SEX,SEX_BTSX,Both sexes,2.927535,2.9 [2.2-3.8],2.1763036,3.8376261
NUTRITION_ANAEMIA_CHILDREN_NUM,Number of children aged 6-59 months with anaemia (thousands),https://www.who.int/data/gho/data/indicators/indicator-details/GHO/anaemia-in-children-under-5-years-number,2012,2012,2012,EMR,Eastern Mediterranean,ARE,United Arab Emirates,SEVERITY,SEVERITY_TOTAL,Total,97.1,97.1 [44.1-174],44.1,174
NUTRITION_ANAEMIA_REPRODUCTIVEAGE_PREV,Prevalence of anaemia in women of reproductive age (aged 15-49) (%),https://www.who.int/data/gho/data/indicators/indicator-details/GHO/prevalence-of-anaemia-in-women-of-reproductive-age-%28-%29,2014,2014,2014,EMR,Eastern Mediterranean,ARE,United Arab Emirates,SEX,SEX_FMLE,Female,28.2,28.2 [13.9-50.2],13.9,50.2
NCD_BMI_MINUS2C,"Thinness among children and adolescents, BMI-for-age < -2 standard deviations below the median (%)",https://www.who.int/data/gho/data/indicators/indicator-details/GHO/prevalence-of-thinness-among-children-and-adolescents-bmi--2-standard-deviations-below-the-median-%28crude-estimate%29-%28-%29,2013,2013,2013,EMR,Eastern Mediterranean,ARE,United Arab Emirates,SEX,SEX_BTSX,Both sexes,3.5820566,3.6 [2.7-4.8],2.6793377,4.7605637
NCD_BMI_PLUS2C,"Obesity among children and adolescents, BMI-for-age > +2 standard deviations above the median (crude estimate) (%)",https://www.who.int/data/gho/data/indicators/indicator-details/GHO/prevalence-of-obesity-among-children-and-adolescents-bmi-2-standard-deviations-above-the-median-%28crude-estimate%29-%28-%29,1997,1997,1997,EMR,Eastern Mediterranean,ARE,United Arab Emirates,SEX,SEX_BTSX,Both sexes,11.432847,11.4 [8.1-15.1],8.0919333,15.147959
NUTRITION_ANAEMIA_CHILDREN_NUM,Number of children aged 6-59 months with anaemia (thousands),https://www.who.int/data/gho/data/indicators/indicator-details/GHO/anaemia-in-children-under-5-years-number,2016,2016,2016,EMR,Eastern Mediterranean,ARE,United Arab Emirates,SEVERITY,SEVERITY_MODERATE,Moderate,23.7,23.7 [6.79-60.3],6.79,60.3
NCD_BMI_30C,"Obesity among adults, BMI ≥ 30 kg/m2 (crude estimate) (%)",https://www.who.int/data/gho/data/indicators/indicator-details/GHO/prevalence-of-obesity-among-adults-bmi--30-%28crude-estimate%29-%28-%29,2003,2003,2003,EMR,Eastern Mediterranean,ARE,United Arab Emirates,SEX,SEX_MLE,Male,23.568176,23.6 [20.6-26.6],20.596078,26.622003
NCD_BMI_25C,"Overweight among adults, BMI ≥ 25 kg/m2 (crude estimate) (%)",https://www.who.int/data/gho/data/indicators/indicator-details/GHO/prevalence-of-overweight-among-adults-bmi-greaterequal-25-%28crude-estimate%29-%28-%29,2011,2011,2011,EMR,Eastern Mediterranean,ARE,United Arab Emirates,SEX,SEX_FMLE,Female,66.823137,66.8 [64.2-69.5],64.177382,69.458425
NCD_BMI_PLUS1C,"Overweight among children and adolescents, BMI-for-age > +1 standard deviations above the median (crude estimate) (%)",https://www.who.int/data/gho/data/indicators/indicator-details/GHO/prevalence-of-overweight-among-children-and-adolescents-bmi-1-standard-deviations-above-the-median-%28crude-estimate%29-%28-%29,2002,2002,2002,EMR,Eastern Mediterranean,ARE,United Arab Emirates,SEX,SEX_BTSX,Both sexes,33.397382,33.4 [29.9-36.9],29.902366,36.916393
NCD_BMI_25A,"Overweight among adults, BMI ≥ 25 kg/m2 (age-standardized estimate) (%)",https://www.who.int/data/gho/data/indicators/indicator-details/GHO/prevalence-of-overweight-among-adults-bmi--25-%28age-standardized-estimate%29-%28-%29,1991,1991,1991,EMR,Eastern Mediterranean,ARE,United Arab Emirates,SEX,SEX_MLE,Male,55.312389,55.3 [50.0-60.5],50.013727,60.50474
NCD_BMI_18A,"Underweight among adults, BMI < 18.5 kg/m2 (age-standardized estimate) (%)",https://www.who.int/data/gho/data/indicators/indicator-details/GHO/prevalence-of-underweight-among-adults-bmi-18-%28age-standardized-estimate%29-%28-%29,1994,1994,1994,EMR,Eastern Mediterranean,ARE,United Arab Emirates,SEX,SEX_MLE,Male,4.5065276,4.5 [2.8-6.7],2.7629606,6.7091227
NCD_BMI_30C,"Obesity among adults, BMI ≥ 30 kg/m2 (crude estimate) (%)",https://www.who.int/data/gho/data/indicators/indicator-details/GHO/prevalence-of-obesity-among-adults-bmi--30-%28crude-estimate%29-%28-%29,2010,2010,2010,EMR,Eastern Mediterranean,ARE,United Arab Emirates,SEX,SEX_MLE,Male,27.339363,27.3 [24.4-30.3],24.395336,30.283797
NCD_BMI_PLUS1C,"Overweight among children and adolescents, BMI-for-age > +1 standard deviations above the median (crude estimate) (%)",https://www.who.int/data/gho/data/indicators/indicator-details/GHO/prevalence-of-overweight-among-children-and-adolescents-bmi-1-standard-deviations-above-the-median-%28crude-estimate%29-%28-%29,1995,1995,1995,EMR,Eastern Mediterranean,ARE,United Arab Emirates,SEX,SEX_MLE,Male,30.200103,30.2 [23.5-37.1],23.509449,37.071764
NCD_BMI_25A,"Overweight among adults, BMI ≥ 25 kg/m2 (age-standardized estimate) (%)",https://www.who.int/data/gho/data/indicators/indicator-details/GHO/prevalence-of-overweight-among-adults-bmi--25-%28age-standardized-estimate%29-%28-%29,2008,2008,2008,EMR,Eastern Mediterranean,ARE,United Arab Emirates,SEX,SEX_FMLE,Female,68.623686,68.6 [66.1-71.1],66.062641,71.090722
NCD_BMI_30A,"Obesity among adults, BMI ≥ 30 kg/m2 (age-standardized estimate) (%)",https://www.who.int/data/gho/data/indicators/indicator-details/GHO/prevalence-of-obesity-among-adults-bmi--30-%28age-standardized-estimate%29-%28-%29,2004,2004,2004,EMR,Eastern Mediterranean,ARE,United Arab Emirates,SEX,SEX_FMLE,Female,37.870321,37.9 [34.9-40.8],34.94637,40.775955
NCD_BMI_18A,"Underweight among adults, BMI < 18.5 kg/m2 (age-standardized estimate) (%)",https://www.who.int/data/gho/data/indicators/indicator-details/GHO/prevalence-of-underweight-among-adults-bmi-18-%28age-standardized-estimate%29-%28-%29,2019,2019,2019,EMR,Eastern Mediterranean,ARE,United Arab Emirates,SEX,SEX_MLE,Male,2.8497869,2.8 [1.7-4.3],1.6829228,4.3425713
NUTRITION_ANAEMIA_REPRODUCTIVEAGE_PREV,Prevalence of anaemia in women of reproductive age (aged 15-49) (%),https://www.who.int/data/gho/data/indicators/indicator-details/GHO/prevalence-of-anaemia-in-women-of-reproductive-age-%28-%29,2009,2009,2009,EMR,Eastern Mediterranean,ARE,United Arab Emirates,SEX,SEX_FMLE,Female,28.4,28.4 [14.3-50.5],14.3,50.5
NUTRITION_ANAEMIA_REPRODUCTIVEAGE_NUM,Number of women of reproductive age (aged 15-49 years) with anaemia (thousands),https://www.who.int/data/gho/data/indicators/indicator-details/GHO/anaemia-in-women-of-reproductive-age-number-%28in-thousands%29,2006,2006,2006,EMR,Eastern Mediterranean,ARE,United Arab Emirates,SEX,SEX_FMLE,Female,277.1,277.1 [137.8-487.0],137.8,487
NUTRITION_ANAEMIA_CHILDREN_NUM,Number of children aged 6-59 months with anaemia (thousands),https://www.who.int/data/gho/data/indicators/indicator-details/GHO/anaemia-in-children-under-5-years-number,2008,2008,2008,EMR,Eastern Mediterranean,ARE,United Arab Emirates,SEVERITY,SEVERITY_SEVERE,Severe,0.33,0.33 [0.03-1.44],0.03,1.44
NCD_BMI_25A,"Overweight among adults, BMI ≥ 25 kg/m2 (age-standardized estimate) (%)",https://www.who.int/data/gho/data/indicators/indicator-details/GHO/prevalence-of-overweight-among-adults-bmi--25-%28age-standardized-estimate%29-%28-%29,2018,2018,2018,EMR,Eastern Mediterranean,ARE,United Arab Emirates,SEX,SEX_FMLE,Female,69.439286,69.4 [66.2-72.7],66.213048,72.6538
NCD_BMI_MINUS2C,"Thinness among children and adolescents, BMI-for-age < -2 standard deviations below the median (%)",https://www.who.int/data/gho/data/indicators/indicator-details/GHO/prevalence-of-thinness-among-children-and-adolescents-bmi--2-standard-deviations-below-the-median-%28crude-estimate%29-%28-%29,2015,2015,2015,EMR,Eastern Mediterranean,ARE,United Arab Emirates,SEX,SEX_BTSX,Both sexes,3.9105803,3.9 [3.1-4.9],3.0630132,4.8732679
NCD_BMI_30A,"Obesity among adults, BMI ≥ 30 kg/m2 (age-standardized estimate) (%)",https://www.who.int/data/gho/data/indicators/indicator-details/GHO/prevalence-of-obesity-among-adults-bmi--30-%28age-standardized-estimate%29-%28-%29,1994,1994,1994,EMR,Eastern Mediterranean,ARE,United Arab Emirates,SEX,SEX_MLE,Male,17.194791,17.2 [14.1-20.7],14.100973,20.65559
NCD_BMI_18C,"Underweight among adults, BMI < 18.5 kg/m2 (crude estimate) (%)",https://www.who.int/data/gho/data/indicators/indicator-details/GHO/prevalence-of-underweight-among-adults-bmi-18-%28crude-estimate%29-%28-%29,2009,2009,2009,EMR,Eastern Mediterranean,ARE,United Arab Emirates,SEX,SEX_MLE,Male,2.6221398,2.6 [1.7-3.7],1.7297687,3.7096385
NCD_BMI_PLUS2C,"Obesity among children and adolescents, BMI-for-age > +2 standard deviations above the median (crude estimate) (%)",https://www.who.int/data/gho/data/indicators/indicator-details/GHO/prevalence-of-obesity-among-children-and-adolescents-bmi-2-standard-deviations-above-the-median-%28crude-estimate%29-%28-%29,1995,1995,1995,EMR,Eastern Mediterranean,ARE,United Arab Emirates,SEX,SEX_MLE,Male,12.170785,12.2 [7.1-18.1],7.1456142,18.128042
NCD_BMI_MINUS2C,"Thinness among children and adolescents, BMI-for-age < -2 standard deviations below the median (%)",https://www.who.int/data/gho/data/indicators/indicator-details/GHO/prevalence-of-thinness-among-children-and-adolescents-bmi--2-standard-deviations-below-the-median-%28crude-estimate%29-%28-%29,2001,2001,2001,EMR,Eastern Mediterranean,ARE,United Arab Emirates,SEX,SEX_MLE,Male,5.3941973,5.4 [3.6-7.7],3.564579,7.7199697
NUTRITION_ANAEMIA_CHILDREN_NUM,Number of children aged 6-59 months with anaemia (thousands),https://www.who.int/data/gho/data/indicators/indicator-details/GHO/anaemia-in-children-under-5-years-number,2007,2007,2007,EMR,Eastern Mediterranean,ARE,United Arab Emirates,SEVERITY,SEVERITY_SEVERE,Severe,0.32,0.32 [0.03-1.39],0.03,1.39
NCD_BMI_MINUS2C,"Thinness among children and adolescents, BMI-for-age < -2 standard deviations below the median (%)",https://www.who.int/data/gho/data/indicators/indicator-details/GHO/prevalence-of-thinness-among-children-and-adolescents-bmi--2-standard-deviations-below-the-median-%28crude-estimate%29-%28-%29,2021,2021,2021,EMR,Eastern Mediterranean,ARE,United Arab Emirates,SEX,SEX_MLE,Male,3.3828974,3.4 [1.0-7.5],1.0386515,7.4611865
NCD_BMI_PLUS2C,"Obesity among children and adolescents, BMI-for-age > +2 standard deviations above the median (crude estimate) (%)",https://www.who.int/data/gho/data/indicators/indicator-details/GHO/prevalence-of-obesity-among-children-and-adolescents-bmi-2-standard-deviations-above-the-median-%28crude-estimate%29-%28-%29,2016,2016,2016,EMR,Eastern Mediterranean,ARE,United Arab Emirates,SEX,SEX_FMLE,Female,15.414363,15.4 [11.4-20.2],11.383386,20.15062
NCD_BMI_25C,"Overweight among adults, BMI ≥ 25 kg/m2 (crude estimate) (%)",https://www.who.int/data/gho/data/indicators/indicator-details/GHO/prevalence-of-overweight-among-adults-bmi-greaterequal-25-%28crude-estimate%29-%28-%29,1990,1990,1990,EMR,Eastern Mediterranean,ARE,United Arab Emirates,SEX,SEX_FMLE,Female,56.209809,56.2 [50.4-61.9],50.387418,61.852074
NCD_BMI_PLUS1C,"Overweight among children and adolescents, BMI-for-age > +1 standard deviations above the median (crude estimate) (%)",https://www.who.int/data/gho/data/indicators/indicator-details/GHO/prevalence-of-overweight-among-children-and-adolescents-bmi-1-standard-deviations-above-the-median-%28crude-estimate%29-%28-%29,2019,2019,2019,EMR,Eastern Mediterranean,ARE,United Arab Emirates,SEX,SEX_FMLE,Female,38.734707,38.7 [29.1-48.3],29.118001,48.324862
NCD_BMI_30A,"Obesity among adults, BMI ≥ 30 kg/m2 (age-standardized estimate) (%)",https://www.who.int/data/gho/data/indicators/indicator-details/GHO/prevalence-of-obesity-among-adults-bmi--30-%28age-standardized-estimate%29-%28-%29,2018,2018,2018,EMR,Eastern Mediterranean,ARE,United Arab Emirates,SEX,SEX_MLE,Male,28.20006,28.2 [24.6-32.0],24.594571,32.03696
NCD_BMI_25A,"Overweight among adults, BMI ≥ 25 kg/m2 (age-standardized estimate) (%)",https://www.who.int/data/gho/data/indicators/indicator-details/GHO/prevalence-of-overweight-among-adults-bmi--25-%28age-standardized-estimate%29-%28-%29,2013,2013,2013,EMR,Eastern Mediterranean,ARE,United Arab Emirates,SEX,SEX_BTSX,Both sexes,70.335484,70.3 [68.2-72.4],68.218905,72.404182
NUTRITION_ANAEMIA_CHILDREN_NUM,Number of children aged 6-59 months with anaemia (thousands),https://www.who.int/data/gho/data/indicators/indicator-details/GHO/anaemia-in-children-under-5-years-number,2019,2019,2019,EMR,Eastern Mediterranean,ARE,United Arab Emirates,SEVERITY,SEVERITY_SEVERE,Severe,0.42,0.42 [0.02-2.08],0.02,2.08
NCD_BMI_MINUS2C,"Thinness among children and adolescents, BMI-for-age < -2 standard deviations below the median (%)",https://www.who.int/data/gho/data/indicators/indicator-details/GHO/prevalence-of-thinness-among-children-and-adolescents-bmi--2-standard-deviations-below-the-median-%28crude-estimate%29-%28-%29,1995,1995,1995,EMR,Eastern Mediterranean,ARE,United Arab Emirates,SEX,SEX_FMLE,Female,3.8600959,3.9 [1.3-8.5],1.2988591,8.5163131
NCD_BMI_PLUS1C,"Overweight among children and adolescents, BMI-for-age > +1 standard deviations above the median (crude estimate) (%)",https://www.who.int/data/gho/data/indicators/indicator-details/GHO/prevalence-of-overweight-among-children-and-adolescents-bmi-1-standard-deviations-above-the-median-%28crude-estimate%29-%28-%29,2016,2016,2016,EMR,Eastern Mediterranean,ARE,United Arab Emirates,SEX,SEX_MLE,Male,46.000499,46.0 [42.2-49.8],42.19622,49.843451
NCD_BMI_PLUS2C,"Obesity among children and adolescents, BMI-for-age > +2 standard deviations above the median (crude estimate) (%)",https://www.who.int/data/gho/data/indicators/indicator-details/GHO/prevalence-of-obesity-among-children-and-adolescents-bmi-2-standard-deviations-above-the-median-%28crude-estimate%29-%28-%29,2009,2009,2009,EMR,Eastern Mediterranean,ARE,United Arab Emirates,SEX,SEX_MLE,Male,20.072383,20.1 [17.2-23.0],17.178418,23.004311
NCD_BMI_PLUS1C,"Overweight among children and adolescents, BMI-for-age > +1 standard deviations above the median (crude estimate) (%)",https://www.who.int/data/gho/data/indicators/indicator-details/GHO/prevalence-of-overweight-among-children-and-adolescents-bmi-1-standard-deviations-above-the-median-%28crude-estimate%29-%28-%29,1999,1999,1999,EMR,Eastern Mediterranean,ARE,United Arab Emirates,SEX,SEX_MLE,Male,29.552424,29.6 [21.0-39.2],21.008021,39.225325
NCD_BMI_PLUS1C,"Overweight among children and adolescents, BMI-for-age > +1 standard deviations above the median (crude estimate) (%)",https://www.who.int/data/gho/data/indicators/indicator-details/GHO/prevalence-of-overweight-among-children-and-adolescents-bmi-1-standard-deviations-above-the-median-%28crude-estimate%29-%28-%29,2012,2012,2012,EMR,Eastern Mediterranean,ARE,United Arab Emirates,SEX,SEX_BTSX,Both sexes,37.449047,37.4 [31.3-43.7],31.314617,43.672678
NCD_BMI_18C,"Underweight among adults, BMI < 18.5 kg/m2 (crude estimate) (%)",https://www.who.int/data/gho/data/indicators/indicator-details/GHO/prevalence-of-underweight-among-adults-bmi-18-%28crude-estimate%29-%28-%29,2000,2000,2000,EMR,Eastern Mediterranean,ARE,United Arab Emirates,SEX,SEX_BTSX,Both sexes,3.4989949,3.5 [2.5-4.8],2.4972402,4.761922
NCD_BMI_MINUS2C,"Thinness among children and adolescents, BMI-for-age < -2 standard deviations below the median (%)",https://www.who.int/data/gho/data/indicators/indicator-details/GHO/prevalence-of-thinness-among-children-and-adolescents-bmi--2-standard-deviations-below-the-median-%28crude-estimate%29-%28-%29,1995,1995,1995,EMR,Eastern Mediterranean,ARE,United Arab Emirates,SEX,SEX_BTSX,Both sexes,3.9502863,4.0 [1.9-7.0],1.8977806,7.0001848
NCD_BMI_PLUS2C,"Obesity among children and adolescents, BMI-for-age > +2 standard deviations above the median (crude estimate) (%)",https://www.who.int/data/gho/data/indicators/indicator-details/GHO/prevalence-of-obesity-among-children-and-adolescents-bmi-2-standard-deviations-above-the-median-%28crude-estimate%29-%28-%29,1990,1990,1990,EMR,Eastern Mediterranean,ARE,United Arab Emirates,SEX,SEX_BTSX,Both sexes,8.6040929,8.6 [4.8-13.3],4.8252258,13.281502
NCD_BMI_MINUS2C,"Thinness among children and adolescents, BMI-for-age < -2 standard deviations below the median (%)",https://www.who.int/data/gho/data/indicators/indicator-details/GHO/prevalence-of-thinness-among-children-and-adolescents-bmi--2-standard-deviations-below-the-median-%28crude-estimate%29-%28-%29,2001,2001,2001,EMR,Eastern Mediterranean,ARE,United Arab Emirates,SEX,SEX_MLE,Male,4.9161758,4.9 [3.1-7.2],3.139158,7.226973
NCD_BMI_25C,"Overweight among adults, BMI ≥ 25 kg/m2 (crude estimate) (%)",https://www.who.int/data/gho/data/indicators/indicator-details/GHO/prevalence-of-overweight-among-adults-bmi-greaterequal-25-%28crude-estimate%29-%28-%29,1992,1992,1992,EMR,Eastern Mediterranean,ARE,United Arab Emirates,SEX,SEX_FMLE,Female,57.156026,57.2 [52.1-62.1],52.087682,62.134254
NCD_BMI_18C,"Underweight among adults, BMI < 18.5 kg/m2 (crude estimate) (%)",https://www.who.int/data/gho/data/indicators/indicator-details/GHO/prevalence-of-underweight-among-adults-bmi-18-%28crude-estimate%29-%28-%29,2004,2004,2004,EMR,Eastern Mediterranean,ARE,United Arab Emirates,SEX,SEX_BTSX,Both sexes,3.0190023,3.0 [2.2-4.0],2.2028781,4.021633
NUTRITION_ANAEMIA_REPRODUCTIVEAGE_NUM,Number of women of reproductive age (aged 15-49 years) with anaemia (thousands),https://www.who.int/data/gho/data/indicators/indicator-details/GHO/anaemia-in-women-of-reproductive-age-number-%28in-thousands%29,2010,2010,2010,EMR,Eastern Mediterranean,ARE,United Arab Emirates,SEX,SEX_FMLE,Female,13.8,13.8 [7.4-19.4],7.4,19.4
NCD_BMI_PLUS1C,"Overweight among children and adolescents, BMI-for-age > +1 standard deviations above the median (crude estimate) (%)",https://www.who.int/data/gho/data/indicators/indicator-details/GHO/prevalence-of-overweight-among-children-and-adolescents-bmi-1-standard-deviations-above-the-median-%28crude-estimate%29-%28-%29,2009,2009,2009,EMR,Eastern Mediterranean,ARE,United Arab Emirates,SEX,SEX_MLE,Male,40.483508,40.5 [36.1-44.9],36.070731,44.944149
NCD_BMI_PLUS2C,"Obesity among children and adolescents, BMI-for-age > +2 standard deviations above the median (crude estimate) (%)",https://www.who.int/data/gho/data/indicators/indicator-details/GHO/prevalence-of-obesity-among-children-and-adolescents-bmi-2-standard-deviations-above-the-median-%28crude-estimate%29-%28-%29,2012,2012,2012,EMR,Eastern Mediterranean,ARE,United Arab Emirates,SEX,SEX_FMLE,Female,14.425442,14.4 [11.9-17.1],11.914143,17.145184
NCD_BMI_25C,"Overweight among adults, BMI ≥ 25 kg/m2 (crude estimate) (%)",https://www.who.int/data/gho/data/indicators/indicator-details/GHO/prevalence-of-overweight-among-adults-bmi-greaterequal-25-%28crude-estimate%29-%28-%29,2014,2014,2014,EMR,Eastern Mediterranean,ARE,United Arab Emirates,SEX,SEX_MLE,Male,71.746963,71.7 [68.8-74.7],68.822014,74.650294
NCD_BMI_25C,"Overweight among adults, BMI ≥ 25 kg/m2 (crude estimate) (%)",https://www.who.int/data/gho/data/indicators/indicator-details/GHO/prevalence-of-overweight-among-adults-bmi-greaterequal-25-%28crude-estimate%29-%28-%29,2009,2009,2009,EMR,Eastern Mediterranean,ARE,United Arab Emirates,SEX,SEX_FMLE,Female,66.746134,66.7 [64.1-69.3],64.103895,69.317031
NCD_BMI_PLUS1C,"Overweight among children and adolescents, BMI-for-age > +1 standard deviations above the median (crude estimate) (%)",https://www.who.int/data/gho/data/indicators/indicator-details/GHO/prevalence-of-overweight-among-children-and-adolescents-bmi-1-standard-deviations-above-the-median-%28crude-estimate%29-%28-%29,1994,1994,1994,EMR,Eastern Mediterranean,ARE,United Arab Emirates,SEX,SEX_FMLE,Female,26.591289,26.6 [20.6-32.9],20.637242,32.853776
NCD_BMI_PLUS1C,"Overweight among children and adolescents, BMI-for-age > +1 standard deviations above the median (crude estimate) (%)",https://www.who.int/data/gho/data/indicators/indicator-details/GHO/prevalence-of-overweight-among-children-and-adolescents-bmi-1-standard-deviations-above-the-median-%28crude-estimate%29-%28-%29,2005,2005,2005,EMR,Eastern Mediterranean,ARE,United Arab Emirates,SEX,SEX_BTSX,Both sexes,36.607534,36.6 [33.9-39.3],33.878702,39.333811
NCD_BMI_25A,"Overweight among adults, BMI ≥ 25 kg/m2 (age-standardized estimate) (%)",https://www.who.int/data/gho/data/indicators/indicator-details/GHO/prevalence-of-overweight-among-adults-bmi--25-%28age-standardized-estimate%29-%28-%29,1997,1997,1997,EMR,Eastern Mediterranean,ARE,United Arab Emirates,SEX,SEX_BTSX,Both sexes,62.351686,62.4 [59.5-65.1],59.514034,65.149122
NCD_BMI_25C,"Overweight among adults, BMI ≥ 25 kg/m2 (crude estimate) (%)",https://www.who.int/data/gho/data/indicators/indicator-details/GHO/prevalence-of-overweight-among-adults-bmi-greaterequal-25-%28crude-estimate%29-%28-%29,1993,1993,1993,EMR,Eastern Mediterranean,ARE,United Arab Emirates,SEX,SEX_MLE,Male,56.635863,56.6 [51.8-61.5],51.771009,61.473542
NCD_BMI_30A,"Obesity among adults, BMI ≥ 30 kg/m2 (age-standardized estimate) (%)",https://www.who.int/data/gho/data/indicators/indicator-details/GHO/prevalence-of-obesity-among-adults-bmi--30-%28age-standardized-estimate%29-%28-%29,2002,2002,2002,EMR,Eastern Mediterranean,ARE,United Arab Emirates,SEX,SEX_MLE,Male,22.816703,22.8 [20.0-25.8],19.988053,25.78916
NCD_BMI_MINUS2C,"Thinness among children and adolescents, BMI-for-age < -2 standard deviations below the median (%)",https://www.who.int/data/gho/data/indicators/indicator-details/GHO/prevalence-of-thinness-among-children-and-adolescents-bmi--2-standard-deviations-below-the-median-%28crude-estimate%29-%28-%29,2010,2010,2010,EMR,Eastern Mediterranean,ARE,United Arab Emirates,SEX,SEX_BTSX,Both sexes,3.9886285,4.0 [3.2-4.9],3.1780455,4.8643243
NCD_BMI_PLUS2C,"Obesity among children and adolescents, BMI-for-age > +2 standard deviations above the median (crude estimate) (%)",https://www.who.int/data/gho/data/indicators/indicator-details/GHO/prevalence-of-obesity-among-children-and-adolescents-bmi-2-standard-deviations-above-the-median-%28crude-estimate%29-%28-%29,2012,2012,2012,EMR,Eastern Mediterranean,ARE,United Arab Emirates,SEX,SEX_BTSX,Both sexes,16.277753,16.3 [11.0-22.3],11.030909,22.318518
NCD_BMI_PLUS2C,"Obesity among children and adolescents, BMI-for-age > +2 standard deviations above the median (crude estimate) (%)",https://www.who.int/data/gho/data/indicators/indicator-details/GHO/prevalence-of-obesity-among-children-and-adolescents-bmi-2-standard-deviations-above-the-median-%28crude-estimate%29-%28-%29,1993,1993,1993,EMR,Eastern Mediterranean,ARE,United Arab Emirates,SEX,SEX_BTSX,Both sexes,9.4870873,9.5 [5.9-13.8],5.8918167,13.792576
NCD_BMI_PLUS1C,"Overweight among children and adolescents, BMI-for-age > +1 standard deviations above the median (crude estimate) (%)",https://www.who.int/data/gho/data/indicators/indicator-details/GHO/prevalence-of-overweight-among-children-and-adolescents-bmi-1-standard-deviations-above-the-median-%28crude-estimate%29-%28-%29,1990,1990,1990,EMR,Eastern Mediterranean,ARE,United Arab Emirates,SEX,SEX_MLE,Male,26.036423,26.0 [17.8-35.0],17.801288,34.955418
NCD_BMI_18A,"Underweight among adults, BMI < 18.5 kg/m2 (age-standardized estimate) (%)",https://www.who.int/data/gho/data/indicators/indicator-details/GHO/prevalence-of-underweight-among-adults-bmi-18-%28age-standardized-estimate%29-%28-%29,2015,2015,2015,EMR,Eastern Mediterranean,ARE,United Arab Emirates,SEX,SEX_FMLE,Female,2.5263768,2.5 [1.7-3.5],1.7401477,3.4738749
NCD_BMI_30A,"Obesity among adults, BMI ≥ 30 kg/m2 (age-standardized estimate) (%)",https://www.who.int/data/gho/data/indicators/indicator-details/GHO/prevalence-of-obesity-among-adults-bmi--30-%28age-standardized-estimate%29-%28-%29,1995,1995,1995,EMR,Eastern Mediterranean,ARE,United Arab Emirates,SEX,SEX_MLE,Male,17.894979,17.9 [14.9-21.2],14.907518,21.238206
NCD_BMI_MINUS2C,"Thinness among children and adolescents, BMI-for-age < -2 standard deviations below the median (%)",https://www.who.int/data/gho/data/indicators/indicator-details/GHO/prevalence-of-thinness-among-children-and-adolescents-bmi--2-standard-deviations-below-the-median-%28crude-estimate%29-%28-%29,2010,2010,2010,EMR,Eastern Mediterranean,ARE,United Arab Emirates,SEX,SEX_MLE,Male,4.1995265,4.2 [2.9-6.0],2.8788637,5.9903137
NUTRITION_ANAEMIA_CHILDREN_PREV,Prevalence of anaemia in children aged 6-59 months (%),https://www.who.int/data/gho/data/indicators/indicator-details/GHO/anaemia-in-non-pregnant-women-number-%28in-thousands%29,2019,2019,2019,EMR,Eastern Mediterranean,ARE,United Arab Emirates,SEVERITY,SEVERITY_TOTAL,Total,20.4,20.4 [7.6-38.1],7.6,38.1
NUTRITION_ANAEMIA_CHILDREN_PREV,Prevalence of anaemia in children aged 6-59 months (%),https://www.who.int/data/gho/data/indicators/indicator-details/GHO/anaemia-in-non-pregnant-women-number-%28in-thousands%29,2002,2002,2002,EMR,Eastern Mediterranean,ARE,United Arab Emirates,SEVERITY,SEVERITY_TOTAL,Total,19.1,19.1 [8.5-36.1],8.5,36.1
NCD_BMI_PLUS1C,"Overweight among children and adolescents, BMI-for-age > +1 standard deviations above the median (crude estimate) (%)",https://www.who.int/data/gho/data/indicators/indicator-details/GHO/prevalence-of-overweight-among-children-and-adolescents-bmi-1-standard-deviations-above-the-median-%28crude-estimate%29-%28-%29,1992,1992,1992,EMR,Eastern Mediterranean,ARE,United Arab Emirates,SEX,SEX_MLE,Male,24.114776,24.1 [14.8-34.8],14.76748,34.765747
NCD_BMI_PLUS1C,"Overweight among children and adolescents, BMI-for-age > +1 standard deviations above the median (crude estimate) (%)",https://www.who.int/data/gho/data/indicators/indicator-details/GHO/prevalence-of-overweight-among-children-and-adolescents-bmi-1-standard-deviations-above-the-median-%28crude-estimate%29-%28-%29,2014,2014,2014,EMR,Eastern Mediterranean,ARE,United Arab Emirates,SEX,SEX_FMLE,Female,37.070367,37.1 [33.8-40.4],33.800694,40.437236
NCD_BMI_18C,"Underweight among adults, BMI < 18.5 kg/m2 (crude estimate) (%)",https://www.who.int/data/gho/data/indicators/indicator-details/GHO/prevalence-of-underweight-among-adults-bmi-18-%28crude-estimate%29-%28-%29,2018,2018,2018,EMR,Eastern Mediterranean,ARE,United Arab Emirates,SEX,SEX_BTSX,Both sexes,2.5766222,2.6 [1.8-3.5],1.8176455,3.5127692
NCD_BMI_PLUS2C,"Obesity among children and adolescents, BMI-for-age > +2 standard deviations above the median (crude estimate) (%)",https://www.who.int/data/gho/data/indicators/indicator-details/GHO/prevalence-of-obesity-among-children-and-adolescents-bmi-2-standard-deviations-above-the-median-%28crude-estimate%29-%28-%29,2019,2019,2019,EMR,Eastern Mediterranean,ARE,United Arab Emirates,SEX,SEX_FMLE,Female,16.612376,16.6 [12.4-21.3],12.361401,21.344085
NUTRITION_ANAEMIA_REPRODUCTIVEAGE_NUM,Number of women of reproductive age (aged 15-49 years) with anaemia (thousands),https://www.who.int/data/gho/data/indicators/indicator-details/GHO/anaemia-in-women-of-reproductive-age-number-%28in-thousands%29,2006,2006,2006,EMR,Eastern Mediterranean,ARE,United Arab Emirates,SEX,SEX_FMLE,Female,11.1,11.1 [6.1-15.4],6.1,15.4
NCD_BMI_25A,"Overweight among adults, BMI ≥ 25 kg/m2 (age-standardized estimate) (%)",https://www.who.int/data/gho/data/indicators/indicator-details/GHO/prevalence-of-overweight-among-adults-bmi--25-%28age-standardized-estimate%29-%28-%29,2018,2018,2018,EMR,Eastern Mediterranean,ARE,United Arab Emirates,SEX,SEX_MLE,Male,71.313816,71.3 [67.9-74.7],67.89518,74.681389
NCD_BMI_25C,"Overweight among adults, BMI ≥ 25 kg/m2 (crude estimate) (%)",https://www.who.int/data/gho/data/indicators/indicator-details/GHO/prevalence-of-overweight-among-adults-bmi-greaterequal-25-%28crude-estimate%29-%28-%29,1999,1999,1999,EMR,Eastern Mediterranean,ARE,United Arab Emirates,SEX,SEX_FMLE,Female,61.417735,61.4 [58.3-64.6],58.252215,64.566648
NCD_BMI_MINUS2C,"Thinness among children and adolescents, BMI-for-age < -2 standard deviations below the median (%)",https://www.who.int/data/gho/data/indicators/indicator-details/GHO/prevalence-of-thinness-among-children-and-adolescents-bmi--2-standard-deviations-below-the-median-%28crude-estimate%29-%28-%29,2012,2012,2012,EMR,Eastern Mediterranean,ARE,United Arab Emirates,SEX,SEX_BTSX,Both sexes,3.029166,3.0 [1.6-5.2],1.5970236,5.1594414
NCD_BMI_25A,"Overweight among adults, BMI ≥ 25 kg/m2 (age-standardized estimate) (%)",https://www.who.int/data/gho/data/indicators/indicator-details/GHO/prevalence-of-overweight-among-adults-bmi--25-%28age-standardized-estimate%29-%28-%29,2017,2017,2017,EMR,Eastern Mediterranean,ARE,United Arab Emirates,SEX,SEX_FMLE,Female,69.447386,69.4 [66.4-72.4],66.387498,72.435689
NUTRITION_ANAEMIA_REPRODUCTIVEAGE_PREV,Prevalence of anaemia in women of reproductive age (aged 15-49) (%),https://www.who.int/data/gho/data/indicators/indicator-details/GHO/prevalence-of-anaemia-in-women-of-reproductive-age-%28-%29,2004,2004,2004,EMR,Eastern Mediterranean,ARE,United Arab Emirates,SEX,SEX_FMLE,Female,28.5,28.5 [13.9-50.2],13.9,50.2
NUTRITION_ANAEMIA_CHILDREN_PREV,Prevalence of anaemia in children aged 6-59 months (%),https://www.who.int/data/gho/data/indicators/indicator-details/GHO/anaemia-in-non-pregnant-women-number-%28in-thousands%29,2019,2019,2019,EMR,Eastern Mediterranean,ARE,United Arab Emirates,SEVERITY,SEVERITY_MODERATE,Moderate,5.1,5.1 [1.2-14.1],1.2,14.1
NCD_BMI_PLUS1C,"Overweight among children and adolescents, BMI-for-age > +1 standard deviations above the median (crude estimate) (%)",https://www.who.int/data/gho/data/indicators/indicator-details/GHO/prevalence-of-overweight-among-children-and-adolescents-bmi-1-standard-deviations-above-the-median-%28crude-estimate%29-%28-%29,2002,2002,2002,EMR,Eastern Mediterranean,ARE,United Arab Emirates,SEX,SEX_BTSX,Both sexes,34.151867,34.2 [30.9-37.5],30.855751,37.509313
NCD_BMI_MINUS2C,"Thinness among children and adolescents, BMI-for-age < -2 standard deviations below the median (%)",https://www.who.int/data/gho/data/indicators/indicator-details/GHO/prevalence-of-thinness-among-children-and-adolescents-bmi--2-standard-deviations-below-the-median-%28crude-estimate%29-%28-%29,1993,1993,1993,EMR,Eastern Mediterranean,ARE,United Arab Emirates,SEX,SEX_MLE,Male,4.1721646,4.2 [1.4-9.2],1.3545848,9.213765
NCD_BMI_25A,"Overweight among adults, BMI ≥ 25 kg/m2 (age-standardized estimate) (%)",https://www.who.int/data/gho/data/indicators/indicator-details/GHO/prevalence-of-overweight-among-adults-bmi--25-%28age-standardized-estimate%29-%28-%29,1994,1994,1994,EMR,Eastern Mediterranean,ARE,United Arab Emirates,SEX,SEX_MLE,Male,58.498597,58.5 [54.1-62.9],54.062825,62.891924
NCD_BMI_PLUS1C,"Overweight among children and adolescents, BMI-for-age > +1 standard deviations above the median (crude estimate) (%)",https://www.who.int/data/gho/data/indicators/indicator-details/GHO/prevalence-of-overweight-among-children-and-adolescents-bmi-1-standard-deviations-above-the-median-%28crude-estimate%29-%28-%29,2001,2001,2001,EMR,Eastern Mediterranean,ARE,United Arab Emirates,SEX,SEX_MLE,Male,35.191911,35.2 [30.3-40.1],30.30065,40.14838
NCD_BMI_18C,"Underweight among adults, BMI < 18.5 kg/m2 (crude estimate) (%)",https://www.who.int/data/gho/data/indicators/indicator-details/GHO/prevalence-of-underweight-among-adults-bmi-18-%28crude-estimate%29-%28-%29,1990,1990,1990,EMR,Eastern Mediterranean,ARE,United Arab Emirates,SEX,SEX_FMLE,Female,3.8281903,3.8 [2.1-6.3],2.0938102,6.3040003
NCD_BMI_MINUS2C,"Thinness among children and adolescents, BMI-for-age < -2 standard deviations below the median (%)",https://www.who.int/data/gho/data/indicators/indicator-details/GHO/prevalence-of-thinness-among-children-and-adolescents-bmi--2-standard-deviations-below-the-median-%28crude-estimate%29-%28-%29,2003,2003,2003,EMR,Eastern Mediterranean,ARE,United Arab Emirates,SEX,SEX_BTSX,Both sexes,3.2580975,3.3 [1.7-5.7],1.6691245,5.6506857
NCD_BMI_MINUS2C,"Thinness among children and adolescents, BMI-for-age < -2 standard deviations below the median (%)",https://www.who.int/data/gho/data/indicators/indicator-details/GHO/prevalence-of-thinness-among-children-and-adolescents-bmi--2-standard-deviations-below-the-median-%28crude-estimate%29-%28-%29,1993,1993,1993,EMR,Eastern Mediterranean,ARE,United Arab Emirates,SEX,SEX_MLE,Male,6.176953,6.2 [3.5-9.7],3.4721505,9.7263597
NCD_BMI_MINUS2C,"Thinness among children and adolescents, BMI-for-age < -2 standard deviations below the median (%)",https://www.who.int/data/gho/data/indicators/indicator-details/GHO/prevalence-of-thinness-among-children-and-adolescents-bmi--2-standard-deviations-below-the-median-%28crude-estimate%29-%28-%29,2016,2016,2016,EMR,Eastern Mediterranean,ARE,United Arab Emirates,SEX,SEX_FMLE,Female,2.9493766,2.9 [1.8-4.7],1.768974,4.6817355
NCD_BMI_PLUS2C,"Obesity among children and adolescents, BMI-for-age > +2 standard deviations above the median (crude estimate) (%)",https://www.who.int/data/gho/data/indicators/indicator-details/GHO/prevalence-of-obesity-among-children-and-adolescents-bmi-2-standard-deviations-above-the-median-%28crude-estimate%29-%28-%29,1991,1991,1991,EMR,Eastern Mediterranean,ARE,United Arab Emirates,SEX,SEX_FMLE,Female,7.6090768,7.6 [3.4-13.7],3.4423143,13.74294
NCD_BMI_30C,"Obesity among adults, BMI ≥ 30 kg/m2 (crude estimate) (%)",https://www.who.int/data/gho/data/indicators/indicator-details/GHO/prevalence-of-obesity-among-adults-bmi--30-%28crude-estimate%29-%28-%29,2018,2018,2018,EMR,Eastern Mediterranean,ARE,United Arab Emirates,SEX,SEX_FMLE,Female,35.682973,35.7 [32.1-39.2],32.132962,39.249423
NCD_BMI_18C,"Underweight among adults, BMI < 18.5 kg/m2 (crude estimate) (%)",https://www.who.int/data/gho/data/indicators/indicator-details/GHO/prevalence-of-underweight-among-adults-bmi-18-%28crude-estimate%29-%28-%29,2022,2022,2022,EMR,Eastern Mediterranean,ARE,United Arab Emirates,SEX,SEX_FMLE,Female,2.9523816,3.0 [1.7-4.6],1.7403899,4.5859467
NCD_BMI_25A,"Overweight among adults, BMI ≥ 25 kg/m2 (age-standardized estimate) (%)",https://www.who.int/data/gho/data/indicators/indicator-details/GHO/prevalence-of-overweight-among-adults-bmi--25-%28age-standardized-estimate%29-%28-%29,1992,1992,1992,EMR,Eastern Mediterranean,ARE,United Arab Emirates,SEX,SEX_MLE,Male,56.393379,56.4 [51.4-61.2],51.418138,61.241317
NCD_BMI_PLUS2C,"Obesity among children and adolescents, BMI-for-age > +2 standard deviations above the median (crude estimate) (%)",https://www.who.int/data/gho/data/indicators/indicator-details/GHO/prevalence-of-obesity-among-children-and-adolescents-bmi-2-standard-deviations-above-the-median-%28crude-estimate%29-%28-%29,1998,1998,1998,EMR,Eastern Mediterranean,ARE,United Arab Emirates,SEX,SEX_BTSX,Both sexes,12.386476,12.4 [9.3-15.9],9.2663676,15.913451
NCD_BMI_MINUS2C,"Thinness among children and adolescents, BMI-for-age < -2 standard deviations below the median (%)",https://www.who.int/data/gho/data/indicators/indicator-details/GHO/prevalence-of-thinness-among-children-and-adolescents-bmi--2-standard-deviations-below-the-median-%28crude-estimate%29-%28-%29,1996,1996,1996,EMR,Eastern Mediterranean,ARE,United Arab Emirates,SEX,SEX_BTSX,Both sexes,3.857778,3.9 [1.9-6.8],1.8670961,6.7951947
NCD_BMI_PLUS2C,"Obesity among children and adolescents, BMI-for-age > +2 standard deviations above the median (crude estimate) (%)",https://www.who.int/data/gho/data/indicators/indicator-details/GHO/prevalence-of-obesity-among-children-and-adolescents-bmi-2-standard-deviations-above-the-median-%28crude-estimate%29-%28-%29,2013,2013,2013,EMR,Eastern Mediterranean,ARE,United Arab Emirates,SEX,SEX_BTSX,Both sexes,18.32439,18.3 [16.3-20.4],16.309777,20.35946
NUTRITION_ANAEMIA_REPRODUCTIVEAGE_NUM,Number of women of reproductive age (aged 15-49 years) with anaemia (thousands),https://www.who.int/data/gho/data/indicators/indicator-details/GHO/anaemia-in-women-of-reproductive-age-number-%28in-thousands%29,2017,2017,2017,EMR,Eastern Mediterranean,ARE,United Arab Emirates,SEX,SEX_FMLE,Female,17.6,17.6 [9.3-24.8],9.3,24.8
NCD_BMI_PLUS2C,"Obesity among children and adolescents, BMI-for-age > +2 standard deviations above the median (crude estimate) (%)",https://www.who.int/data/gho/data/indicators/indicator-details/GHO/prevalence-of-obesity-among-children-and-adolescents-bmi-2-standard-deviations-above-the-median-%28crude-estimate%29-%28-%29,2001,2001,2001,EMR,Eastern Mediterranean,ARE,United Arab Emirates,SEX,SEX_BTSX,Both sexes,13.952528,14.0 [11.2-17.1],11.150077,17.06955
NCD_BMI_18A,"Underweight among adults, BMI < 18.5 kg/m2 (age-standardized estimate) (%)",https://www.who.int/data/gho/data/indicators/indicator-details/GHO/prevalence-of-underweight-among-adults-bmi-18-%28age-standardized-estimate%29-%28-%29,2005,2005,2005,EMR,Eastern Mediterranean,ARE,United Arab Emirates,SEX,SEX_BTSX,Both sexes,2.9850572,3.0 [2.2-3.9],2.2123329,3.9194684
NCD_BMI_25C,"Overweight among adults, BMI ≥ 25 kg/m2 (crude estimate) (%)",https://www.who.int/data/gho/data/indicators/indicator-details/GHO/prevalence-of-overweight-among-adults-bmi-greaterequal-25-%28crude-estimate%29-%28-%29,2015,2015,2015,EMR,Eastern Mediterranean,ARE,United Arab Emirates,SEX,SEX_BTSX,Both sexes,70.350266,70.4 [68.1-72.6],68.08762,72.579044
NCD_BMI_PLUS2C,"Obesity among children and adolescents, BMI-for-age > +2 standard deviations above the median (crude estimate) (%)",https://www.who.int/data/gho/data/indicators/indicator-details/GHO/prevalence-of-obesity-among-children-and-adolescents-bmi-2-standard-deviations-above-the-median-%28crude-estimate%29-%28-%29,2015,2015,2015,EMR,Eastern Mediterranean,ARE,United Arab Emirates,SEX,SEX_BTSX,Both sexes,17.192794,17.2 [11.7-23.4],11.678171,23.419489
NCD_BMI_25C,"Overweight among adults, BMI ≥ 25 kg/m2 (crude estimate) (%)",https://www.who.int/data/gho/data/indicators/indicator-details/GHO/prevalence-of-overweight-among-adults-bmi-greaterequal-25-%28crude-estimate%29-%28-%29,2014,2014,2014,EMR,Eastern Mediterranean,ARE,United Arab Emirates,SEX,SEX_BTSX,Both sexes,70.25097,70.3 [68.0-72.4],68.048048,72.434258
NCD_BMI_PLUS2C,"Obesity among children and adolescents, BMI-for-age > +2 standard deviations above the median (crude estimate) (%)",https://www.who.int/data/gho/data/indicators/indicator-details/GHO/prevalence-of-obesity-among-children-and-adolescents-bmi-2-standard-deviations-above-the-median-%28crude-estimate%29-%28-%29,1992,1992,1992,EMR,Eastern Mediterranean,ARE,United Arab Emirates,SEX,SEX_MLE,Male,10.490961,10.5 [5.2-17.3],5.2216694,17.274746
NCD_BMI_18C,"Underweight among adults, BMI < 18.5 kg/m2 (crude estimate) (%)",https://www.who.int/data/gho/data/indicators/indicator-details/GHO/prevalence-of-underweight-among-adults-bmi-18-%28crude-estimate%29-%28-%29,2021,2021,2021,EMR,Eastern Mediterranean,ARE,United Arab Emirates,SEX,SEX_MLE,Male,2.540089,2.5 [1.4-4.2],1.3588595,4.1556049
NCD_BMI_PLUS2C,"Obesity among children and adolescents, BMI-for-age > +2 standard deviations above the median (crude estimate) (%)",https://www.who.int/data/gho/data/indicators/indicator-details/GHO/prevalence-of-obesity-among-children-and-adolescents-bmi-2-standard-deviations-above-the-median-%28crude-estimate%29-%28-%29,1993,1993,1993,EMR,Eastern Mediterranean,ARE,United Arab Emirates,SEX,SEX_MLE,Male,10.475771,10.5 [5.2-17.1],5.2033238,17.129901
NCD_BMI_PLUS1C,"Overweight among children and adolescents, BMI-for-age > +1 standard deviations above the median (crude estimate) (%)",https://www.who.int/data/gho/data/indicators/indicator-details/GHO/prevalence-of-overweight-among-children-and-adolescents-bmi-1-standard-deviations-above-the-median-%28crude-estimate%29-%28-%29,2012,2012,2012,EMR,Eastern Mediterranean,ARE,United Arab Emirates,SEX,SEX_FMLE,Female,35.698676,35.7 [27.3-44.4],27.259678,44.414026
NCD_BMI_25C,"Overweight among adults, BMI ≥ 25 kg/m2 (crude estimate) (%)",https://www.who.int/data/gho/data/indicators/indicator-details/GHO/prevalence-of-overweight-among-adults-bmi-greaterequal-25-%28crude-estimate%29-%28-%29,2011,2011,2011,EMR,Eastern Mediterranean,ARE,United Arab Emirates,SEX,SEX_MLE,Male,71.060526,71.1 [68.3-73.9],68.251222,73.867542
NCD_BMI_18C,"Underweight among adults, BMI < 18.5 kg/m2 (crude estimate) (%)",https://www.who.int/data/gho/data/indicators/indicator-details/GHO/prevalence-of-underweight-among-adults-bmi-18-%28crude-estimate%29-%28-%29,1993,1993,1993,EMR,Eastern Mediterranean,ARE,United Arab Emirates,SEX,SEX_BTSX,Both sexes,4.0949978,4.1 [2.7-5.8],2.6969654,5.8445748
NCD_BMI_25C,"Overweight among adults, BMI ≥ 25 kg/m2 (crude estimate) (%)",https://www.who.int/data/gho/data/indicators/indicator-details/GHO/prevalence-of-overweight-among-adults-bmi-greaterequal-25-%28crude-estimate%29-%28-%29,2004,2004,2004,EMR,Eastern Mediterranean,ARE,United Arab Emirates,SEX,SEX_MLE,Male,66.898155,66.9 [63.9-69.9],63.862133,69.937056
NUTRITION_ANAEMIA_REPRODUCTIVEAGE_PREV,Prevalence of anaemia in women of reproductive age (aged 15-49) (%),https://www.who.int/data/gho/data/indicators/indicator-details/GHO/prevalence-of-anaemia-in-women-of-reproductive-age-%28-%29,2014,2014,2014,EMR,Eastern Mediterranean,ARE,United Arab Emirates,SEX,SEX_FMLE,Female,28.8,28.8 [15.3-40.6],15.3,40.6
NCD_BMI_30A,"Obesity among adults, BMI ≥ 30 kg/m2 (age-standardized estimate) (%)",https://www.who.int/data/gho/data/indicators/indicator-details/GHO/prevalence-of-obesity-among-adults-bmi--30-%28age-standardized-estimate%29-%28-%29,2016,2016,2016,EMR,Eastern Mediterranean,ARE,United Arab Emirates,SEX,SEX_MLE,Male,28.153744,28.2 [24.9-31.5],24.857862,31.527269
NCD_BMI_MINUS2C,"Thinness among children and adolescents, BMI-for-age < -2 standard deviations below the median (%)",https://www.who.int/data/gho/data/indicators/indicator-details/GHO/prevalence-of-thinness-among-children-and-adolescents-bmi--2-standard-deviations-below-the-median-%28crude-estimate%29-%28-%29,1991,1991,1991,EMR,Eastern Mediterranean,ARE,United Arab Emirates,SEX,SEX_BTSX,Both sexes,5.6632284,5.7 [3.6-8.3],3.5557333,8.304055
NCD_BMI_PLUS1C,"Overweight among children and adolescents, BMI-for-age > +1 standard deviations above the median (crude estimate) (%)",https://www.who.int/data/gho/data/indicators/indicator-details/GHO/prevalence-of-overweight-among-children-and-adolescents-bmi-1-standard-deviations-above-the-median-%28crude-estimate%29-%28-%29,2015,2015,2015,EMR,Eastern Mediterranean,ARE,United Arab Emirates,SEX,SEX_BTSX,Both sexes,38.826635,38.8 [32.5-45.3],32.532007,45.273611
NUTRITION_ANAEMIA_CHILDREN_NUM,Number of children aged 6-59 months with anaemia (thousands),https://www.who.int/data/gho/data/indicators/indicator-details/GHO/anaemia-in-children-under-5-years-number,2006,2006,2006,EMR,Eastern Mediterranean,ARE,United Arab Emirates,SEVERITY,SEVERITY_MILD,Mild,44,44 [21.5-78.4],21.5,78.4
NCD_BMI_18A,"Underweight among adults, BMI < 18.5 kg/m2 (age-standardized estimate) (%)",https://www.who.int/data/gho/data/indicators/indicator-details/GHO/prevalence-of-underweight-among-adults-bmi-18-%28age-standardized-estimate%29-%28-%29,1991,1991,1991,EMR,Eastern Mediterranean,ARE,United Arab Emirates,SEX,SEX_BTSX,Both sexes,4.4278625,4.4 [2.9-6.4],2.9085716,6.3972034
NCD_BMI_MINUS2C,"Thinness among children and adolescents, BMI-for-age < -2 standard deviations below the median (%)",https://www.who.int/data/gho/data/indicators/indicator-details/GHO/prevalence-of-thinness-among-children-and-adolescents-bmi--2-standard-deviations-below-the-median-%28crude-estimate%29-%28-%29,2011,2011,2011,EMR,Eastern Mediterranean,ARE,United Arab Emirates,SEX,SEX_FMLE,Female,2.9868281,3.0 [1.9-4.6],1.8776139,4.6390235
NCD_BMI_MINUS2C,"Thinness among children and adolescents, BMI-for-age < -2 standard deviations below the median (%)",https://www.who.int/data/gho/data/indicators/indicator-details/GHO/prevalence-of-thinness-among-children-and-adolescents-bmi--2-standard-deviations-below-the-median-%28crude-estimate%29-%28-%29,2019,2019,2019,EMR,Eastern Mediterranean,ARE,United Arab Emirates,SEX,SEX_BTSX,Both sexes,3.0740641,3.1 [1.5-5.5],1.5122016,5.4861173
NCD_BMI_25A,"Overweight among adults, BMI ≥ 25 kg/m2 (age-standardized estimate) (%)",https://www.who.int/data/gho/data/indicators/indicator-details/GHO/prevalence-of-overweight-among-adults-bmi--25-%28age-standardized-estimate%29-%28-%29,1990,1990,1990,EMR,Eastern Mediterranean,ARE,United Arab Emirates,SEX,SEX_BTSX,Both sexes,56.05039,56.1 [51.6-60.4],51.580852,60.365838
NUTRITION_ANAEMIA_CHILDREN_NUM,Number of children aged 6-59 months with anaemia (thousands),https://www.who.int/data/gho/data/indicators/indicator-details/GHO/anaemia-in-children-under-5-years-number,2013,2013,2013,EMR,Eastern Mediterranean,ARE,United Arab Emirates,SEVERITY,SEVERITY_MODERATE,Moderate,23.9,23.9 [7.51-63.2],7.51,63.2
NCD_BMI_18C,"Underweight among adults, BMI < 18.5 kg/m2 (crude estimate) (%)",https://www.who.int/data/gho/data/indicators/indicator-details/GHO/prevalence-of-underweight-among-adults-bmi-18-%28crude-estimate%29-%28-%29,2015,2015,2015,EMR,Eastern Mediterranean,ARE,United Arab Emirates,SEX,SEX_MLE,Male,2.4767874,2.5 [1.6-3.6],1.5575674,3.6244363
NCD_BMI_18A,"Underweight among adults, BMI < 18.5 kg/m2 (age-standardized estimate) (%)",https://www.who.int/data/gho/data/indicators/indicator-details/GHO/prevalence-of-underweight-among-adults-bmi-18-%28age-standardized-estimate%29-%28-%29,2003,2003,2003,EMR,Eastern Mediterranean,ARE,United Arab Emirates,SEX,SEX_FMLE,Female,2.4605947,2.5 [1.7-3.4],1.7361918,3.353174
NCD_BMI_18A,"Underweight among adults, BMI < 18.5 kg/m2 (age-standardized estimate) (%)",https://www.who.int/data/gho/data/indicators/indicator-details/GHO/prevalence-of-underweight-among-adults-bmi-18-%28age-standardized-estimate%29-%28-%29,1996,1996,1996,EMR,Eastern Mediterranean,ARE,United Arab Emirates,SEX,SEX_FMLE,Female,2.7986178,2.8 [1.8-4.1],1.8028883,4.0857263
NCD_BMI_MINUS2C,"Thinness among children and adolescents, BMI-for-age < -2 standard deviations below the median (%)",https://www.who.int/data/gho/data/indicators/indicator-details/GHO/prevalence-of-thinness-among-children-and-adolescents-bmi--2-standard-deviations-below-the-median-%28crude-estimate%29-%28-%29,2017,2017,2017,EMR,Eastern Mediterranean,ARE,United Arab Emirates,SEX,SEX_FMLE,Female,2.8532755,2.9 [1.0-6.0],1.0098994,6.0165428
NCD_BMI_30C,"Obesity among adults, BMI ≥ 30 kg/m2 (crude estimate) (%)",https://www.who.int/data/gho/data/indicators/indicator-details/GHO/prevalence-of-obesity-among-adults-bmi--30-%28crude-estimate%29-%28-%29,2016,2016,2016,EMR,Eastern Mediterranean,ARE,United Arab Emirates,SEX,SEX_BTSX,Both sexes,30.889049,30.9 [28.4-33.4],28.433803,33.431119
NCD_BMI_25A,"Overweight among adults, BMI ≥ 25 kg/m2 (age-standardized estimate) (%)",https://www.who.int/data/gho/data/indicators/indicator-details/GHO/prevalence-of-overweight-among-adults-bmi--25-%28age-standardized-estimate%29-%28-%29,2019,2019,2019,EMR,Eastern Mediterranean,ARE,United Arab Emirates,SEX,SEX_BTSX,Both sexes,70.647085,70.6 [67.9-73.3],67.934746,73.284966
NCD_BMI_30A,"Obesity among adults, BMI ≥ 30 kg/m2 (age-standardized estimate) (%)",https://www.who.int/data/gho/data/indicators/indicator-details/GHO/prevalence-of-obesity-among-adults-bmi--30-%28age-standardized-estimate%29-%28-%29,2005,2005,2005,EMR,Eastern Mediterranean,ARE,United Arab Emirates,SEX,SEX_FMLE,Female,38.121989,38.1 [35.3-41.0],35.255808,41.021442
NUTRITION_ANAEMIA_REPRODUCTIVEAGE_NUM,Number of women of reproductive age (aged 15-49 years) with anaemia (thousands),https://www.who.int/data/gho/data/indicators/indicator-details/GHO/anaemia-in-women-of-reproductive-age-number-%28in-thousands%29,2023,2023,2023,EMR,Eastern Mediterranean,ARE,United Arab Emirates,SEX,SEX_FMLE,Female,694.8,694.8 [262.1-1330.4],262.1,1330.4
NCD_BMI_PLUS2C,"Obesity among children and adolescents, BMI-for-age > +2 standard deviations above the median (crude estimate) (%)",https://www.who.int/data/gho/data/indicators/indicator-details/GHO/prevalence-of-obesity-among-children-and-adolescents-bmi-2-standard-deviations-above-the-median-%28crude-estimate%29-%28-%29,2017,2017,2017,EMR,Eastern Mediterranean,ARE,United Arab Emirates,SEX,SEX_BTSX,Both sexes,17.843631,17.8 [12.0-24.3],12.007439,24.325958
NCD_BMI_PLUS1C,"Overweight among children and adolescents, BMI-for-age > +1 standard deviations above the median (crude estimate) (%)",https://www.who.int/data/gho/data/indicators/indicator-details/GHO/prevalence-of-overweight-among-children-and-adolescents-bmi-1-standard-deviations-above-the-median-%28crude-estimate%29-%28-%29,2010,2010,2010,EMR,Eastern Mediterranean,ARE,United Arab Emirates,SEX,SEX_FMLE,Female,34.931669,34.9 [26.8-43.5],26.755658,43.464491
NCD_BMI_MINUS2C,"Thinness among children and adolescents, BMI-for-age < -2 standard deviations below the median (%)",https://www.who.int/data/gho/data/indicators/indicator-details/GHO/prevalence-of-thinness-among-children-and-adolescents-bmi--2-standard-deviations-below-the-median-%28crude-estimate%29-%28-%29,2001,2001,2001,EMR,Eastern Mediterranean,ARE,United Arab Emirates,SEX,SEX_FMLE,Female,3.2978181,3.3 [2.1-4.9],2.05543,4.8796885
NCD_BMI_30C,"Obesity among adults, BMI ≥ 30 kg/m2 (crude estimate) (%)",https://www.who.int/data/gho/data/indicators/indicator-details/GHO/prevalence-of-obesity-among-adults-bmi--30-%28crude-estimate%29-%28-%29,2002,2002,2002,EMR,Eastern Mediterranean,ARE,United Arab Emirates,SEX,SEX_BTSX,Both sexes,25.786439,25.8 [23.5-28.2],23.509458,28.166905
NUTRITION_ANAEMIA_CHILDREN_PREV,Prevalence of anaemia in children aged 6-59 months (%),https://www.who.int/data/gho/data/indicators/indicator-details/GHO/anaemia-in-non-pregnant-women-number-%28in-thousands%29,2003,2003,2003,EMR,Eastern Mediterranean,ARE,United Arab Emirates,SEVERITY,SEVERITY_MODERATE,Moderate,5.2,5.2 [1.5-14.1],1.5,14.1
NCD_BMI_MINUS2C,"Thinness among children and adolescents, BMI-for-age < -2 standard deviations below the median (%)",https://www.who.int/data/gho/data/indicators/indicator-details/GHO/prevalence-of-thinness-among-children-and-adolescents-bmi--2-standard-deviations-below-the-median-%28crude-estimate%29-%28-%29,1994,1994,1994,EMR,Eastern Mediterranean,ARE,United Arab Emirates,SEX,SEX_MLE,Male,6.0507111,6.1 [3.5-9.4],3.4875955,9.3515366
NCD_BMI_25C,"Overweight among adults, BMI ≥ 25 kg/m2 (crude estimate) (%)",https://www.who.int/data/gho/data/indicators/indicator-details/GHO/prevalence-of-overweight-among-adults-bmi-greaterequal-25-%28crude-estimate%29-%28-%29,1997,1997,1997,EMR,Eastern Mediterranean,ARE,United Arab Emirates,SEX,SEX_BTSX,Both sexes,60.985279,61.0 [58.0-64.0],58.012658,64.006227
NCD_BMI_PLUS1C,"Overweight among children and adolescents, BMI-for-age > +1 standard deviations above the median (crude estimate) (%)",https://www.who.int/data/gho/data/indicators/indicator-details/GHO/prevalence-of-overweight-among-children-and-adolescents-bmi-1-standard-deviations-above-the-median-%28crude-estimate%29-%28-%29,2004,2004,2004,EMR,Eastern Mediterranean,ARE,United Arab Emirates,SEX,SEX_BTSX,Both sexes,35.788873,35.8 [32.9-38.7],32.890639,38.695061
NUTRITION_ANAEMIA_REPRODUCTIVEAGE_PREV,Prevalence of anaemia in women of reproductive age (aged 15-49) (%),https://www.who.int/data/gho/data/indicators/indicator-details/GHO/prevalence-of-anaemia-in-women-of-reproductive-age-%28-%29,2012,2012,2012,EMR,Eastern Mediterranean,ARE,United Arab Emirates,SEX,SEX_FMLE,Female,28.3,28.3 [14.2-50.2],14.2,50.2
NCD_BMI_MINUS2C,"Thinness among children and adolescents, BMI-for-age < -2 standard deviations below the median (%)",https://www.who.int/data/gho/data/indicators/indicator-details/GHO/prevalence-of-thinness-among-children-and-adolescents-bmi--2-standard-deviations-below-the-median-%28crude-estimate%29-%28-%29,2005,2005,2005,EMR,Eastern Mediterranean,ARE,United Arab Emirates,SEX,SEX_MLE,Male,4.4304177,4.4 [2.9-6.4],2.9196652,6.4014316
NCD_BMI_PLUS1C,"Overweight among children and adolescents, BMI-for-age > +1 standard deviations above the median (crude estimate) (%)",https://www.who.int/data/gho/data/indicators/indicator-details/GHO/prevalence-of-overweight-among-children-and-adolescents-bmi-1-standard-deviations-above-the-median-%28crude-estimate%29-%28-%29,2008,2008,2008,EMR,Eastern Mediterranean,ARE,United Arab Emirates,SEX,SEX_MLE,Male,36.869273,36.9 [28.4-45.9],28.38994,45.897323
NCD_BMI_MINUS2C,"Thinness among children and adolescents, BMI-for-age < -2 standard deviations below the median (%)",https://www.who.int/data/gho/data/indicators/indicator-details/GHO/prevalence-of-thinness-among-children-and-adolescents-bmi--2-standard-deviations-below-the-median-%28crude-estimate%29-%28-%29,2021,2021,2021,EMR,Eastern Mediterranean,ARE,United Arab Emirates,SEX,SEX_BTSX,Both sexes,3.7148308,3.7 [2.3-5.5],2.3383716,5.5447724
NCD_BMI_PLUS2C,"Obesity among children and adolescents, BMI-for-age > +2 standard deviations above the median (crude estimate) (%)",https://www.who.int/data/gho/data/indicators/indicator-details/GHO/prevalence-of-obesity-among-children-and-adolescents-bmi-2-standard-deviations-above-the-median-%28crude-estimate%29-%28-%29,2005,2005,2005,EMR,Eastern Mediterranean,ARE,United Arab Emirates,SEX,SEX_MLE,Male,18.065314,18.1 [14.7-21.6],14.69283,21.621561
NCD_BMI_25C,"Overweight among adults, BMI ≥ 25 kg/m2 (crude estimate) (%)",https://www.who.int/data/gho/data/indicators/indicator-details/GHO/prevalence-of-overweight-among-adults-bmi-greaterequal-25-%28crude-estimate%29-%28-%29,1996,1996,1996,EMR,Eastern Mediterranean,ARE,United Arab Emirates,SEX,SEX_MLE,Male,60.570741,60.6 [56.5-64.6],56.498736,64.605016
NCD_BMI_30C,"Obesity among adults, BMI ≥ 30 kg/m2 (crude estimate) (%)",https://www.who.int/data/gho/data/indicators/indicator-details/GHO/prevalence-of-obesity-among-adults-bmi--30-%28crude-estimate%29-%28-%29,2003,2003,2003,EMR,Eastern Mediterranean,ARE,United Arab Emirates,SEX,SEX_FMLE,Female,34.342203,34.3 [31.5-37.2],31.511739,37.24902
NCD_BMI_PLUS1C,"Overweight among children and adolescents, BMI-for-age > +1 standard deviations above the median (crude estimate) (%)",https://www.who.int/data/gho/data/indicators/indicator-details/GHO/prevalence-of-overweight-among-children-and-adolescents-bmi-1-standard-deviations-above-the-median-%28crude-estimate%29-%28-%29,2003,2003,2003,EMR,Eastern Mediterranean,ARE,United Arab Emirates,SEX,SEX_MLE,Male,33.082464,33.1 [24.6-42.4],24.649927,42.36787
NUTRITION_ANAEMIA_REPRODUCTIVEAGE_PREV,Prevalence of anaemia in women of reproductive age (aged 15-49) (%),https://www.who.int/data/gho/data/indicators/indicator-details/GHO/prevalence-of-anaemia-in-women-of-reproductive-age-%28-%29,2019,2019,2019,EMR,Eastern Mediterranean,ARE,United Arab Emirates,SEX,SEX_FMLE,Female,27.9,27.9 [12.7-50.6],12.7,50.6
NCD_BMI_PLUS1C,"Overweight among children and adolescents, BMI-for-age > +1 standard deviations above the median (crude estimate) (%)",https://www.who.int/data/gho/data/indicators/indicator-details/GHO/prevalence-of-overweight-among-children-and-adolescents-bmi-1-standard-deviations-above-the-median-%28crude-estimate%29-%28-%29,2022,2022,2022,EMR,Eastern Mediterranean,ARE,United Arab Emirates,SEX,SEX_MLE,Male,46.706372,46.7 [38.9-54.4],38.916141,54.394341
NCD_BMI_MINUS2C,"Thinness among children and adolescents, BMI-for-age < -2 standard deviations below the median (%)",https://www.who.int/data/gho/data/indicators/indicator-details/GHO/prevalence-of-thinness-among-children-and-adolescents-bmi--2-standard-deviations-below-the-median-%28crude-estimate%29-%28-%29,1990,1990,1990,EMR,Eastern Mediterranean,ARE,United Arab Emirates,SEX,SEX_MLE,Male,5.7495981,5.7 [2.8-10.0],2.8093845,9.9678002
NCD_BMI_25C,"Overweight among adults, BMI ≥ 25 kg/m2 (crude estimate) (%)",https://www.who.int/data/gho/data/indicators/indicator-details/GHO/prevalence-of-overweight-among-adults-bmi-greaterequal-25-%28crude-estimate%29-%28-%29,2010,2010,2010,EMR,Eastern Mediterranean,ARE,United Arab Emirates,SEX,SEX_MLE,Male,70.715284,70.7 [67.9-73.5],67.88395,73.518443
NCD_BMI_MINUS2C,"Thinness among children and adolescents, BMI-for-age < -2 standard deviations below the median (%)",https://www.who.int/data/gho/data/indicators/indicator-details/GHO/prevalence-of-thinness-among-children-and-adolescents-bmi--2-standard-deviations-below-the-median-%28crude-estimate%29-%28-%29,2019,2019,2019,EMR,Eastern Mediterranean,ARE,United Arab Emirates,SEX,SEX_FMLE,Female,3.0127164,3.0 [1.8-4.6],1.7986493,4.628177
NCD_BMI_30A,"Obesity among adults, BMI ≥ 30 kg/m2 (age-standardized estimate) (%)",https://www.who.int/data/gho/data/indicators/indicator-details/GHO/prevalence-of-obesity-among-adults-bmi--30-%28age-standardized-estimate%29-%28-%29,2020,2020,2020,EMR,Eastern Mediterranean,ARE,United Arab Emirates,SEX,SEX_MLE,Male,28.075472,28.1 [23.8-32.5],23.770994,32.532233
NCD_BMI_PLUS2C,"Obesity among children and adolescents, BMI-for-age > +2 standard deviations above the median (crude estimate) (%)",https://www.who.int/data/gho/data/indicators/indicator-details/GHO/prevalence-of-obesity-among-children-and-adolescents-bmi-2-standard-deviations-above-the-median-%28crude-estimate%29-%28-%29,1994,1994,1994,EMR,Eastern Mediterranean,ARE,United Arab Emirates,SEX,SEX_MLE,Male,10.99942,11.0 [5.8-17.5],5.7974108,17.459029
NCD_BMI_PLUS1C,"Overweight among children and adolescents, BMI-for-age > +1 standard deviations above the median (crude estimate) (%)",https://www.who.int/data/gho/data/indicators/indicator-details/GHO/prevalence-of-overweight-among-children-and-adolescents-bmi-1-standard-deviations-above-the-median-%28crude-estimate%29-%28-%29,2008,2008,2008,EMR,Eastern Mediterranean,ARE,United Arab Emirates,SEX,SEX_FMLE,Female,34.216109,34.2 [26.3-42.8],26.261839,42.757499
NCD_BMI_PLUS2C,"Obesity among children and adolescents, BMI-for-age > +2 standard deviations above the median (crude estimate) (%)",https://www.who.int/data/gho/data/indicators/indicator-details/GHO/prevalence-of-obesity-among-children-and-adolescents-bmi-2-standard-deviations-above-the-median-%28crude-estimate%29-%28-%29,1993,1993,1993,EMR,Eastern Mediterranean,ARE,United Arab Emirates,SEX,SEX_FMLE,Female,8.2781658,8.3 [4.1-14.0],4.1313604,13.983741
NUTRITION_ANAEMIA_CHILDREN_PREV,Prevalence of anaemia in children aged 6-59 months (%),https://www.who.int/data/gho/data/indicators/indicator-details/GHO/anaemia-in-non-pregnant-women-number-%28in-thousands%29,2003,2003,2003,EMR,Eastern Mediterranean,ARE,United Arab Emirates,SEVERITY,SEVERITY_SEVERE,Severe,0.1,0.1 [0.0-0.6],0,0.6
NUTRITION_ANAEMIA_CHILDREN_NUM,Number of children aged 6-59 months with anaemia (thousands),https://www.who.int/data/gho/data/indicators/indicator-details/GHO/anaemia-in-children-under-5-years-number,2013,2013,2013,EMR,Eastern Mediterranean,ARE,United Arab Emirates,SEVERITY,SEVERITY_TOTAL,Total,98.2,98.2 [44.9-176],44.9,176
NUTRITION_ANAEMIA_REPRODUCTIVEAGE_PREV,Prevalence of anaemia in women of reproductive age (aged 15-49) (%),https://www.who.int/data/gho/data/indicators/indicator-details/GHO/prevalence-of-anaemia-in-women-of-reproductive-age-%28-%29,2017,2017,2017,EMR,Eastern Mediterranean,ARE,United Arab Emirates,SEX,SEX_FMLE,Female,28.1,28.1 [13.5-50.3],13.5,50.3
NCD_BMI_PLUS2C,"Obesity among children and adolescents, BMI-for-age > +2 standard deviations above the median (crude estimate) (%)",https://www.who.int/data/gho/data/indicators/indicator-details/GHO/prevalence-of-obesity-among-children-and-adolescents-bmi-2-standard-deviations-above-the-median-%28crude-estimate%29-%28-%29,2017,2017,2017,EMR,Eastern Mediterranean,ARE,United Arab Emirates,SEX,SEX_FMLE,Female,15.732653,15.7 [11.4-20.8],11.419635,20.773268
NCD_BMI_30A,"Obesity among adults, BMI ≥ 30 kg/m2 (age-standardized estimate) (%)",https://www.who.int/data/gho/data/indicators/indicator-details/GHO/prevalence-of-obesity-among-adults-bmi--30-%28age-standardized-estimate%29-%28-%29,1996,1996,1996,EMR,Eastern Mediterranean,ARE,United Arab Emirates,SEX,SEX_FMLE,Female,34.205744,34.2 [30.7-37.8],30.672151,37.794605
NCD_BMI_18A,"Underweight among adults, BMI < 18.5 kg/m2 (age-standardized estimate) (%)",https://www.who.int/data/gho/data/indicators/indicator-details/GHO/prevalence-of-underweight-among-adults-bmi-18-%28age-standardized-estimate%29-%28-%29,2003,2003,2003,EMR,Eastern Mediterranean,ARE,United Arab Emirates,SEX,SEX_BTSX,Both sexes,3.1225994,3.1 [2.3-4.1],2.293515,4.1203525
NCD_BMI_PLUS1C,"Overweight among children and adolescents, BMI-for-age > +1 standard deviations above the median (crude estimate) (%)",https://www.who.int/data/gho/data/indicators/indicator-details/GHO/prevalence-of-overweight-among-children-and-adolescents-bmi-1-standard-deviations-above-the-median-%28crude-estimate%29-%28-%29,2016,2016,2016,EMR,Eastern Mediterranean,ARE,United Arab Emirates,SEX,SEX_BTSX,Both sexes,42.204794,42.2 [39.5-44.8],39.452526,44.847691
NCD_BMI_PLUS2C,"Obesity among children and adolescents, BMI-for-age > +2 standard deviations above the median (crude estimate) (%)",https://www.who.int/data/gho/data/indicators/indicator-details/GHO/prevalence-of-obesity-among-children-and-adolescents-bmi-2-standard-deviations-above-the-median-%28crude-estimate%29-%28-%29,1990,1990,1990,EMR,Eastern Mediterranean,ARE,United Arab Emirates,SEX,SEX_MLE,Male,8.1460349,8.1 [2.4-17.2],2.4337813,17.245054
NCD_BMI_MINUS2C,"Thinness among children and adolescents, BMI-for-age < -2 standard deviations below the median (%)",https://www.who.int/data/gho/data/indicators/indicator-details/GHO/prevalence-of-thinness-among-children-and-adolescents-bmi--2-standard-deviations-below-the-median-%28crude-estimate%29-%28-%29,1999,1999,1999,EMR,Eastern Mediterranean,ARE,United Arab Emirates,SEX,SEX_BTSX,Both sexes,4.794227,4.8 [3.4-6.5],3.3942796,6.4713687
NCD_BMI_30C,"Obesity among adults, BMI ≥ 30 kg/m2 (crude estimate) (%)",https://www.who.int/data/gho/data/indicators/indicator-details/GHO/prevalence-of-obesity-among-adults-bmi--30-%28crude-estimate%29-%28-%29,2011,2011,2011,EMR,Eastern Mediterranean,ARE,United Arab Emirates,SEX,SEX_MLE,Male,27.643919,27.6 [24.7-30.6],24.689884,30.616993
NCD_BMI_PLUS2C,"Obesity among children and adolescents, BMI-for-age > +2 standard deviations above the median (crude estimate) (%)",https://www.who.int/data/gho/data/indicators/indicator-details/GHO/prevalence-of-obesity-among-children-and-adolescents-bmi-2-standard-deviations-above-the-median-%28crude-estimate%29-%28-%29,2004,2004,2004,EMR,Eastern Mediterranean,ARE,United Arab Emirates,SEX,SEX_BTSX,Both sexes,14.734779,14.7 [12.0-17.8],12.003542,17.759351
NCD_BMI_MINUS2C,"Thinness among children and adolescents, BMI-for-age < -2 standard deviations below the median (%)",https://www.who.int/data/gho/data/indicators/indicator-details/GHO/prevalence-of-thinness-among-children-and-adolescents-bmi--2-standard-deviations-below-the-median-%28crude-estimate%29-%28-%29,2009,2009,2009,EMR,Eastern Mediterranean,ARE,United Arab Emirates,SEX,SEX_BTSX,Both sexes,3.0559158,3.1 [1.6-5.2],1.6166991,5.2453857
NCD_BMI_MINUS2C,"Thinness among children and adolescents, BMI-for-age < -2 standard deviations below the median (%)",https://www.who.int/data/gho/data/indicators/indicator-details/GHO/prevalence-of-thinness-among-children-and-adolescents-bmi--2-standard-deviations-below-the-median-%28crude-estimate%29-%28-%29,2008,2008,2008,EMR,Eastern Mediterranean,ARE,United Arab Emirates,SEX,SEX_FMLE,Female,3.0249322,3.0 [1.9-4.7],1.8604429,4.7284674
NUTRITION_ANAEMIA_REPRODUCTIVEAGE_PREV,Prevalence of anaemia in women of reproductive age (aged 15-49) (%),https://www.who.int/data/gho/data/indicators/indicator-details/GHO/prevalence-of-anaemia-in-women-of-reproductive-age-%28-%29,2000,2000,2000,EMR,Eastern Mediterranean,ARE,United Arab Emirates,SEX,SEX_FMLE,Female,28.7,28.7 [12.5-52.6],12.5,52.6
NCD_BMI_18A,"Underweight among adults, BMI < 18.5 kg/m2 (age-standardized estimate) (%)",https://www.who.int/data/gho/data/indicators/indicator-details/GHO/prevalence-of-underweight-among-adults-bmi-18-%28age-standardized-estimate%29-%28-%29,2022,2022,2022,EMR,Eastern Mediterranean,ARE,United Arab Emirates,SEX,SEX_MLE,Male,2.9119475,2.9 [1.5-4.8],1.5385219,4.77545
NCD_BMI_25C,"Overweight among adults, BMI ≥ 25 kg/m2 (crude estimate) (%)",https://www.who.int/data/gho/data/indicators/indicator-details/GHO/prevalence-of-overweight-among-adults-bmi-greaterequal-25-%28crude-estimate%29-%28-%29,2000,2000,2000,EMR,Eastern Mediterranean,ARE,United Arab Emirates,SEX,SEX_BTSX,Both sexes,62.918258,62.9 [60.3-65.5],60.326082,65.549141
NCD_BMI_PLUS2C,"Obesity among children and adolescents, BMI-for-age > +2 standard deviations above the median (crude estimate) (%)",https://www.who.int/data/gho/data/indicators/indicator-details/GHO/prevalence-of-obesity-among-children-and-adolescents-bmi-2-standard-deviations-above-the-median-%28crude-estimate%29-%28-%29,1998,1998,1998,EMR,Eastern Mediterranean,ARE,United Arab Emirates,SEX,SEX_FMLE,Female,9.702789,9.7 [4.4-17.3],4.3969519,17.269441
NCD_BMI_PLUS1C,"Overweight among children and adolescents, BMI-for-age > +1 standard deviations above the median (crude estimate) (%)",https://www.who.int/data/gho/data/indicators/indicator-details/GHO/prevalence-of-overweight-among-children-and-adolescents-bmi-1-standard-deviations-above-the-median-%28crude-estimate%29-%28-%29,2011,2011,2011,EMR,Eastern Mediterranean,ARE,United Arab Emirates,SEX,SEX_MLE,Male,38.642594,38.6 [30.0-47.6],29.995438,47.615737
NCD_BMI_18A,"Underweight among adults, BMI < 18.5 kg/m2 (age-standardized estimate) (%)",https://www.who.int/data/gho/data/indicators/indicator-details/GHO/prevalence-of-underweight-among-adults-bmi-18-%28age-standardized-estimate%29-%28-%29,2021,2021,2021,EMR,Eastern Mediterranean,ARE,United Arab Emirates,SEX,SEX_BTSX,Both sexes,2.8271222,2.8 [1.9-4.0],1.8932624,3.9884787
NCD_BMI_MINUS2C,"Thinness among children and adolescents, BMI-for-age < -2 standard deviations below the median (%)",https://www.who.int/data/gho/data/indicators/indicator-details/GHO/prevalence-of-thinness-among-children-and-adolescents-bmi--2-standard-deviations-below-the-median-%28crude-estimate%29-%28-%29,2021,2021,2021,EMR,Eastern Mediterranean,ARE,United Arab Emirates,SEX,SEX_FMLE,Female,2.984445,3.0 [1.5-5.2],1.4833142,5.2302625
NCD_BMI_MINUS2C,"Thinness among children and adolescents, BMI-for-age < -2 standard deviations below the median (%)",https://www.who.int/data/gho/data/indicators/indicator-details/GHO/prevalence-of-thinness-among-children-and-adolescents-bmi--2-standard-deviations-below-the-median-%28crude-estimate%29-%28-%29,2020,2020,2020,EMR,Eastern Mediterranean,ARE,United Arab Emirates,SEX,SEX_FMLE,Female,2.8762201,2.9 [1.0-6.2],0.95916623,6.2351976
NCD_BMI_18C,"Underweight among adults, BMI < 18.5 kg/m2 (crude estimate) (%)",https://www.who.int/data/gho/data/indicators/indicator-details/GHO/prevalence-of-underweight-among-adults-bmi-18-%28crude-estimate%29-%28-%29,2017,2017,2017,EMR,Eastern Mediterranean,ARE,United Arab Emirates,SEX,SEX_MLE,Male,2.4710955,2.5 [1.5-3.7],1.5045233,3.7128117
NCD_BMI_25C,"Overweight among adults, BMI ≥ 25 kg/m2 (crude estimate) (%)",https://www.who.int/data/gho/data/indicators/indicator-details/GHO/prevalence-of-overweight-among-adults-bmi-greaterequal-25-%28crude-estimate%29-%28-%29,1991,1991,1991,EMR,Eastern Mediterranean,ARE,United Arab Emirates,SEX,SEX_FMLE,Female,56.659847,56.7 [51.2-62.0],51.205623,61.970496
NCD_BMI_25C,"Overweight among adults, BMI ≥ 25 kg/m2 (crude estimate) (%)",https://www.who.int/data/gho/data/indicators/indicator-details/GHO/prevalence-of-overweight-among-adults-bmi-greaterequal-25-%28crude-estimate%29-%28-%29,2005,2005,2005,EMR,Eastern Mediterranean,ARE,United Arab Emirates,SEX,SEX_BTSX,Both sexes,67.255819,67.3 [65.0-69.5],64.98037,69.54115
NCD_BMI_MINUS2C,"Thinness among children and adolescents, BMI-for-age < -2 standard deviations below the median (%)",https://www.who.int/data/gho/data/indicators/indicator-details/GHO/prevalence-of-thinness-among-children-and-adolescents-bmi--2-standard-deviations-below-the-median-%28crude-estimate%29-%28-%29,1991,1991,1991,EMR,Eastern Mediterranean,ARE,United Arab Emirates,SEX,SEX_FMLE,Female,4.5115817,4.5 [2.0-8.5],2.0318553,8.497905
NCD_BMI_MINUS2C,"Thinness among children and adolescents, BMI-for-age < -2 standard deviations below the median (%)",https://www.who.int/data/gho/data/indicators/indicator-details/GHO/prevalence-of-thinness-among-children-and-adolescents-bmi--2-standard-deviations-below-the-median-%28crude-estimate%29-%28-%29,1998,1998,1998,EMR,Eastern Mediterranean,ARE,United Arab Emirates,SEX,SEX_FMLE,Female,3.5256308,3.5 [1.2-7.7],1.2369264,7.6550514
NCD_BMI_PLUS1C,"Overweight among children and adolescents, BMI-for-age > +1 standard deviations above the median (crude estimate) (%)",https://www.who.int/data/gho/data/indicators/indicator-details/GHO/prevalence-of-overweight-among-children-and-adolescents-bmi-1-standard-deviations-above-the-median-%28crude-estimate%29-%28-%29,2006,2006,2006,EMR,Eastern Mediterranean,ARE,United Arab Emirates,SEX,SEX_FMLE,Female,33.67227,33.7 [29.1-38.5],29.054943,38.459837
NCD_BMI_PLUS2C,"Obesity among children and adolescents, BMI-for-age > +2 standard deviations above the median (crude estimate) (%)",https://www.who.int/data/gho/data/indicators/indicator-details/GHO/prevalence-of-obesity-among-children-and-adolescents-bmi-2-standard-deviations-above-the-median-%28crude-estimate%29-%28-%29,1990,1990,1990,EMR,Eastern Mediterranean,ARE,United Arab Emirates,SEX,SEX_MLE,Male,8.9811489,9.0 [3.7-16.3],3.6734607,16.316368
NCD_BMI_18C,"Underweight among adults, BMI < 18.5 kg/m2 (crude estimate) (%)",https://www.who.int/data/gho/data/indicators/indicator-details/GHO/prevalence-of-underweight-among-adults-bmi-18-%28crude-estimate%29-%28-%29,1991,1991,1991,EMR,Eastern Mediterranean,ARE,United Arab Emirates,SEX,SEX_MLE,Male,4.5927413,4.6 [2.6-7.3],2.5633262,7.3414057
NUTRITION_ANAEMIA_CHILDREN_NUM,Number of children aged 6-59 months with anaemia (thousands),https://www.who.int/data/gho/data/indicators/indicator-details/GHO/anaemia-in-children-under-5-years-number,2005,2005,2005,EMR,Eastern Mediterranean,ARE,United Arab Emirates,SEVERITY,SEVERITY_SEVERE,Severe,0.33,0.33 [0.03-1.42],0.03,1.42
NCD_BMI_PLUS2C,"Obesity among children and adolescents, BMI-for-age > +2 standard deviations above the median (crude estimate) (%)",https://www.who.int/data/gho/data/indicators/indicator-details/GHO/prevalence-of-obesity-among-children-and-adolescents-bmi-2-standard-deviations-above-the-median-%28crude-estimate%29-%28-%29,2000,2000,2000,EMR,Eastern Mediterranean,ARE,United Arab Emirates,SEX,SEX_MLE,Male,13.171817,13.2 [6.4-22.1],6.4218618,22.139379
NCD_BMI_PLUS2C,"Obesity among children and adolescents, BMI-for-age > +2 standard deviations above the median (crude estimate) (%)",https://www.who.int/data/gho/data/indicators/indicator-details/GHO/prevalence-of-obesity-among-children-and-adolescents-bmi-2-standard-deviations-above-the-median-%28crude-estimate%29-%28-%29,2014,2014,2014,EMR,Eastern Mediterranean,ARE,United Arab Emirates,SEX,SEX_MLE,Male,19.341454,19.3 [11.1-28.8],11.09173,28.808969
NCD_BMI_25A,"Overweight among adults, BMI ≥ 25 kg/m2 (age-standardized estimate) (%)",https://www.who.int/data/gho/data/indicators/indicator-details/GHO/prevalence-of-overweight-among-adults-bmi--25-%28age-standardized-estimate%29-%28-%29,1991,1991,1991,EMR,Eastern Mediterranean,ARE,United Arab Emirates,SEX,SEX_FMLE,Female,61.260456,61.3 [56.0-66.4],56.041998,66.382128
NCD_BMI_30C,"Obesity among adults, BMI ≥ 30 kg/m2 (crude estimate) (%)",https://www.who.int/data/gho/data/indicators/indicator-details/GHO/prevalence-of-obesity-among-adults-bmi--30-%28crude-estimate%29-%28-%29,2001,2001,2001,EMR,Eastern Mediterranean,ARE,United Arab Emirates,SEX,SEX_MLE,Male,22.187129,22.2 [19.3-25.3],19.273075,25.294659
NCD_BMI_PLUS2C,"Obesity among children and adolescents, BMI-for-age > +2 standard deviations above the median (crude estimate) (%)",https://www.who.int/data/gho/data/indicators/indicator-details/GHO/prevalence-of-obesity-among-children-and-adolescents-bmi-2-standard-deviations-above-the-median-%28crude-estimate%29-%28-%29,1999,1999,1999,EMR,Eastern Mediterranean,ARE,United Arab Emirates,SEX,SEX_FMLE,Female,10.042111,10.0 [4.7-17.6],4.6642032,17.561555
NUTRITION_ANAEMIA_CHILDREN_PREV,Prevalence of anaemia in children aged 6-59 months (%),https://www.who.int/data/gho/data/indicators/indicator-details/GHO/anaemia-in-non-pregnant-women-number-%28in-thousands%29,2015,2015,2015,EMR,Eastern Mediterranean,ARE,United Arab Emirates,SEVERITY,SEVERITY_SEVERE,Severe,0.1,0.1 [0.0-0.3],0,0.3
NUTRITION_ANAEMIA_CHILDREN_PREV,Prevalence of anaemia in children aged 6-59 months (%),https://www.who.int/data/gho/data/indicators/indicator-details/GHO/anaemia-in-non-pregnant-women-number-%28in-thousands%29,2013,2013,2013,EMR,Eastern Mediterranean,ARE,United Arab Emirates,SEVERITY,SEVERITY_MILD,Mild,14.6,14.6 [7.1-25.1],7.1,25.1
NUTRITION_ANAEMIA_CHILDREN_PREV,Prevalence of anaemia in children aged 6-59 months (%),https://www.who.int/data/gho/data/indicators/indicator-details/GHO/anaemia-in-non-pregnant-women-number-%28in-thousands%29,2008,2008,2008,EMR,Eastern Mediterranean,ARE,United Arab Emirates,SEVERITY,SEVERITY_SEVERE,Severe,0.1,0.1 [0.0-0.4],0,0.4
NCD_BMI_25A,"Overweight among adults, BMI ≥ 25 kg/m2 (age-standardized estimate) (%)",https://www.who.int/data/gho/data/indicators/indicator-details/GHO/prevalence-of-overweight-among-adults-bmi--25-%28age-standardized-estimate%29-%28-%29,2003,2003,2003,EMR,Eastern Mediterranean,ARE,United Arab Emirates,SEX,SEX_MLE,Male,66.48128,66.5 [63.4-69.5],63.433647,69.471568
NCD_BMI_MINUS2C,"Thinness among children and adolescents, BMI-for-age < -2 standard deviations below the median (%)",https://www.who.int/data/gho/data/indicators/indicator-details/GHO/prevalence-of-thinness-among-children-and-adolescents-bmi--2-standard-deviations-below-the-median-%28crude-estimate%29-%28-%29,2019,2019,2019,EMR,Eastern Mediterranean,ARE,United Arab Emirates,SEX,SEX_BTSX,Both sexes,3.6370132,3.6 [2.4-5.2],2.4322338,5.2152984
NCD_BMI_PLUS2C,"Obesity among children and adolescents, BMI-for-age > +2 standard deviations above the median (crude estimate) (%)",https://www.who.int/data/gho/data/indicators/indicator-details/GHO/prevalence-of-obesity-among-children-and-adolescents-bmi-2-standard-deviations-above-the-median-%28crude-estimate%29-%28-%29,2005,2005,2005,EMR,Eastern Mediterranean,ARE,United Arab Emirates,SEX,SEX_BTSX,Both sexes,13.975269,14.0 [9.1-19.7],9.1189854,19.650817
NCD_BMI_PLUS2C,"Obesity among children and adolescents, BMI-for-age > +2 standard deviations above the median (crude estimate) (%)",https://www.who.int/data/gho/data/indicators/indicator-details/GHO/prevalence-of-obesity-among-children-and-adolescents-bmi-2-standard-deviations-above-the-median-%28crude-estimate%29-%28-%29,2014,2014,2014,EMR,Eastern Mediterranean,ARE,United Arab Emirates,SEX,SEX_BTSX,Both sexes,16.878805,16.9 [11.5-23.0],11.477359,22.999874
NUTRITION_ANAEMIA_REPRODUCTIVEAGE_PREV,Prevalence of anaemia in women of reproductive age (aged 15-49) (%),https://www.who.int/data/gho/data/indicators/indicator-details/GHO/prevalence-of-anaemia-in-women-of-reproductive-age-%28-%29,2001,2001,2001,EMR,Eastern Mediterranean,ARE,United Arab Emirates,SEX,SEX_FMLE,Female,28.5,28.5 [13.2-50.7],13.2,50.7
NCD_BMI_PLUS2C,"Obesity among children and adolescents, BMI-for-age > +2 standard deviations above the median (crude estimate) (%)",https://www.who.int/data/gho/data/indicators/indicator-details/GHO/prevalence-of-obesity-among-children-and-adolescents-bmi-2-standard-deviations-above-the-median-%28crude-estimate%29-%28-%29,1996,1996,1996,EMR,Eastern Mediterranean,ARE,United Arab Emirates,SEX,SEX_MLE,Male,12.730651,12.7 [7.8-18.5],7.8466408,18.501253
NCD_BMI_PLUS2C,"Obesity among children and adolescents, BMI-for-age > +2 standard deviations above the median (crude estimate) (%)",https://www.who.int/data/gho/data/indicators/indicator-details/GHO/prevalence-of-obesity-among-children-and-adolescents-bmi-2-standard-deviations-above-the-median-%28crude-estimate%29-%28-%29,2022,2022,2022,EMR,Eastern Mediterranean,ARE,United Arab Emirates,SEX,SEX_MLE,Male,22.141027,22.1 [11.8-34.0],11.840319,33.959571
NCD_BMI_PLUS1C,"Overweight among children and adolescents, BMI-for-age > +1 standard deviations above the median (crude estimate) (%)",https://www.who.int/data/gho/data/indicators/indicator-details/GHO/prevalence-of-overweight-among-children-and-adolescents-bmi-1-standard-deviations-above-the-median-%28crude-estimate%29-%28-%29,1993,1993,1993,EMR,Eastern Mediterranean,ARE,United Arab Emirates,SEX,SEX_MLE,Male,27.077216,27.1 [19.6-34.9],19.566774,34.917387
NUTRITION_ANAEMIA_REPRODUCTIVEAGE_NUM,Number of women of reproductive age (aged 15-49 years) with anaemia (thousands),https://www.who.int/data/gho/data/indicators/indicator-details/GHO/anaemia-in-women-of-reproductive-age-number-%28in-thousands%29,2016,2016,2016,EMR,Eastern Mediterranean,ARE,United Arab Emirates,SEX,SEX_FMLE,Female,585.9,585.9 [289.1-1034.0],289.1,1034
NCD_BMI_30A,"Obesity among adults, BMI ≥ 30 kg/m2 (age-standardized estimate) (%)",https://www.who.int/data/gho/data/indicators/indicator-details/GHO/prevalence-of-obesity-among-adults-bmi--30-%28age-standardized-estimate%29-%28-%29,2001,2001,2001,EMR,Eastern Mediterranean,ARE,United Arab Emirates,SEX,SEX_BTSX,Both sexes,26.194042,26.2 [24.0-28.5],23.968486,28.530139
NUTRITION_ANAEMIA_CHILDREN_NUM,Number of children aged 6-59 months with anaemia (thousands),https://www.who.int/data/gho/data/indicators/indicator-details/GHO/anaemia-in-children-under-5-years-number,2007,2007,2007,EMR,Eastern Mediterranean,ARE,United Arab Emirates,SEVERITY,SEVERITY_MILD,Mild,49.7,49.7 [24.1-87.6],24.1,87.6
NUTRITION_ANAEMIA_CHILDREN_NUM,Number of children aged 6-59 months with anaemia (thousands),https://www.who.int/data/gho/data/indicators/indicator-details/GHO/anaemia-in-children-under-5-years-number,2006,2006,2006,EMR,Eastern Mediterranean,ARE,United Arab Emirates,SEVERITY,SEVERITY_SEVERE,Severe,0.33,0.33 [0.03-1.38],0.03,1.38
NCD_BMI_PLUS1C,"Overweight among children and adolescents, BMI-for-age > +1 standard deviations above the median (crude estimate) (%)",https://www.who.int/data/gho/data/indicators/indicator-details/GHO/prevalence-of-overweight-among-children-and-adolescents-bmi-1-standard-deviations-above-the-median-%28crude-estimate%29-%28-%29,2007,2007,2007,EMR,Eastern Mediterranean,ARE,United Arab Emirates,SEX,SEX_BTSX,Both sexes,35.033801,35.0 [29.0-41.3],29.034477,41.312301
NCD_BMI_PLUS1C,"Overweight among children and adolescents, BMI-for-age > +1 standard deviations above the median (crude estimate) (%)",https://www.who.int/data/gho/data/indicators/indicator-details/GHO/prevalence-of-overweight-among-children-and-adolescents-bmi-1-standard-deviations-above-the-median-%28crude-estimate%29-%28-%29,1995,1995,1995,EMR,Eastern Mediterranean,ARE,United Arab Emirates,SEX,SEX_FMLE,Female,27.142274,27.1 [21.5-33.1],21.479844,33.122888
NCD_BMI_25A,"Overweight among adults, BMI ≥ 25 kg/m2 (age-standardized estimate) (%)",https://www.who.int/data/gho/data/indicators/indicator-details/GHO/prevalence-of-overweight-among-adults-bmi--25-%28age-standardized-estimate%29-%28-%29,1998,1998,1998,EMR,Eastern Mediterranean,ARE,United Arab Emirates,SEX,SEX_MLE,Male,62.407625,62.4 [58.8-66.0],58.8126,65.967804
NUTRITION_ANAEMIA_CHILDREN_PREV,Prevalence of anaemia in children aged 6-59 months (%),https://www.who.int/data/gho/data/indicators/indicator-details/GHO/anaemia-in-non-pregnant-women-number-%28in-thousands%29,2005,2005,2005,EMR,Eastern Mediterranean,ARE,United Arab Emirates,SEVERITY,SEVERITY_MILD,Mild,13.6,13.6 [6.7-24.2],6.7,24.2
NCD_BMI_PLUS1C,"Overweight among children and adolescents, BMI-for-age > +1 standard deviations above the median (crude estimate) (%)",https://www.who.int/data/gho/data/indicators/indicator-details/GHO/prevalence-of-overweight-among-children-and-adolescents-bmi-1-standard-deviations-above-the-median-%28crude-estimate%29-%28-%29,2007,2007,2007,EMR,Eastern Mediterranean,ARE,United Arab Emirates,SEX,SEX_FMLE,Female,34.125733,34.1 [29.6-38.9],29.606926,38.867596
NCD_BMI_MINUS2C,"Thinness among children and adolescents, BMI-for-age < -2 standard deviations below the median (%)",https://www.who.int/data/gho/data/indicators/indicator-details/GHO/prevalence-of-thinness-among-children-and-adolescents-bmi--2-standard-deviations-below-the-median-%28crude-estimate%29-%28-%29,2010,2010,2010,EMR,Eastern Mediterranean,ARE,United Arab Emirates,SEX,SEX_MLE,Male,4.7745612,4.8 [3.5-6.2],3.5484195,6.2265571
NCD_BMI_PLUS1C,"Overweight among children and adolescents, BMI-for-age > +1 standard deviations above the median (crude estimate) (%)",https://www.who.int/data/gho/data/indicators/indicator-details/GHO/prevalence-of-overweight-among-children-and-adolescents-bmi-1-standard-deviations-above-the-median-%28crude-estimate%29-%28-%29,2005,2005,2005,EMR,Eastern Mediterranean,ARE,United Arab Emirates,SEX,SEX_MLE,Male,34.725615,34.7 [26.3-43.9],26.279858,43.868273
NCD_BMI_PLUS2C,"Obesity among children and adolescents, BMI-for-age > +2 standard deviations above the median (crude estimate) (%)",https://www.who.int/data/gho/data/indicators/indicator-details/GHO/prevalence-of-obesity-among-children-and-adolescents-bmi-2-standard-deviations-above-the-median-%28crude-estimate%29-%28-%29,1998,1998,1998,EMR,Eastern Mediterranean,ARE,United Arab Emirates,SEX,SEX_MLE,Male,13.378614,13.4 [8.7-18.9],8.6795375,18.863948
NCD_BMI_25A,"Overweight among adults, BMI ≥ 25 kg/m2 (age-standardized estimate) (%)",https://www.who.int/data/gho/data/indicators/indicator-details/GHO/prevalence-of-overweight-among-adults-bmi--25-%28age-standardized-estimate%29-%28-%29,2019,2019,2019,EMR,Eastern Mediterranean,ARE,United Arab Emirates,SEX,SEX_MLE,Male,71.232939,71.2 [67.5-74.9],67.496759,74.889058
NCD_BMI_PLUS1C,"Overweight among children and adolescents, BMI-for-age > +1 standard deviations above the median (crude estimate) (%)",https://www.who.int/data/gho/data/indicators/indicator-details/GHO/prevalence-of-overweight-among-children-and-adolescents-bmi-1-standard-deviations-above-the-median-%28crude-estimate%29-%28-%29,1997,1997,1997,EMR,Eastern Mediterranean,ARE,United Arab Emirates,SEX,SEX_FMLE,Female,28.161117,28.2 [22.5-34.1],22.521813,34.094873
NCD_BMI_18C,"Underweight among adults, BMI < 18.5 kg/m2 (crude estimate) (%)",https://www.who.int/data/gho/data/indicators/indicator-details/GHO/prevalence-of-underweight-among-adults-bmi-18-%28crude-estimate%29-%28-%29,1996,1996,1996,EMR,Eastern Mediterranean,ARE,United Arab Emirates,SEX,SEX_BTSX,Both sexes,3.6384195,3.6 [2.5-5.1],2.5034104,5.0750334
NCD_BMI_PLUS2C,"Obesity among children and adolescents, BMI-for-age > +2 standard deviations above the median (crude estimate) (%)",https://www.who.int/data/gho/data/indicators/indicator-details/GHO/prevalence-of-obesity-among-children-and-adolescents-bmi-2-standard-deviations-above-the-median-%28crude-estimate%29-%28-%29,1991,1991,1991,EMR,Eastern Mediterranean,ARE,United Arab Emirates,SEX,SEX_BTSX,Both sexes,8.6561218,8.7 [5.0-13.2],4.9946867,13.232656
NUTRITION_ANAEMIA_REPRODUCTIVEAGE_NUM,Number of women of reproductive age (aged 15-49 years) with anaemia (thousands),https://www.who.int/data/gho/data/indicators/indicator-details/GHO/anaemia-in-women-of-reproductive-age-number-%28in-thousands%29,2005,2005,2005,EMR,Eastern Mediterranean,ARE,United Arab Emirates,SEX,SEX_FMLE,Female,244.9,244.9 [117.6-437.7],117.6,437.7
NCD_BMI_MINUS2C,"Thinness among children and adolescents, BMI-for-age < -2 standard deviations below the median (%)",https://www.who.int/data/gho/data/indicators/indicator-details/GHO/prevalence-of-thinness-among-children-and-adolescents-bmi--2-standard-deviations-below-the-median-%28crude-estimate%29-%28-%29,2000,2000,2000,EMR,Eastern Mediterranean,ARE,United Arab Emirates,SEX,SEX_BTSX,Both sexes,4.3492492,4.3 [3.1-6.0],3.063928,5.9569057
NUTRITION_ANAEMIA_CHILDREN_PREV,Prevalence of anaemia in children aged 6-59 months (%),https://www.who.int/data/gho/data/indicators/indicator-details/GHO/anaemia-in-non-pregnant-women-number-%28in-thousands%29,2005,2005,2005,EMR,Eastern Mediterranean,ARE,United Arab Emirates,SEVERITY,SEVERITY_SEVERE,Severe,0.1,0.1 [0.0-0.5],0,0.5
NCD_BMI_25C,"Overweight among adults, BMI ≥ 25 kg/m2 (crude estimate) (%)",https://www.who.int/data/gho/data/indicators/indicator-details/GHO/prevalence-of-overweight-among-adults-bmi-greaterequal-25-%28crude-estimate%29-%28-%29,2015,2015,2015,EMR,Eastern Mediterranean,ARE,United Arab Emirates,SEX,SEX_MLE,Male,71.883833,71.9 [68.9-74.8],68.862885,74.807715
NCD_BMI_30C,"Obesity among adults, BMI ≥ 30 kg/m2 (crude estimate) (%)",https://www.who.int/data/gho/data/indicators/indicator-details/GHO/prevalence-of-obesity-among-adults-bmi--30-%28crude-estimate%29-%28-%29,2022,2022,2022,EMR,Eastern Mediterranean,ARE,United Arab Emirates,SEX,SEX_FMLE,Female,34.809566,34.8 [30.2-39.6],30.218798,39.611998
NUTRITION_ANAEMIA_REPRODUCTIVEAGE_PREV,Prevalence of anaemia in women of reproductive age (aged 15-49) (%),https://www.who.int/data/gho/data/indicators/indicator-details/GHO/prevalence-of-anaemia-in-women-of-reproductive-age-%28-%29,2014,2014,2014,EMR,Eastern Mediterranean,ARE,United Arab Emirates,SEX,SEX_FMLE,Female,28.2,28.2 [14.2-49.9],14.2,49.9
NCD_BMI_30C,"Obesity among adults, BMI ≥ 30 kg/m2 (crude estimate) (%)",https://www.who.int/data/gho/data/indicators/indicator-details/GHO/prevalence-of-obesity-among-adults-bmi--30-%28crude-estimate%29-%28-%29,2004,2004,2004,EMR,Eastern Mediterranean,ARE,United Arab Emirates,SEX,SEX_FMLE,Female,34.956524,35.0 [32.1-37.9],32.104021,37.857527
NCD_BMI_PLUS2C,"Obesity among children and adolescents, BMI-for-age > +2 standard deviations above the median (crude estimate) (%)",https://www.who.int/data/gho/data/indicators/indicator-details/GHO/prevalence-of-obesity-among-children-and-adolescents-bmi-2-standard-deviations-above-the-median-%28crude-estimate%29-%28-%29,2021,2021,2021,EMR,Eastern Mediterranean,ARE,United Arab Emirates,SEX,SEX_FMLE,Female,17.153901,17.2 [12.0-23.1],11.952814,23.056743
NUTRITION_ANAEMIA_CHILDREN_NUM,Number of children aged 6-59 months with anaemia (thousands),https://www.who.int/data/gho/data/indicators/indicator-details/GHO/anaemia-in-children-under-5-years-number,2003,2003,2003,EMR,Eastern Mediterranean,ARE,United Arab Emirates,SEVERITY,SEVERITY_MODERATE,Moderate,13.3,13.3 [3.91-36.1],3.91,36.1
NCD_BMI_MINUS2C,"Thinness among children and adolescents, BMI-for-age < -2 standard deviations below the median (%)",https://www.who.int/data/gho/data/indicators/indicator-details/GHO/prevalence-of-thinness-among-children-and-adolescents-bmi--2-standard-deviations-below-the-median-%28crude-estimate%29-%28-%29,2004,2004,2004,EMR,Eastern Mediterranean,ARE,United Arab Emirates,SEX,SEX_BTSX,Both sexes,3.1993531,3.2 [1.6-5.5],1.6494375,5.5465512
NCD_BMI_PLUS1C,"Overweight among children and adolescents, BMI-for-age > +1 standard deviations above the median (crude estimate) (%)",https://www.who.int/data/gho/data/indicators/indicator-details/GHO/prevalence-of-overweight-among-children-and-adolescents-bmi-1-standard-deviations-above-the-median-%28crude-estimate%29-%28-%29,2002,2002,2002,EMR,Eastern Mediterranean,ARE,United Arab Emirates,SEX,SEX_MLE,Male,36.101323,36.1 [31.4-40.8],31.4439,40.820655
NCD_BMI_25A,"Overweight among adults, BMI ≥ 25 kg/m2 (age-standardized estimate) (%)",https://www.who.int/data/gho/data/indicators/indicator-details/GHO/prevalence-of-overweight-among-adults-bmi--25-%28age-standardized-estimate%29-%28-%29,2003,2003,2003,EMR,Eastern Mediterranean,ARE,United Arab Emirates,SEX,SEX_FMLE,Female,67.419904,67.4 [64.8-70.1],64.773476,70.057213
NCD_BMI_PLUS1C,"Overweight among children and adolescents, BMI-for-age > +1 standard deviations above the median (crude estimate) (%)",https://www.who.int/data/gho/data/indicators/indicator-details/GHO/prevalence-of-overweight-among-children-and-adolescents-bmi-1-standard-deviations-above-the-median-%28crude-estimate%29-%28-%29,2012,2012,2012,EMR,Eastern Mediterranean,ARE,United Arab Emirates,SEX,SEX_MLE,Male,39.153203,39.2 [30.4-48.2],30.415234,48.159021
NCD_BMI_PLUS1C,"Overweight among children and adolescents, BMI-for-age > +1 standard deviations above the median (crude estimate) (%)",https://www.who.int/data/gho/data/indicators/indicator-details/GHO/prevalence-of-overweight-among-children-and-adolescents-bmi-1-standard-deviations-above-the-median-%28crude-estimate%29-%28-%29,2006,2006,2006,EMR,Eastern Mediterranean,ARE,United Arab Emirates,SEX,SEX_BTSX,Both sexes,34.45805,34.5 [28.6-40.7],28.551412,40.726095
NCD_BMI_PLUS1C,"Overweight among children and adolescents, BMI-for-age > +1 standard deviations above the median (crude estimate) (%)",https://www.who.int/data/gho/data/indicators/indicator-details/GHO/prevalence-of-overweight-among-children-and-adolescents-bmi-1-standard-deviations-above-the-median-%28crude-estimate%29-%28-%29,1991,1991,1991,EMR,Eastern Mediterranean,ARE,United Arab Emirates,SEX,SEX_FMLE,Female,25.146049,25.1 [18.0-33.0],17.984751,33.009082
NCD_BMI_18C,"Underweight among adults, BMI < 18.5 kg/m2 (crude estimate) (%)",https://www.who.int/data/gho/data/indicators/indicator-details/GHO/prevalence-of-underweight-among-adults-bmi-18-%28crude-estimate%29-%28-%29,2004,2004,2004,EMR,Eastern Mediterranean,ARE,United Arab Emirates,SEX,SEX_MLE,Male,3.1228889,3.1 [2.0-4.4],2.0489708,4.4336569
NCD_BMI_25C,"Overweight among adults, BMI ≥ 25 kg/m2 (crude estimate) (%)",https://www.who.int/data/gho/data/indicators/indicator-details/GHO/prevalence-of-overweight-among-adults-bmi-greaterequal-25-%28crude-estimate%29-%28-%29,2008,2008,2008,EMR,Eastern Mediterranean,ARE,United Arab Emirates,SEX,SEX_MLE,Male,69.827473,69.8 [66.9-72.7],66.906649,72.722852
NCD_BMI_18A,"Underweight among adults, BMI < 18.5 kg/m2 (age-standardized estimate) (%)",https://www.who.int/data/gho/data/indicators/indicator-details/GHO/prevalence-of-underweight-among-adults-bmi-18-%28age-standardized-estimate%29-%28-%29,2002,2002,2002,EMR,Eastern Mediterranean,ARE,United Arab Emirates,SEX,SEX_BTSX,Both sexes,3.2020945,3.2 [2.3-4.3],2.333241,4.2584579
NUTRITION_ANAEMIA_CHILDREN_NUM,Number of children aged 6-59 months with anaemia (thousands),https://www.who.int/data/gho/data/indicators/indicator-details/GHO/anaemia-in-children-under-5-years-number,2009,2009,2009,EMR,Eastern Mediterranean,ARE,United Arab Emirates,SEX,SEX_BTSX,Both sexes,81.555,82 [37-149],37,149
NUTRITION_ANAEMIA_REPRODUCTIVEAGE_PREV,Prevalence of anaemia in women of reproductive age (aged 15-49) (%),https://www.who.int/data/gho/data/indicators/indicator-details/GHO/prevalence-of-anaemia-in-women-of-reproductive-age-%28-%29,2011,2011,2011,EMR,Eastern Mediterranean,ARE,United Arab Emirates,SEX,SEX_FMLE,Female,28.2,28.2 [13.8-51.0],13.8,51
NUTRITION_ANAEMIA_CHILDREN_PREV,Prevalence of anaemia in children aged 6-59 months (%),https://www.who.int/data/gho/data/indicators/indicator-details/GHO/anaemia-in-non-pregnant-women-number-%28in-thousands%29,2009,2009,2009,EMR,Eastern Mediterranean,ARE,United Arab Emirates,SEVERITY,SEVERITY_SEVERE,Severe,0.1,0.1 [0.0-0.3],0,0.3
NCD_BMI_PLUS2C,"Obesity among children and adolescents, BMI-for-age > +2 standard deviations above the median (crude estimate) (%)",https://www.who.int/data/gho/data/indicators/indicator-details/GHO/prevalence-of-obesity-among-children-and-adolescents-bmi-2-standard-deviations-above-the-median-%28crude-estimate%29-%28-%29,2005,2005,2005,EMR,Eastern Mediterranean,ARE,United Arab Emirates,SEX,SEX_MLE,Male,15.868451,15.9 [8.6-25.1],8.5949779,25.072724
NUTRITION_ANAEMIA_REPRODUCTIVEAGE_NUM,Number of women of reproductive age (aged 15-49 years) with anaemia (thousands),https://www.who.int/data/gho/data/indicators/indicator-details/GHO/anaemia-in-women-of-reproductive-age-number-%28in-thousands%29,2023,2023,2023,EMR,Eastern Mediterranean,ARE,United Arab Emirates,SEX,SEX_FMLE,Female,713.2,713.2 [275.2-1357.0],275.2,1357
NCD_BMI_18A,"Underweight among adults, BMI < 18.5 kg/m2 (age-standardized estimate) (%)",https://www.who.int/data/gho/data/indicators/indicator-details/GHO/prevalence-of-underweight-among-adults-bmi-18-%28age-standardized-estimate%29-%28-%29,2016,2016,2016,EMR,Eastern Mediterranean,ARE,United Arab Emirates,SEX,SEX_BTSX,Both sexes,2.7333301,2.7 [2.0-3.6],2.0029671,3.6158968
NCD_BMI_PLUS1C,"Overweight among children and adolescents, BMI-for-age > +1 standard deviations above the median (crude estimate) (%)",https://www.who.int/data/gho/data/indicators/indicator-details/GHO/prevalence-of-overweight-among-children-and-adolescents-bmi-1-standard-deviations-above-the-median-%28crude-estimate%29-%28-%29,2003,2003,2003,EMR,Eastern Mediterranean,ARE,United Arab Emirates,SEX,SEX_BTSX,Both sexes,34.956801,35.0 [31.8-38.1],31.833026,38.072833
NCD_BMI_MINUS2C,"Thinness among children and adolescents, BMI-for-age < -2 standard deviations below the median (%)",https://www.who.int/data/gho/data/indicators/indicator-details/GHO/prevalence-of-thinness-among-children-and-adolescents-bmi--2-standard-deviations-below-the-median-%28crude-estimate%29-%28-%29,2018,2018,2018,EMR,Eastern Mediterranean,ARE,United Arab Emirates,SEX,SEX_FMLE,Female,2.9487727,2.9 [1.6-4.8],1.6453041,4.8478909
NCD_BMI_30C,"Obesity among adults, BMI ≥ 30 kg/m2 (crude estimate) (%)",https://www.who.int/data/gho/data/indicators/indicator-details/GHO/prevalence-of-obesity-among-adults-bmi--30-%28crude-estimate%29-%28-%29,2017,2017,2017,EMR,Eastern Mediterranean,ARE,United Arab Emirates,SEX,SEX_FMLE,Female,35.878083,35.9 [32.6-39.3],32.571313,39.275563
NCD_BMI_25C,"Overweight among adults, BMI ≥ 25 kg/m2 (crude estimate) (%)",https://www.who.int/data/gho/data/indicators/indicator-details/GHO/prevalence-of-overweight-among-adults-bmi-greaterequal-25-%28crude-estimate%29-%28-%29,1998,1998,1998,EMR,Eastern Mediterranean,ARE,United Arab Emirates,SEX,SEX_BTSX,Both sexes,61.593318,61.6 [58.8-64.4],58.778721,64.436907
NCD_BMI_25A,"Overweight among adults, BMI ≥ 25 kg/m2 (age-standardized estimate) (%)",https://www.who.int/data/gho/data/indicators/indicator-details/GHO/prevalence-of-overweight-among-adults-bmi--25-%28age-standardized-estimate%29-%28-%29,2021,2021,2021,EMR,Eastern Mediterranean,ARE,United Arab Emirates,SEX,SEX_MLE,Male,71.026331,71.0 [66.5-75.4],66.484165,75.383633
NCD_BMI_25A,"Overweight among adults, BMI ≥ 25 kg/m2 (age-standardized estimate) (%)",https://www.who.int/data/gho/data/indicators/indicator-details/GHO/prevalence-of-overweight-among-adults-bmi--25-%28age-standardized-estimate%29-%28-%29,2004,2004,2004,EMR,Eastern Mediterranean,ARE,United Arab Emirates,SEX,SEX_FMLE,Female,67.748767,67.7 [65.1-70.3],65.145457,70.316398
NCD_BMI_18A,"Underweight among adults, BMI < 18.5 kg/m2 (age-standardized estimate) (%)",https://www.who.int/data/gho/data/indicators/indicator-details/GHO/prevalence-of-underweight-among-adults-bmi-18-%28age-standardized-estimate%29-%28-%29,2016,2016,2016,EMR,Eastern Mediterranean,ARE,United Arab Emirates,SEX,SEX_FMLE,Female,2.5558414,2.6 [1.7-3.6],1.7381653,3.5541959
NUTRITION_ANAEMIA_CHILDREN_NUM,Number of children aged 6-59 months with anaemia (thousands),https://www.who.int/data/gho/data/indicators/indicator-details/GHO/anaemia-in-children-under-5-years-number,2003,2003,2003,EMR,Eastern Mediterranean,ARE,United Arab Emirates,SEVERITY,SEVERITY_MILD,Mild,35.4,35.4 [17.1-63.2],17.1,63.2
NCD_BMI_MINUS2C,"Thinness among children and adolescents, BMI-for-age < -2 standard deviations below the median (%)",https://www.who.int/data/gho/data/indicators/indicator-details/GHO/prevalence-of-thinness-among-children-and-adolescents-bmi--2-standard-deviations-below-the-median-%28crude-estimate%29-%28-%29,2017,2017,2017,EMR,Eastern Mediterranean,ARE,United Arab Emirates,SEX,SEX_MLE,Male,3.2143969,3.2 [1.2-6.7],1.1613336,6.7452043
NCD_BMI_PLUS2C,"Obesity among children and adolescents, BMI-for-age > +2 standard deviations above the median (crude estimate) (%)",https://www.who.int/data/gho/data/indicators/indicator-details/GHO/prevalence-of-obesity-among-children-and-adolescents-bmi-2-standard-deviations-above-the-median-%28crude-estimate%29-%28-%29,1997,1997,1997,EMR,Eastern Mediterranean,ARE,United Arab Emirates,SEX,SEX_MLE,Male,13.288011,13.3 [8.6-18.9],8.5656479,18.868619
NCD_BMI_MINUS2C,"Thinness among children and adolescents, BMI-for-age < -2 standard deviations below the median (%)",https://www.who.int/data/gho/data/indicators/indicator-details/GHO/prevalence-of-thinness-among-children-and-adolescents-bmi--2-standard-deviations-below-the-median-%28crude-estimate%29-%28-%29,2018,2018,2018,EMR,Eastern Mediterranean,ARE,United Arab Emirates,SEX,SEX_BTSX,Both sexes,3.9469324,3.9 [2.9-5.2],2.8918592,5.2083492
NUTRITION_ANAEMIA_REPRODUCTIVEAGE_NUM,Number of women of reproductive age (aged 15-49 years) with anaemia (thousands),https://www.who.int/data/gho/data/indicators/indicator-details/GHO/anaemia-in-women-of-reproductive-age-number-%28in-thousands%29,2001,2001,2001,EMR,Eastern Mediterranean,ARE,United Arab Emirates,SEX,SEX_FMLE,Female,206.8,206.8 [95.8-367.2],95.8,367.2
NCD_BMI_25C,"Overweight among adults, BMI ≥ 25 kg/m2 (crude estimate) (%)",https://www.who.int/data/gho/data/indicators/indicator-details/GHO/prevalence-of-overweight-among-adults-bmi-greaterequal-25-%28crude-estimate%29-%28-%29,2002,2002,2002,EMR,Eastern Mediterranean,ARE,United Arab Emirates,SEX,SEX_MLE,Male,64.993161,65.0 [61.8-68.2],61.793321,68.170273
NCD_BMI_PLUS1C,"Overweight among children and adolescents, BMI-for-age > +1 standard deviations above the median (crude estimate) (%)",https://www.who.int/data/gho/data/indicators/indicator-details/GHO/prevalence-of-overweight-among-children-and-adolescents-bmi-1-standard-deviations-above-the-median-%28crude-estimate%29-%28-%29,1997,1997,1997,EMR,Eastern Mediterranean,ARE,United Arab Emirates,SEX,SEX_MLE,Male,27.847949,27.8 [19.1-37.7],19.107631,37.73925
NCD_BMI_PLUS1C,"Overweight among children and adolescents, BMI-for-age > +1 standard deviations above the median (crude estimate) (%)",https://www.who.int/data/gho/data/indicators/indicator-details/GHO/prevalence-of-overweight-among-children-and-adolescents-bmi-1-standard-deviations-above-the-median-%28crude-estimate%29-%28-%29,1993,1993,1993,EMR,Eastern Mediterranean,ARE,United Arab Emirates,SEX,SEX_FMLE,Female,26.026583,26.0 [19.3-33.2],19.341801,33.207184
NCD_BMI_MINUS2C,"Thinness among children and adolescents, BMI-for-age < -2 standard deviations below the median (%)",https://www.who.int/data/gho/data/indicators/indicator-details/GHO/prevalence-of-thinness-among-children-and-adolescents-bmi--2-standard-deviations-below-the-median-%28crude-estimate%29-%28-%29,2006,2006,2006,EMR,Eastern Mediterranean,ARE,United Arab Emirates,SEX,SEX_FMLE,Female,2.9558919,3.0 [1.1-6.3],1.0930662,6.2502503
NCD_BMI_PLUS1C,"Overweight among children and adolescents, BMI-for-age > +1 standard deviations above the median (crude estimate) (%)",https://www.who.int/data/gho/data/indicators/indicator-details/GHO/prevalence-of-overweight-among-children-and-adolescents-bmi-1-standard-deviations-above-the-median-%28crude-estimate%29-%28-%29,1993,1993,1993,EMR,Eastern Mediterranean,ARE,United Arab Emirates,SEX,SEX_BTSX,Both sexes,26.604545,26.6 [21.5-31.9],21.453138,31.915718
NCD_BMI_30A,"Obesity among adults, BMI ≥ 30 kg/m2 (age-standardized estimate) (%)",https://www.who.int/data/gho/data/indicators/indicator-details/GHO/prevalence-of-obesity-among-adults-bmi--30-%28age-standardized-estimate%29-%28-%29,2015,2015,2015,EMR,Eastern Mediterranean,ARE,United Arab Emirates,SEX,SEX_MLE,Male,28.019601,28.0 [24.9-31.3],24.881068,31.255826
NUTRITION_ANAEMIA_REPRODUCTIVEAGE_PREV,Prevalence of anaemia in women of reproductive age (aged 15-49) (%),https://www.who.int/data/gho/data/indicators/indicator-details/GHO/prevalence-of-anaemia-in-women-of-reproductive-age-%28-%29,2001,2001,2001,EMR,Eastern Mediterranean,ARE,United Arab Emirates,SEX,SEX_FMLE,Female,29.4,29.4 [16.1-40.6],16.1,40.6
NUTRITION_ANAEMIA_REPRODUCTIVEAGE_PREV,Prevalence of anaemia in women of reproductive age (aged 15-49) (%),https://www.who.int/data/gho/data/indicators/indicator-details/GHO/prevalence-of-anaemia-in-women-of-reproductive-age-%28-%29,2011,2011,2011,EMR,Eastern Mediterranean,ARE,United Arab Emirates,SEX,SEX_FMLE,Female,28.3,28.3 [14.1-50.5],14.1,50.5
NCD_BMI_25C,"Overweight among adults, BMI ≥ 25 kg/m2 (crude estimate) (%)",https://www.who.int/data/gho/data/indicators/indicator-details/GHO/prevalence-of-overweight-among-adults-bmi-greaterequal-25-%28crude-estimate%29-%28-%29,2009,2009,2009,EMR,Eastern Mediterranean,ARE,United Arab Emirates,SEX,SEX_MLE,Male,70.300549,70.3 [67.4-73.2],67.441255,73.15563
NUTRITION_ANAEMIA_REPRODUCTIVEAGE_PREV,Prevalence of anaemia in women of reproductive age (aged 15-49) (%),https://www.who.int/data/gho/data/indicators/indicator-details/GHO/prevalence-of-anaemia-in-women-of-reproductive-age-%28-%29,2004,2004,2004,EMR,Eastern Mediterranean,ARE,United Arab Emirates,SEX,SEX_FMLE,Female,28.5,28.5 [13.5-50.9],13.5,50.9
NCD_BMI_30C,"Obesity among adults, BMI ≥ 30 kg/m2 (crude estimate) (%)",https://www.who.int/data/gho/data/indicators/indicator-details/GHO/prevalence-of-obesity-among-adults-bmi--30-%28crude-estimate%29-%28-%29,2009,2009,2009,EMR,Eastern Mediterranean,ARE,United Arab Emirates,SEX,SEX_MLE,Male,26.962364,27.0 [24.1-29.9],24.057299,29.912233
NCD_BMI_MINUS2C,"Thinness among children and adolescents, BMI-for-age < -2 standard deviations below the median (%)",https://www.who.int/data/gho/data/indicators/indicator-details/GHO/prevalence-of-thinness-among-children-and-adolescents-bmi--2-standard-deviations-below-the-median-%28crude-estimate%29-%28-%29,2010,2010,2010,EMR,Eastern Mediterranean,ARE,United Arab Emirates,SEX,SEX_BTSX,Both sexes,3.6321152,3.6 [2.7-4.8],2.6976852,4.8149113
NCD_BMI_18A,"Underweight among adults, BMI < 18.5 kg/m2 (age-standardized estimate) (%)",https://www.who.int/data/gho/data/indicators/indicator-details/GHO/prevalence-of-underweight-among-adults-bmi-18-%28age-standardized-estimate%29-%28-%29,2021,2021,2021,EMR,Eastern Mediterranean,ARE,United Arab Emirates,SEX,SEX_MLE,Male,2.8870387,2.9 [1.6-4.6],1.5823571,4.586979
NCD_BMI_MINUS2C,"Thinness among children and adolescents, BMI-for-age < -2 standard deviations below the median (%)",https://www.who.int/data/gho/data/indicators/indicator-details/GHO/prevalence-of-thinness-among-children-and-adolescents-bmi--2-standard-deviations-below-the-median-%28crude-estimate%29-%28-%29,1996,1996,1996,EMR,Eastern Mediterranean,ARE,United Arab Emirates,SEX,SEX_MLE,Male,5.1949296,5.2 [3.0-8.3],2.9769296,8.2587577
NCD_BMI_25C,"Overweight among adults, BMI ≥ 25 kg/m2 (crude estimate) (%)",https://www.who.int/data/gho/data/indicators/indicator-details/GHO/prevalence-of-overweight-among-adults-bmi-greaterequal-25-%28crude-estimate%29-%28-%29,1992,1992,1992,EMR,Eastern Mediterranean,ARE,United Arab Emirates,SEX,SEX_BTSX,Both sexes,55.762631,55.8 [51.6-59.8],51.556218,59.824896
NCD_BMI_PLUS2C,"Obesity among children and adolescents, BMI-for-age > +2 standard deviations above the median (crude estimate) (%)",https://www.who.int/data/gho/data/indicators/indicator-details/GHO/prevalence-of-obesity-among-children-and-adolescents-bmi-2-standard-deviations-above-the-median-%28crude-estimate%29-%28-%29,2006,2006,2006,EMR,Eastern Mediterranean,ARE,United Arab Emirates,SEX,SEX_BTSX,Both sexes,16.173103,16.2 [14.0-18.4],13.990088,18.415776
NUTRITION_ANAEMIA_CHILDREN_PREV,Prevalence of anaemia in children aged 6-59 months (%),https://www.who.int/data/gho/data/indicators/indicator-details/GHO/anaemia-in-non-pregnant-women-number-%28in-thousands%29,2009,2009,2009,EMR,Eastern Mediterranean,ARE,United Arab Emirates,SEX,SEX_BTSX,Both sexes,19.4,19.4 [8.7-35.3],8.7,35.3
NCD_BMI_PLUS1C,"Overweight among children and adolescents, BMI-for-age > +1 standard deviations above the median (crude estimate) (%)",https://www.who.int/data/gho/data/indicators/indicator-details/GHO/prevalence-of-overweight-among-children-and-adolescents-bmi-1-standard-deviations-above-the-median-%28crude-estimate%29-%28-%29,2020,2020,2020,EMR,Eastern Mediterranean,ARE,United Arab Emirates,SEX,SEX_MLE,Male,42.794546,42.8 [32.3-53.2],32.325998,53.220809
NCD_BMI_PLUS1C,"Overweight among children and adolescents, BMI-for-age > +1 standard deviations above the median (crude estimate) (%)",https://www.who.int/data/gho/data/indicators/indicator-details/GHO/prevalence-of-overweight-among-children-and-adolescents-bmi-1-standard-deviations-above-the-median-%28crude-estimate%29-%28-%29,2005,2005,2005,EMR,Eastern Mediterranean,ARE,United Arab Emirates,SEX,SEX_FMLE,Female,33.10512,33.1 [28.5-37.9],28.482553,37.928715
NCD_BMI_PLUS1C,"Overweight among children and adolescents, BMI-for-age > +1 standard deviations above the median (crude estimate) (%)",https://www.who.int/data/gho/data/indicators/indicator-details/GHO/prevalence-of-overweight-among-children-and-adolescents-bmi-1-standard-deviations-above-the-median-%28crude-estimate%29-%28-%29,2005,2005,2005,EMR,Eastern Mediterranean,ARE,United Arab Emirates,SEX,SEX_FMLE,Female,32.914904,32.9 [24.9-41.4],24.931628,41.438413
NCD_BMI_30C,"Obesity among adults, BMI ≥ 30 kg/m2 (crude estimate) (%)",https://www.who.int/data/gho/data/indicators/indicator-details/GHO/prevalence-of-obesity-among-adults-bmi--30-%28crude-estimate%29-%28-%29,2004,2004,2004,EMR,Eastern Mediterranean,ARE,United Arab Emirates,SEX,SEX_MLE,Male,24.257655,24.3 [21.3-27.3],21.281201,27.250028
NUTRITION_ANAEMIA_CHILDREN_NUM,Number of children aged 6-59 months with anaemia (thousands),https://www.who.int/data/gho/data/indicators/indicator-details/GHO/anaemia-in-children-under-5-years-number,2011,2011,2011,EMR,Eastern Mediterranean,ARE,United Arab Emirates,SEX,SEX_BTSX,Both sexes,92.566,93 [42-168],42,168
NCD_BMI_PLUS1C,"Overweight among children and adolescents, BMI-for-age > +1 standard deviations above the median (crude estimate) (%)",https://www.who.int/data/gho/data/indicators/indicator-details/GHO/prevalence-of-overweight-among-children-and-adolescents-bmi-1-standard-deviations-above-the-median-%28crude-estimate%29-%28-%29,2009,2009,2009,EMR,Eastern Mediterranean,ARE,United Arab Emirates,SEX,SEX_BTSX,Both sexes,36.060786,36.1 [30.0-42.3],30.024108,42.267102
NCD_BMI_MINUS2C,"Thinness among children and adolescents, BMI-for-age < -2 standard deviations below the median (%)",https://www.who.int/data/gho/data/indicators/indicator-details/GHO/prevalence-of-thinness-among-children-and-adolescents-bmi--2-standard-deviations-below-the-median-%28crude-estimate%29-%28-%29,1996,1996,1996,EMR,Eastern Mediterranean,ARE,United Arab Emirates,SEX,SEX_BTSX,Both sexes,5.0277974,5.0 [3.5-7.0],3.4566686,6.9512062
NCD_BMI_PLUS1C,"Overweight among children and adolescents, BMI-for-age > +1 standard deviations above the median (crude estimate) (%)",https://www.who.int/data/gho/data/indicators/indicator-details/GHO/prevalence-of-overweight-among-children-and-adolescents-bmi-1-standard-deviations-above-the-median-%28crude-estimate%29-%28-%29,2006,2006,2006,EMR,Eastern Mediterranean,ARE,United Arab Emirates,SEX,SEX_MLE,Male,38.348049,38.3 [33.9-42.9],33.926782,42.910033
NCD_BMI_MINUS2C,"Thinness among children and adolescents, BMI-for-age < -2 standard deviations below the median (%)",https://www.who.int/data/gho/data/indicators/indicator-details/GHO/prevalence-of-thinness-among-children-and-adolescents-bmi--2-standard-deviations-below-the-median-%28crude-estimate%29-%28-%29,2004,2004,2004,EMR,Eastern Mediterranean,ARE,United Arab Emirates,SEX,SEX_MLE,Male,4.5436546,4.5 [3.0-6.6],2.9872596,6.5597847
NCD_BMI_18A,"Underweight among adults, BMI < 18.5 kg/m2 (age-standardized estimate) (%)",https://www.who.int/data/gho/data/indicators/indicator-details/GHO/prevalence-of-underweight-among-adults-bmi-18-%28age-standardized-estimate%29-%28-%29,2004,2004,2004,EMR,Eastern Mediterranean,ARE,United Arab Emirates,SEX,SEX_BTSX,Both sexes,3.0495923,3.0 [2.2-4.0],2.2485046,4.020549
NCD_BMI_25A,"Overweight among adults, BMI ≥ 25 kg/m2 (age-standardized estimate) (%)",https://www.who.int/data/gho/data/indicators/indicator-details/GHO/prevalence-of-overweight-among-adults-bmi--25-%28age-standardized-estimate%29-%28-%29,1996,1996,1996,EMR,Eastern Mediterranean,ARE,United Arab Emirates,SEX,SEX_BTSX,Both sexes,61.493957,61.5 [58.5-64.5],58.486825,64.475685
NCD_BMI_PLUS1C,"Overweight among children and adolescents, BMI-for-age > +1 standard deviations above the median (crude estimate) (%)",https://www.who.int/data/gho/data/indicators/indicator-details/GHO/prevalence-of-overweight-among-children-and-adolescents-bmi-1-standard-deviations-above-the-median-%28crude-estimate%29-%28-%29,1999,1999,1999,EMR,Eastern Mediterranean,ARE,United Arab Emirates,SEX,SEX_FMLE,Female,29.323399,29.3 [21.0-38.2],21.035197,38.221952
NCD_BMI_PLUS1C,"Overweight among children and adolescents, BMI-for-age > +1 standard deviations above the median (crude estimate) (%)",https://www.who.int/data/gho/data/indicators/indicator-details/GHO/prevalence-of-overweight-among-children-and-adolescents-bmi-1-standard-deviations-above-the-median-%28crude-estimate%29-%28-%29,2004,2004,2004,EMR,Eastern Mediterranean,ARE,United Arab Emirates,SEX,SEX_FMLE,Female,32.503,32.5 [28.8-36.3],28.767312,36.32254
NCD_BMI_18A,"Underweight among adults, BMI < 18.5 kg/m2 (age-standardized estimate) (%)",https://www.who.int/data/gho/data/indicators/indicator-details/GHO/prevalence-of-underweight-among-adults-bmi-18-%28age-standardized-estimate%29-%28-%29,1996,1996,1996,EMR,Eastern Mediterranean,ARE,United Arab Emirates,SEX,SEX_BTSX,Both sexes,3.794058,3.8 [2.7-5.2],2.6711334,5.1941648
NUTRITION_ANAEMIA_REPRODUCTIVEAGE_NUM,Number of women of reproductive age (aged 15-49 years) with anaemia (thousands),https://www.who.int/data/gho/data/indicators/indicator-details/GHO/anaemia-in-women-of-reproductive-age-number-%28in-thousands%29,2018,2018,2018,EMR,Eastern Mediterranean,ARE,United Arab Emirates,SEX,SEX_FMLE,Female,606.4,606.4 [292.0-1089.4],292,1089.4
NCD_BMI_PLUS1C,"Overweight among children and adolescents, BMI-for-age > +1 standard deviations above the median (crude estimate) (%)",https://www.who.int/data/gho/data/indicators/indicator-details/GHO/prevalence-of-overweight-among-children-and-adolescents-bmi-1-standard-deviations-above-the-median-%28crude-estimate%29-%28-%29,1990,1990,1990,EMR,Eastern Mediterranean,ARE,United Arab Emirates,SEX,SEX_FMLE,Female,24.806087,24.8 [17.7-32.5],17.739768,32.490343
NCD_BMI_18A,"Underweight among adults, BMI < 18.5 kg/m2 (age-standardized estimate) (%)",https://www.who.int/data/gho/data/indicators/indicator-details/GHO/prevalence-of-underweight-among-adults-bmi-18-%28age-standardized-estimate%29-%28-%29,1991,1991,1991,EMR,Eastern Mediterranean,ARE,United Arab Emirates,SEX,SEX_MLE,Male,4.9678613,5.0 [2.9-7.7],2.8667103,7.7183612
NCD_BMI_18A,"Underweight among adults, BMI < 18.5 kg/m2 (age-standardized estimate) (%)",https://www.who.int/data/gho/data/indicators/indicator-details/GHO/prevalence-of-underweight-among-adults-bmi-18-%28age-standardized-estimate%29-%28-%29,2011,2011,2011,EMR,Eastern Mediterranean,ARE,United Arab Emirates,SEX,SEX_FMLE,Female,2.4357757,2.4 [1.7-3.3],1.7088043,3.2800447
NCD_BMI_PLUS1C,"Overweight among children and adolescents, BMI-for-age > +1 standard deviations above the median (crude estimate) (%)",https://www.who.int/data/gho/data/indicators/indicator-details/GHO/prevalence-of-overweight-among-children-and-adolescents-bmi-1-standard-deviations-above-the-median-%28crude-estimate%29-%28-%29,1991,1991,1991,EMR,Eastern Mediterranean,ARE,United Arab Emirates,SEX,SEX_BTSX,Both sexes,25.387126,25.4 [19.8-31.2],19.823492,31.182939
NCD_BMI_18C,"Underweight among adults, BMI < 18.5 kg/m2 (crude estimate) (%)",https://www.who.int/data/gho/data/indicators/indicator-details/GHO/prevalence-of-underweight-among-adults-bmi-18-%28crude-estimate%29-%28-%29,2007,2007,2007,EMR,Eastern Mediterranean,ARE,United Arab Emirates,SEX,SEX_BTSX,Both sexes,2.661572,2.7 [2.0-3.5],1.9691525,3.5283495
NCD_BMI_PLUS2C,"Obesity among children and adolescents, BMI-for-age > +2 standard deviations above the median (crude estimate) (%)",https://www.who.int/data/gho/data/indicators/indicator-details/GHO/prevalence-of-obesity-among-children-and-adolescents-bmi-2-standard-deviations-above-the-median-%28crude-estimate%29-%28-%29,2003,2003,2003,EMR,Eastern Mediterranean,ARE,United Arab Emirates,SEX,SEX_MLE,Male,16.269189,16.3 [12.2-20.8],12.230271,20.755669
NCD_BMI_PLUS1C,"Overweight among children and adolescents, BMI-for-age > +1 standard deviations above the median (crude estimate) (%)",https://www.who.int/data/gho/data/indicators/indicator-details/GHO/prevalence-of-overweight-among-children-and-adolescents-bmi-1-standard-deviations-above-the-median-%28crude-estimate%29-%28-%29,2003,2003,2003,EMR,Eastern Mediterranean,ARE,United Arab Emirates,SEX,SEX_BTSX,Both sexes,34.122172,34.1 [30.7-37.6],30.690208,37.572932
NCD_BMI_PLUS2C,"Obesity among children and adolescents, BMI-for-age > +2 standard deviations above the median (crude estimate) (%)",https://www.who.int/data/gho/data/indicators/indicator-details/GHO/prevalence-of-obesity-among-children-and-adolescents-bmi-2-standard-deviations-above-the-median-%28crude-estimate%29-%28-%29,1996,1996,1996,EMR,Eastern Mediterranean,ARE,United Arab Emirates,SEX,SEX_MLE,Male,12.139617,12.1 [7.2-18.2],7.1675733,18.165939
NCD_BMI_PLUS2C,"Obesity among children and adolescents, BMI-for-age > +2 standard deviations above the median (crude estimate) (%)",https://www.who.int/data/gho/data/indicators/indicator-details/GHO/prevalence-of-obesity-among-children-and-adolescents-bmi-2-standard-deviations-above-the-median-%28crude-estimate%29-%28-%29,2004,2004,2004,EMR,Eastern Mediterranean,ARE,United Arab Emirates,SEX,SEX_MLE,Male,16.800909,16.8 [12.8-21.2],12.808876,21.204573
NCD_BMI_30A,"Obesity among adults, BMI ≥ 30 kg/m2 (age-standardized estimate) (%)",https://www.who.int/data/gho/data/indicators/indicator-details/GHO/prevalence-of-obesity-among-adults-bmi--30-%28age-standardized-estimate%29-%28-%29,2011,2011,2011,EMR,Eastern Mediterranean,ARE,United Arab Emirates,SEX,SEX_FMLE,Female,38.994187,39.0 [36.1-41.9],36.130995,41.896862
NCD_BMI_25A,"Overweight among adults, BMI ≥ 25 kg/m2 (age-standardized estimate) (%)",https://www.who.int/data/gho/data/indicators/indicator-details/GHO/prevalence-of-overweight-among-adults-bmi--25-%28age-standardized-estimate%29-%28-%29,2011,2011,2011,EMR,Eastern Mediterranean,ARE,United Arab Emirates,SEX,SEX_BTSX,Both sexes,69.965219,70.0 [67.9-72.0],67.898703,72.012186
NCD_BMI_30A,"Obesity among adults, BMI ≥ 30 kg/m2 (age-standardized estimate) (%)",https://www.who.int/data/gho/data/indicators/indicator-details/GHO/prevalence-of-obesity-among-adults-bmi--30-%28age-standardized-estimate%29-%28-%29,1996,1996,1996,EMR,Eastern Mediterranean,ARE,United Arab Emirates,SEX,SEX_BTSX,Both sexes,22.617881,22.6 [20.2-25.2],20.235913,25.20625
NCD_BMI_MINUS2C,"Thinness among children and adolescents, BMI-for-age < -2 standard deviations below the median (%)",https://www.who.int/data/gho/data/indicators/indicator-details/GHO/prevalence-of-thinness-among-children-and-adolescents-bmi--2-standard-deviations-below-the-median-%28crude-estimate%29-%28-%29,1992,1992,1992,EMR,Eastern Mediterranean,ARE,United Arab Emirates,SEX,SEX_FMLE,Female,4.3817427,4.4 [2.0-8.1],2.0230103,8.0766685
NCD_BMI_PLUS1C,"Overweight among children and adolescents, BMI-for-age > +1 standard deviations above the median (crude estimate) (%)",https://www.who.int/data/gho/data/indicators/indicator-details/GHO/prevalence-of-overweight-among-children-and-adolescents-bmi-1-standard-deviations-above-the-median-%28crude-estimate%29-%28-%29,2013,2013,2013,EMR,Eastern Mediterranean,ARE,United Arab Emirates,SEX,SEX_MLE,Male,44.537395,44.5 [41.3-47.7],41.328901,47.723043
NUTRITION_ANAEMIA_REPRODUCTIVEAGE_PREV,Prevalence of anaemia in women of reproductive age (aged 15-49) (%),https://www.who.int/data/gho/data/indicators/indicator-details/GHO/prevalence-of-anaemia-in-women-of-reproductive-age-%28-%29,2015,2015,2015,EMR,Eastern Mediterranean,ARE,United Arab Emirates,SEX,SEX_FMLE,Female,28.2,28.2 [14.1-50.1],14.1,50.1
NCD_BMI_PLUS1C,"Overweight among children and adolescents, BMI-for-age > +1 standard deviations above the median (crude estimate) (%)",https://www.who.int/data/gho/data/indicators/indicator-details/GHO/prevalence-of-overweight-among-children-and-adolescents-bmi-1-standard-deviations-above-the-median-%28crude-estimate%29-%28-%29,2022,2022,2022,EMR,Eastern Mediterranean,ARE,United Arab Emirates,SEX,SEX_BTSX,Both sexes,44.581759,44.6 [39.8-49.5],39.806089,49.456927
NCD_BMI_PLUS1C,"Overweight among children and adolescents, BMI-for-age > +1 standard deviations above the median (crude estimate) (%)",https://www.who.int/data/gho/data/indicators/indicator-details/GHO/prevalence-of-overweight-among-children-and-adolescents-bmi-1-standard-deviations-above-the-median-%28crude-estimate%29-%28-%29,1992,1992,1992,EMR,Eastern Mediterranean,ARE,United Arab Emirates,SEX,SEX_MLE,Male,26.306427,26.3 [18.6-34.4],18.560171,34.449553
NCD_BMI_MINUS2C,"Thinness among children and adolescents, BMI-for-age < -2 standard deviations below the median (%)",https://www.who.int/data/gho/data/indicators/indicator-details/GHO/prevalence-of-thinness-among-children-and-adolescents-bmi--2-standard-deviations-below-the-median-%28crude-estimate%29-%28-%29,2019,2019,2019,EMR,Eastern Mediterranean,ARE,United Arab Emirates,SEX,SEX_MLE,Male,4.274321,4.3 [2.5-6.7],2.4981918,6.6939525
NCD_BMI_MINUS2C,"Thinness among children and adolescents, BMI-for-age < -2 standard deviations below the median (%)",https://www.who.int/data/gho/data/indicators/indicator-details/GHO/prevalence-of-thinness-among-children-and-adolescents-bmi--2-standard-deviations-below-the-median-%28crude-estimate%29-%28-%29,2000,2000,2000,EMR,Eastern Mediterranean,ARE,United Arab Emirates,SEX,SEX_FMLE,Female,3.4052532,3.4 [2.1-5.1],2.0867977,5.1452629
NCD_BMI_MINUS2C,"Thinness among children and adolescents, BMI-for-age < -2 standard deviations below the median (%)",https://www.who.int/data/gho/data/indicators/indicator-details/GHO/prevalence-of-thinness-among-children-and-adolescents-bmi--2-standard-deviations-below-the-median-%28crude-estimate%29-%28-%29,1990,1990,1990,EMR,Eastern Mediterranean,ARE,United Arab Emirates,SEX,SEX_BTSX,Both sexes,5.2757382,5.3 [3.1-8.2],3.1242514,8.1887856
NCD_BMI_PLUS1C,"Overweight among children and adolescents, BMI-for-age > +1 standard deviations above the median (crude estimate) (%)",https://www.who.int/data/gho/data/indicators/indicator-details/GHO/prevalence-of-overweight-among-children-and-adolescents-bmi-1-standard-deviations-above-the-median-%28crude-estimate%29-%28-%29,2006,2006,2006,EMR,Eastern Mediterranean,ARE,United Arab Emirates,SEX,SEX_BTSX,Both sexes,36.244467,36.2 [33.0-39.5],33.01937,39.490235
NCD_BMI_25A,"Overweight among adults, BMI ≥ 25 kg/m2 (age-standardized estimate) (%)",https://www.who.int/data/gho/data/indicators/indicator-details/GHO/prevalence-of-overweight-among-adults-bmi--25-%28age-standardized-estimate%29-%28-%29,2008,2008,2008,EMR,Eastern Mediterranean,ARE,United Arab Emirates,SEX,SEX_BTSX,Both sexes,69.087911,69.1 [66.9-71.2],66.920793,71.235681
NCD_BMI_MINUS2C,"Thinness among children and adolescents, BMI-for-age < -2 standard deviations below the median (%)",https://www.who.int/data/gho/data/indicators/indicator-details/GHO/prevalence-of-thinness-among-children-and-adolescents-bmi--2-standard-deviations-below-the-median-%28crude-estimate%29-%28-%29,1995,1995,1995,EMR,Eastern Mediterranean,ARE,United Arab Emirates,SEX,SEX_BTSX,Both sexes,5.1022857,5.1 [3.5-7.1],3.4588721,7.1027637
NCD_BMI_18A,"Underweight among adults, BMI < 18.5 kg/m2 (age-standardized estimate) (%)",https://www.who.int/data/gho/data/indicators/indicator-details/GHO/prevalence-of-underweight-among-adults-bmi-18-%28age-standardized-estimate%29-%28-%29,2004,2004,2004,EMR,Eastern Mediterranean,ARE,United Arab Emirates,SEX,SEX_MLE,Male,3.3293109,3.3 [2.2-4.7],2.2320017,4.684037
NUTRITION_ANAEMIA_CHILDREN_NUM,Number of children aged 6-59 months with anaemia (thousands),https://www.who.int/data/gho/data/indicators/indicator-details/GHO/anaemia-in-children-under-5-years-number,2019,2019,2019,EMR,Eastern Mediterranean,ARE,United Arab Emirates,SEVERITY,SEVERITY_MODERATE,Moderate,25.4,25.4 [5.92-70.5],5.92,70.5
NCD_BMI_PLUS2C,"Obesity among children and adolescents, BMI-for-age > +2 standard deviations above the median (crude estimate) (%)",https://www.who.int/data/gho/data/indicators/indicator-details/GHO/prevalence-of-obesity-among-children-and-adolescents-bmi-2-standard-deviations-above-the-median-%28crude-estimate%29-%28-%29,2010,2010,2010,EMR,Eastern Mediterranean,ARE,United Arab Emirates,SEX,SEX_MLE,Male,19.59617,19.6 [15.6-24.0],15.569225,24.014597
NCD_BMI_30A,"Obesity among adults, BMI ≥ 30 kg/m2 (age-standardized estimate) (%)",https://www.who.int/data/gho/data/indicators/indicator-details/GHO/prevalence-of-obesity-among-adults-bmi--30-%28age-standardized-estimate%29-%28-%29,1999,1999,1999,EMR,Eastern Mediterranean,ARE,United Arab Emirates,SEX,SEX_MLE,Male,20.755324,20.8 [17.9-23.8],17.908509,23.782073
NCD_BMI_PLUS1C,"Overweight among children and adolescents, BMI-for-age > +1 standard deviations above the median (crude estimate) (%)",https://www.who.int/data/gho/data/indicators/indicator-details/GHO/prevalence-of-overweight-among-children-and-adolescents-bmi-1-standard-deviations-above-the-median-%28crude-estimate%29-%28-%29,2013,2013,2013,EMR,Eastern Mediterranean,ARE,United Arab Emirates,SEX,SEX_BTSX,Both sexes,39.692837,39.7 [36.5-42.9],36.466828,42.89608
NCD_BMI_PLUS1C,"Overweight among children and adolescents, BMI-for-age > +1 standard deviations above the median (crude estimate) (%)",https://www.who.int/data/gho/data/indicators/indicator-details/GHO/prevalence-of-overweight-among-children-and-adolescents-bmi-1-standard-deviations-above-the-median-%28crude-estimate%29-%28-%29,2006,2006,2006,EMR,Eastern Mediterranean,ARE,United Arab Emirates,SEX,SEX_MLE,Male,39.889449,39.9 [36.2-43.5],36.244521,43.511298
NCD_BMI_MINUS2C,"Thinness among children and adolescents, BMI-for-age < -2 standard deviations below the median (%)",https://www.who.int/data/gho/data/indicators/indicator-details/GHO/prevalence-of-thinness-among-children-and-adolescents-bmi--2-standard-deviations-below-the-median-%28crude-estimate%29-%28-%29,2019,2019,2019,EMR,Eastern Mediterranean,ARE,United Arab Emirates,SEX,SEX_MLE,Male,3.2796979,3.3 [1.1-7.1],1.1076462,7.0675492
NUTRITION_ANAEMIA_REPRODUCTIVEAGE_NUM,Number of women of reproductive age (aged 15-49 years) with anaemia (thousands),https://www.who.int/data/gho/data/indicators/indicator-details/GHO/anaemia-in-women-of-reproductive-age-number-%28in-thousands%29,2002,2002,2002,EMR,Eastern Mediterranean,ARE,United Arab Emirates,SEX,SEX_FMLE,Female,209,209.0 [95.9-376.1],95.9,376.1
NCD_BMI_25C,"Overweight among adults, BMI ≥ 25 kg/m2 (crude estimate) (%)",https://www.who.int/data/gho/data/indicators/indicator-details/GHO/prevalence-of-overweight-among-adults-bmi-greaterequal-25-%28crude-estimate%29-%28-%29,1994,1994,1994,EMR,Eastern Mediterranean,ARE,United Arab Emirates,SEX,SEX_FMLE,Female,58.368164,58.4 [53.9-62.8],53.898263,62.785971
NUTRITION_ANAEMIA_REPRODUCTIVEAGE_PREV,Prevalence of anaemia in women of reproductive age (aged 15-49) (%),https://www.who.int/data/gho/data/indicators/indicator-details/GHO/prevalence-of-anaemia-in-women-of-reproductive-age-%28-%29,2004,2004,2004,EMR,Eastern Mediterranean,ARE,United Arab Emirates,SEX,SEX_FMLE,Female,29.1,29.1 [15.9-40.4],15.9,40.4
NCD_BMI_PLUS2C,"Obesity among children and adolescents, BMI-for-age > +2 standard deviations above the median (crude estimate) (%)",https://www.who.int/data/gho/data/indicators/indicator-details/GHO/prevalence-of-obesity-among-children-and-adolescents-bmi-2-standard-deviations-above-the-median-%28crude-estimate%29-%28-%29,1991,1991,1991,EMR,Eastern Mediterranean,ARE,United Arab Emirates,SEX,SEX_BTSX,Both sexes,8.0588192,8.1 [3.8-13.9],3.7708309,13.889058
NCD_BMI_PLUS2C,"Obesity among children and adolescents, BMI-for-age > +2 standard deviations above the median (crude estimate) (%)",https://www.who.int/data/gho/data/indicators/indicator-details/GHO/prevalence-of-obesity-among-children-and-adolescents-bmi-2-standard-deviations-above-the-median-%28crude-estimate%29-%28-%29,2015,2015,2015,EMR,Eastern Mediterranean,ARE,United Arab Emirates,SEX,SEX_MLE,Male,19.664848,19.7 [11.3-29.3],11.293375,29.318392
NCD_CCS_TransFat,Existence of national policies on trans-fatty acid elimination,https://www.who.int/data/gho/data/indicators/indicator-details/GHO/uhctransfats-policy-best-practice-industrially-produced-tfa,2019,2019,2019,EMR,Eastern Mediterranean,ARE,United Arab Emirates,,,,,Yes,,
NUTRITION_ANAEMIA_CHILDREN_NUM,Number of children aged 6-59 months with anaemia (thousands),https://www.who.int/data/gho/data/indicators/indicator-details/GHO/anaemia-in-children-under-5-years-number,2015,2015,2015,EMR,Eastern Mediterranean,ARE,United Arab Emirates,SEX,SEX_BTSX,Both sexes,97.637,98 [43-177],43,177
NCD_BMI_30C,"Obesity among adults, BMI ≥ 30 kg/m2 (crude estimate) (%)",https://www.who.int/data/gho/data/indicators/indicator-details/GHO/prevalence-of-obesity-among-adults-bmi--30-%28crude-estimate%29-%28-%29,1995,1995,1995,EMR,Eastern Mediterranean,ARE,United Arab Emirates,SEX,SEX_BTSX,Both sexes,21.268584,21.3 [18.7-24.1],18.71125,24.094291
NCD_BMI_PLUS2C,"Obesity among children and adolescents, BMI-for-age > +2 standard deviations above the median (crude estimate) (%)",https://www.who.int/data/gho/data/indicators/indicator-details/GHO/prevalence-of-obesity-among-children-and-adolescents-bmi-2-standard-deviations-above-the-median-%28crude-estimate%29-%28-%29,2000,2000,2000,EMR,Eastern Mediterranean,ARE,United Arab Emirates,SEX,SEX_BTSX,Both sexes,11.85974,11.9 [7.1-17.5],7.1370475,17.456706
NCD_BMI_MINUS2C,"Thinness among children and adolescents, BMI-for-age < -2 standard deviations below the median (%)",https://www.who.int/data/gho/data/indicators/indicator-details/GHO/prevalence-of-thinness-among-children-and-adolescents-bmi--2-standard-deviations-below-the-median-%28crude-estimate%29-%28-%29,1992,1992,1992,EMR,Eastern Mediterranean,ARE,United Arab Emirates,SEX,SEX_MLE,Male,6.2965803,6.3 [3.5-10.1],3.4561027,10.061473
NCD_BMI_MINUS2C,"Thinness among children and adolescents, BMI-for-age < -2 standard deviations below the median (%)",https://www.who.int/data/gho/data/indicators/indicator-details/GHO/prevalence-of-thinness-among-children-and-adolescents-bmi--2-standard-deviations-below-the-median-%28crude-estimate%29-%28-%29,2016,2016,2016,EMR,Eastern Mediterranean,ARE,United Arab Emirates,SEX,SEX_MLE,Male,4.1743871,4.2 [2.7-6.1],2.6998352,6.1255716
NUTRITION_ANAEMIA_CHILDREN_PREV,Prevalence of anaemia in children aged 6-59 months (%),https://www.who.int/data/gho/data/indicators/indicator-details/GHO/anaemia-in-non-pregnant-women-number-%28in-thousands%29,2001,2001,2001,EMR,Eastern Mediterranean,ARE,United Arab Emirates,SEX,SEX_BTSX,Both sexes,19.2,19.2 [8.5-36.7],8.5,36.7
NUTRITION_ANAEMIA_REPRODUCTIVEAGE_PREV,Prevalence of anaemia in women of reproductive age (aged 15-49) (%),https://www.who.int/data/gho/data/indicators/indicator-details/GHO/prevalence-of-anaemia-in-women-of-reproductive-age-%28-%29,2019,2019,2019,EMR,Eastern Mediterranean,ARE,United Arab Emirates,SEX,SEX_FMLE,Female,28.7,28.7 [15.1-40.5],15.1,40.5
NCD_BMI_PLUS1C,"Overweight among children and adolescents, BMI-for-age > +1 standard deviations above the median (crude estimate) (%)",https://www.who.int/data/gho/data/indicators/indicator-details/GHO/prevalence-of-overweight-among-children-and-adolescents-bmi-1-standard-deviations-above-the-median-%28crude-estimate%29-%28-%29,2019,2019,2019,EMR,Eastern Mediterranean,ARE,United Arab Emirates,SEX,SEX_MLE,Male,42.381248,42.4 [32.2-52.4],32.242143,52.445608
NCD_BMI_25C,"Overweight among adults, BMI ≥ 25 kg/m2 (crude estimate) (%)",https://www.who.int/data/gho/data/indicators/indicator-details/GHO/prevalence-of-overweight-among-adults-bmi-greaterequal-25-%28crude-estimate%29-%28-%29,2016,2016,2016,EMR,Eastern Mediterranean,ARE,United Arab Emirates,SEX,SEX_MLE,Male,71.989876,72.0 [68.9-75.0],68.853784,74.993515
NUTRITION_ANAEMIA_CHILDREN_PREV,Prevalence of anaemia in children aged 6-59 months (%),https://www.who.int/data/gho/data/indicators/indicator-details/GHO/anaemia-in-non-pregnant-women-number-%28in-thousands%29,2019,2019,2019,EMR,Eastern Mediterranean,ARE,United Arab Emirates,SEVERITY,SEVERITY_MILD,Mild,15.3,15.3 [6.2-27.6],6.2,27.6
NCD_BMI_18C,"Underweight among adults, BMI < 18.5 kg/m2 (crude estimate) (%)",https://www.who.int/data/gho/data/indicators/indicator-details/GHO/prevalence-of-underweight-among-adults-bmi-18-%28crude-estimate%29-%28-%29,2018,2018,2018,EMR,Eastern Mediterranean,ARE,United Arab Emirates,SEX,SEX_MLE,Male,2.4804393,2.5 [1.5-3.8],1.4713183,3.7908733
NUTRITION_ANAEMIA_REPRODUCTIVEAGE_NUM,Number of women of reproductive age (aged 15-49 years) with anaemia (thousands),https://www.who.int/data/gho/data/indicators/indicator-details/GHO/anaemia-in-women-of-reproductive-age-number-%28in-thousands%29,2015,2015,2015,EMR,Eastern Mediterranean,ARE,United Arab Emirates,SEX,SEX_FMLE,Female,560.1,560.1 [279.0-993.8],279,993.8
NCD_BMI_PLUS2C,"Obesity among children and adolescents, BMI-for-age > +2 standard deviations above the median (crude estimate) (%)",https://www.who.int/data/gho/data/indicators/indicator-details/GHO/prevalence-of-obesity-among-children-and-adolescents-bmi-2-standard-deviations-above-the-median-%28crude-estimate%29-%28-%29,2022,2022,2022,EMR,Eastern Mediterranean,ARE,United Arab Emirates,SEX,SEX_FMLE,Female,17.11137,17.1 [10.8-24.4],10.815927,24.362625
NCD_BMI_MINUS2C,"Thinness among children and adolescents, BMI-for-age < -2 standard deviations below the median (%)",https://www.who.int/data/gho/data/indicators/indicator-details/GHO/prevalence-of-thinness-among-children-and-adolescents-bmi--2-standard-deviations-below-the-median-%28crude-estimate%29-%28-%29,2003,2003,2003,EMR,Eastern Mediterranean,ARE,United Arab Emirates,SEX,SEX_BTSX,Both sexes,4.0178411,4.0 [2.9-5.4],2.9025389,5.4212067
NCD_BMI_PLUS1C,"Overweight among children and adolescents, BMI-for-age > +1 standard deviations above the median (crude estimate) (%)",https://www.who.int/data/gho/data/indicators/indicator-details/GHO/prevalence-of-overweight-among-children-and-adolescents-bmi-1-standard-deviations-above-the-median-%28crude-estimate%29-%28-%29,2015,2015,2015,EMR,Eastern Mediterranean,ARE,United Arab Emirates,SEX,SEX_FMLE,Female,37.039682,37.0 [28.2-46.0],28.171647,46.00246
NCD_BMI_PLUS1C,"Overweight among children and adolescents, BMI-for-age > +1 standard deviations above the median (crude estimate) (%)",https://www.who.int/data/gho/data/indicators/indicator-details/GHO/prevalence-of-overweight-among-children-and-adolescents-bmi-1-standard-deviations-above-the-median-%28crude-estimate%29-%28-%29,2010,2010,2010,EMR,Eastern Mediterranean,ARE,United Arab Emirates,SEX,SEX_FMLE,Female,35.212946,35.2 [30.9-39.7],30.86578,39.73169
NCD_BMI_PLUS2C,"Obesity among children and adolescents, BMI-for-age > +2 standard deviations above the median (crude estimate) (%)",https://www.who.int/data/gho/data/indicators/indicator-details/GHO/prevalence-of-obesity-among-children-and-adolescents-bmi-2-standard-deviations-above-the-median-%28crude-estimate%29-%28-%29,2009,2009,2009,EMR,Eastern Mediterranean,ARE,United Arab Emirates,SEX,SEX_MLE,Male,17.648347,17.6 [9.9-27.0],9.9486127,27.00268
NUTRITION_ANAEMIA_CHILDREN_PREV,Prevalence of anaemia in children aged 6-59 months (%),https://www.who.int/data/gho/data/indicators/indicator-details/GHO/anaemia-in-non-pregnant-women-number-%28in-thousands%29,2015,2015,2015,EMR,Eastern Mediterranean,ARE,United Arab Emirates,SEVERITY,SEVERITY_MODERATE,Moderate,4.6,4.6 [1.4-11.4],1.4,11.4
NCD_BMI_PLUS1C,"Overweight among children and adolescents, BMI-for-age > +1 standard deviations above the median (crude estimate) (%)",https://www.who.int/data/gho/data/indicators/indicator-details/GHO/prevalence-of-overweight-among-children-and-adolescents-bmi-1-standard-deviations-above-the-median-%28crude-estimate%29-%28-%29,1990,1990,1990,EMR,Eastern Mediterranean,ARE,United Arab Emirates,SEX,SEX_FMLE,Female,24.778445,24.8 [17.4-33.0],17.357083,33.048508
NCD_BMI_PLUS1C,"Overweight among children and adolescents, BMI-for-age > +1 standard deviations above the median (crude estimate) (%)",https://www.who.int/data/gho/data/indicators/indicator-details/GHO/prevalence-of-overweight-among-children-and-adolescents-bmi-1-standard-deviations-above-the-median-%28crude-estimate%29-%28-%29,2009,2009,2009,EMR,Eastern Mediterranean,ARE,United Arab Emirates,SEX,SEX_FMLE,Female,34.576708,34.6 [26.5-43.1],26.537639,43.102801
NCD_BMI_PLUS2C,"Obesity among children and adolescents, BMI-for-age > +2 standard deviations above the median (crude estimate) (%)",https://www.who.int/data/gho/data/indicators/indicator-details/GHO/prevalence-of-obesity-among-children-and-adolescents-bmi-2-standard-deviations-above-the-median-%28crude-estimate%29-%28-%29,2015,2015,2015,EMR,Eastern Mediterranean,ARE,United Arab Emirates,SEX,SEX_FMLE,Female,15.357807,15.4 [12.4-18.6],12.448291,18.598065
NCD_BMI_PLUS2C,"Obesity among children and adolescents, BMI-for-age > +2 standard deviations above the median (crude estimate) (%)",https://www.who.int/data/gho/data/indicators/indicator-details/GHO/prevalence-of-obesity-among-children-and-adolescents-bmi-2-standard-deviations-above-the-median-%28crude-estimate%29-%28-%29,2017,2017,2017,EMR,Eastern Mediterranean,ARE,United Arab Emirates,SEX,SEX_BTSX,Both sexes,18.989666,19.0 [15.7-22.6],15.706076,22.573708
NCD_BMI_MINUS2C,"Thinness among children and adolescents, BMI-for-age < -2 standard deviations below the median (%)",https://www.who.int/data/gho/data/indicators/indicator-details/GHO/prevalence-of-thinness-among-children-and-adolescents-bmi--2-standard-deviations-below-the-median-%28crude-estimate%29-%28-%29,2015,2015,2015,EMR,Eastern Mediterranean,ARE,United Arab Emirates,SEX,SEX_BTSX,Both sexes,3.021487,3.0 [1.6-5.2],1.5696362,5.1877238
NCD_BMI_PLUS2C,"Obesity among children and adolescents, BMI-for-age > +2 standard deviations above the median (crude estimate) (%)",https://www.who.int/data/gho/data/indicators/indicator-details/GHO/prevalence-of-obesity-among-children-and-adolescents-bmi-2-standard-deviations-above-the-median-%28crude-estimate%29-%28-%29,1995,1995,1995,EMR,Eastern Mediterranean,ARE,United Arab Emirates,SEX,SEX_BTSX,Both sexes,10.34718,10.3 [6.9-14.4],6.8747312,14.426307
NUTRITION_ANAEMIA_CHILDREN_PREV,Prevalence of anaemia in children aged 6-59 months (%),https://www.who.int/data/gho/data/indicators/indicator-details/GHO/anaemia-in-non-pregnant-women-number-%28in-thousands%29,2011,2011,2011,EMR,Eastern Mediterranean,ARE,United Arab Emirates,SEVERITY,SEVERITY_SEVERE,Severe,0.1,0.1 [0.0-0.3],0,0.3
NCD_BMI_30C,"Obesity among adults, BMI ≥ 30 kg/m2 (crude estimate) (%)",https://www.who.int/data/gho/data/indicators/indicator-details/GHO/prevalence-of-obesity-among-adults-bmi--30-%28crude-estimate%29-%28-%29,2011,2011,2011,EMR,Eastern Mediterranean,ARE,United Arab Emirates,SEX,SEX_FMLE,Female,36.261633,36.3 [33.4-39.2],33.427492,39.153177
NUTRITION_ANAEMIA_REPRODUCTIVEAGE_PREV,Prevalence of anaemia in women of reproductive age (aged 15-49) (%),https://www.who.int/data/gho/data/indicators/indicator-details/GHO/prevalence-of-anaemia-in-women-of-reproductive-age-%28-%29,2005,2005,2005,EMR,Eastern Mediterranean,ARE,United Arab Emirates,SEX,SEX_FMLE,Female,28.5,28.5 [14.1-50.1],14.1,50.1
NCD_BMI_30A,"Obesity among adults, BMI ≥ 30 kg/m2 (age-standardized estimate) (%)",https://www.who.int/data/gho/data/indicators/indicator-details/GHO/prevalence-of-obesity-among-adults-bmi--30-%28age-standardized-estimate%29-%28-%29,2022,2022,2022,EMR,Eastern Mediterranean,ARE,United Arab Emirates,SEX,SEX_FMLE,Female,38.6594,38.7 [33.9-43.5],33.889148,43.479654
NCD_BMI_25C,"Overweight among adults, BMI ≥ 25 kg/m2 (crude estimate) (%)",https://www.who.int/data/gho/data/indicators/indicator-details/GHO/prevalence-of-overweight-among-adults-bmi-greaterequal-25-%28crude-estimate%29-%28-%29,2012,2012,2012,EMR,Eastern Mediterranean,ARE,United Arab Emirates,SEX,SEX_BTSX,Both sexes,69.952035,70.0 [67.9-72.1],67.859477,72.084498
NCD_BMI_PLUS1C,"Overweight among children and adolescents, BMI-for-age > +1 standard deviations above the median (crude estimate) (%)",https://www.who.int/data/gho/data/indicators/indicator-details/GHO/prevalence-of-overweight-among-children-and-adolescents-bmi-1-standard-deviations-above-the-median-%28crude-estimate%29-%28-%29,2014,2014,2014,EMR,Eastern Mediterranean,ARE,United Arab Emirates,SEX,SEX_BTSX,Both sexes,41.249874,41.2 [38.9-43.6],38.896224,43.585569
NUTRITION_ANAEMIA_CHILDREN_PREV,Prevalence of anaemia in children aged 6-59 months (%),https://www.who.int/data/gho/data/indicators/indicator-details/GHO/anaemia-in-non-pregnant-women-number-%28in-thousands%29,2017,2017,2017,EMR,Eastern Mediterranean,ARE,United Arab Emirates,SEVERITY,SEVERITY_SEVERE,Severe,0.1,0.1 [0.0-0.3],0,0.3
NUTRITION_ANAEMIA_REPRODUCTIVEAGE_NUM,Number of women of reproductive age (aged 15-49 years) with anaemia (thousands),https://www.who.int/data/gho/data/indicators/indicator-details/GHO/anaemia-in-women-of-reproductive-age-number-%28in-thousands%29,2003,2003,2003,EMR,Eastern Mediterranean,ARE,United Arab Emirates,SEX,SEX_FMLE,Female,222,222.0 [104.6-397.4],104.6,397.4
NCD_BMI_PLUS2C,"Obesity among children and adolescents, BMI-for-age > +2 standard deviations above the median (crude estimate) (%)",https://www.who.int/data/gho/data/indicators/indicator-details/GHO/prevalence-of-obesity-among-children-and-adolescents-bmi-2-standard-deviations-above-the-median-%28crude-estimate%29-%28-%29,2012,2012,2012,EMR,Eastern Mediterranean,ARE,United Arab Emirates,SEX,SEX_MLE,Male,21.246234,21.2 [18.4-24.2],18.380621,24.203135
NCD_BMI_25A,"Overweight among adults, BMI ≥ 25 kg/m2 (age-standardized estimate) (%)",https://www.who.int/data/gho/data/indicators/indicator-details/GHO/prevalence-of-overweight-among-adults-bmi--25-%28age-standardized-estimate%29-%28-%29,2002,2002,2002,EMR,Eastern Mediterranean,ARE,United Arab Emirates,SEX,SEX_BTSX,Both sexes,66.18762,66.2 [63.9-68.5],63.856918,68.524462
NUTRITION_ANAEMIA_REPRODUCTIVEAGE_NUM,Number of women of reproductive age (aged 15-49 years) with anaemia (thousands),https://www.who.int/data/gho/data/indicators/indicator-details/GHO/anaemia-in-women-of-reproductive-age-number-%28in-thousands%29,2014,2014,2014,EMR,Eastern Mediterranean,ARE,United Arab Emirates,SEX,SEX_FMLE,Female,16.9,16.9 [8.9-23.7],8.9,23.7
NCD_BMI_PLUS1C,"Overweight among children and adolescents, BMI-for-age > +1 standard deviations above the median (crude estimate) (%)",https://www.who.int/data/gho/data/indicators/indicator-details/GHO/prevalence-of-overweight-among-children-and-adolescents-bmi-1-standard-deviations-above-the-median-%28crude-estimate%29-%28-%29,2003,2003,2003,EMR,Eastern Mediterranean,ARE,United Arab Emirates,SEX,SEX_FMLE,Female,31.777853,31.8 [27.8-35.8],27.824005,35.781908
NCD_BMI_PLUS2C,"Obesity among children and adolescents, BMI-for-age > +2 standard deviations above the median (crude estimate) (%)",https://www.who.int/data/gho/data/indicators/indicator-details/GHO/prevalence-of-obesity-among-children-and-adolescents-bmi-2-standard-deviations-above-the-median-%28crude-estimate%29-%28-%29,1994,1994,1994,EMR,Eastern Mediterranean,ARE,United Arab Emirates,SEX,SEX_MLE,Male,10.000338,10.0 [3.8-18.9],3.8110204,18.892315
NCD_BMI_PLUS2C,"Obesity among children and adolescents, BMI-for-age > +2 standard deviations above the median (crude estimate) (%)",https://www.who.int/data/gho/data/indicators/indicator-details/GHO/prevalence-of-obesity-among-children-and-adolescents-bmi-2-standard-deviations-above-the-median-%28crude-estimate%29-%28-%29,1992,1992,1992,EMR,Eastern Mediterranean,ARE,United Arab Emirates,SEX,SEX_MLE,Male,9.0545237,9.1 [3.1-18.0],3.0978261,18.011017
NCD_BMI_PLUS2C,"Obesity among children and adolescents, BMI-for-age > +2 standard deviations above the median (crude estimate) (%)",https://www.who.int/data/gho/data/indicators/indicator-details/GHO/prevalence-of-obesity-among-children-and-adolescents-bmi-2-standard-deviations-above-the-median-%28crude-estimate%29-%28-%29,2003,2003,2003,EMR,Eastern Mediterranean,ARE,United Arab Emirates,SEX,SEX_MLE,Male,16.880038,16.9 [13.2-20.9],13.170005,20.937186
NUTRITION_ANAEMIA_CHILDREN_PREV,Prevalence of anaemia in children aged 6-59 months (%),https://www.who.int/data/gho/data/indicators/indicator-details/GHO/anaemia-in-non-pregnant-women-number-%28in-thousands%29,2016,2016,2016,EMR,Eastern Mediterranean,ARE,United Arab Emirates,SEX,SEX_BTSX,Both sexes,19.4,19.4 [8.2-35.5],8.2,35.5
NCD_BMI_25A,"Overweight among adults, BMI ≥ 25 kg/m2 (age-standardized estimate) (%)",https://www.who.int/data/gho/data/indicators/indicator-details/GHO/prevalence-of-overweight-among-adults-bmi--25-%28age-standardized-estimate%29-%28-%29,2012,2012,2012,EMR,Eastern Mediterranean,ARE,United Arab Emirates,SEX,SEX_BTSX,Both sexes,70.162487,70.2 [68.1-72.2],68.095094,72.187448
NUTRITION_ANAEMIA_CHILDREN_PREV,Prevalence of anaemia in children aged 6-59 months (%),https://www.who.int/data/gho/data/indicators/indicator-details/GHO/anaemia-in-non-pregnant-women-number-%28in-thousands%29,2000,2000,2000,EMR,Eastern Mediterranean,ARE,United Arab Emirates,SEVERITY,SEVERITY_MODERATE,Moderate,5.6,5.6 [1.7-15.7],1.7,15.7
NCD_BMI_MINUS2C,"Thinness among children and adolescents, BMI-for-age < -2 standard deviations below the median (%)",https://www.who.int/data/gho/data/indicators/indicator-details/GHO/prevalence-of-thinness-among-children-and-adolescents-bmi--2-standard-deviations-below-the-median-%28crude-estimate%29-%28-%29,2002,2002,2002,EMR,Eastern Mediterranean,ARE,United Arab Emirates,SEX,SEX_FMLE,Female,3.1666484,3.2 [1.2-6.7],1.1508705,6.7134649
NCD_BMI_25A,"Overweight among adults, BMI ≥ 25 kg/m2 (age-standardized estimate) (%)",https://www.who.int/data/gho/data/indicators/indicator-details/GHO/prevalence-of-overweight-among-adults-bmi--25-%28age-standardized-estimate%29-%28-%29,2006,2006,2006,EMR,Eastern Mediterranean,ARE,United Arab Emirates,SEX,SEX_BTSX,Both sexes,68.359059,68.4 [66.2-70.6],66.15181,70.589626
NUTRITION_ANAEMIA_CHILDREN_PREV,Prevalence of anaemia in children aged 6-59 months (%),https://www.who.int/data/gho/data/indicators/indicator-details/GHO/anaemia-in-non-pregnant-women-number-%28in-thousands%29,2004,2004,2004,EMR,Eastern Mediterranean,ARE,United Arab Emirates,SEVERITY,SEVERITY_SEVERE,Severe,0.1,0.1 [0.0-0.5],0,0.5
NCD_BMI_MINUS2C,"Thinness among children and adolescents, BMI-for-age < -2 standard deviations below the median (%)",https://www.who.int/data/gho/data/indicators/indicator-details/GHO/prevalence-of-thinness-among-children-and-adolescents-bmi--2-standard-deviations-below-the-median-%28crude-estimate%29-%28-%29,2000,2000,2000,EMR,Eastern Mediterranean,ARE,United Arab Emirates,SEX,SEX_MLE,Male,5.492596,5.5 [3.6-7.9],3.5789985,7.9329595
NUTRITION_ANAEMIA_CHILDREN_PREV,Prevalence of anaemia in children aged 6-59 months (%),https://www.who.int/data/gho/data/indicators/indicator-details/GHO/anaemia-in-non-pregnant-women-number-%28in-thousands%29,2007,2007,2007,EMR,Eastern Mediterranean,ARE,United Arab Emirates,SEVERITY,SEVERITY_TOTAL,Total,19.3,19.3 [8.7-35.3],8.7,35.3
NUTRITION_ANAEMIA_REPRODUCTIVEAGE_PREV,Prevalence of anaemia in women of reproductive age (aged 15-49) (%),https://www.who.int/data/gho/data/indicators/indicator-details/GHO/prevalence-of-anaemia-in-women-of-reproductive-age-%28-%29,2021,2021,2021,EMR,Eastern Mediterranean,ARE,United Arab Emirates,SEX,SEX_FMLE,Female,27.9,27.9 [11.8-51.8],11.8,51.8
NCD_BMI_PLUS1C,"Overweight among children and adolescents, BMI-for-age > +1 standard deviations above the median (crude estimate) (%)",https://www.who.int/data/gho/data/indicators/indicator-details/GHO/prevalence-of-overweight-among-children-and-adolescents-bmi-1-standard-deviations-above-the-median-%28crude-estimate%29-%28-%29,2018,2018,2018,EMR,Eastern Mediterranean,ARE,United Arab Emirates,SEX,SEX_MLE,Male,46.919966,46.9 [42.3-51.6],42.280737,51.619941
NCD_BMI_PLUS1C,"Overweight among children and adolescents, BMI-for-age > +1 standard deviations above the median (crude estimate) (%)",https://www.who.int/data/gho/data/indicators/indicator-details/GHO/prevalence-of-overweight-among-children-and-adolescents-bmi-1-standard-deviations-above-the-median-%28crude-estimate%29-%28-%29,2020,2020,2020,EMR,Eastern Mediterranean,ARE,United Arab Emirates,SEX,SEX_FMLE,Female,39.642632,39.6 [34.3-45.1],34.2612,45.122883
NCD_BMI_30C,"Obesity among adults, BMI ≥ 30 kg/m2 (crude estimate) (%)",https://www.who.int/data/gho/data/indicators/indicator-details/GHO/prevalence-of-obesity-among-adults-bmi--30-%28crude-estimate%29-%28-%29,2001,2001,2001,EMR,Eastern Mediterranean,ARE,United Arab Emirates,SEX,SEX_BTSX,Both sexes,25.116599,25.1 [22.8-27.5],22.828017,27.521324
NUTRITION_ANAEMIA_CHILDREN_PREV,Prevalence of anaemia in children aged 6-59 months (%),https://www.who.int/data/gho/data/indicators/indicator-details/GHO/anaemia-in-non-pregnant-women-number-%28in-thousands%29,2016,2016,2016,EMR,Eastern Mediterranean,ARE,United Arab Emirates,SEVERITY,SEVERITY_SEVERE,Severe,0.1,0.1 [0.0-0.3],0,0.3
NCD_BMI_25C,"Overweight among adults, BMI ≥ 25 kg/m2 (crude estimate) (%)",https://www.who.int/data/gho/data/indicators/indicator-details/GHO/prevalence-of-overweight-among-adults-bmi-greaterequal-25-%28crude-estimate%29-%28-%29,2010,2010,2010,EMR,Eastern Mediterranean,ARE,United Arab Emirates,SEX,SEX_FMLE,Female,66.796815,66.8 [64.2-69.4],64.155281,69.35842
NCD_BMI_MINUS2C,"Thinness among children and adolescents, BMI-for-age < -2 standard deviations below the median (%)",https://www.who.int/data/gho/data/indicators/indicator-details/GHO/prevalence-of-thinness-among-children-and-adolescents-bmi--2-standard-deviations-below-the-median-%28crude-estimate%29-%28-%29,2009,2009,2009,EMR,Eastern Mediterranean,ARE,United Arab Emirates,SEX,SEX_FMLE,Female,3.0094396,3.0 [1.9-4.7],1.8715298,4.6868708
NCD_BMI_MINUS2C,"Thinness among children and adolescents, BMI-for-age < -2 standard deviations below the median (%)",https://www.who.int/data/gho/data/indicators/indicator-details/GHO/prevalence-of-thinness-among-children-and-adolescents-bmi--2-standard-deviations-below-the-median-%28crude-estimate%29-%28-%29,2003,2003,2003,EMR,Eastern Mediterranean,ARE,United Arab Emirates,SEX,SEX_FMLE,Female,3.1686641,3.2 [2.1-4.5],2.0694755,4.5499615
NCD_BMI_25A,"Overweight among adults, BMI ≥ 25 kg/m2 (age-standardized estimate) (%)",https://www.who.int/data/gho/data/indicators/indicator-details/GHO/prevalence-of-overweight-among-adults-bmi--25-%28age-standardized-estimate%29-%28-%29,2007,2007,2007,EMR,Eastern Mediterranean,ARE,United Arab Emirates,SEX,SEX_FMLE,Female,68.450868,68.5 [65.9-70.9],65.884399,70.915639
NCD_BMI_MINUS2C,"Thinness among children and adolescents, BMI-for-age < -2 standard deviations below the median (%)",https://www.who.int/data/gho/data/indicators/indicator-details/GHO/prevalence-of-thinness-among-children-and-adolescents-bmi--2-standard-deviations-below-the-median-%28crude-estimate%29-%28-%29,2014,2014,2014,EMR,Eastern Mediterranean,ARE,United Arab Emirates,SEX,SEX_MLE,Male,4.152647,4.2 [2.8-6.0],2.7930487,5.9603527
NCD_BMI_PLUS2C,"Obesity among children and adolescents, BMI-for-age > +2 standard deviations above the median (crude estimate) (%)",https://www.who.int/data/gho/data/indicators/indicator-details/GHO/prevalence-of-obesity-among-children-and-adolescents-bmi-2-standard-deviations-above-the-median-%28crude-estimate%29-%28-%29,1998,1998,1998,EMR,Eastern Mediterranean,ARE,United Arab Emirates,SEX,SEX_FMLE,Female,10.110181,10.1 [6.5-14.5],6.4916342,14.467868
NCD_BMI_25A,"Overweight among adults, BMI ≥ 25 kg/m2 (age-standardized estimate) (%)",https://www.who.int/data/gho/data/indicators/indicator-details/GHO/prevalence-of-overweight-among-adults-bmi--25-%28age-standardized-estimate%29-%28-%29,2001,2001,2001,EMR,Eastern Mediterranean,ARE,United Arab Emirates,SEX,SEX_FMLE,Female,66.600049,66.6 [63.8-69.4],63.785374,69.350237
NCD_BMI_30A,"Obesity among adults, BMI ≥ 30 kg/m2 (age-standardized estimate) (%)",https://www.who.int/data/gho/data/indicators/indicator-details/GHO/prevalence-of-obesity-among-adults-bmi--30-%28age-standardized-estimate%29-%28-%29,2022,2022,2022,EMR,Eastern Mediterranean,ARE,United Arab Emirates,SEX,SEX_BTSX,Both sexes,31.817931,31.8 [28.0-35.7],27.964392,35.733873
NCD_BMI_PLUS2C,"Obesity among children and adolescents, BMI-for-age > +2 standard deviations above the median (crude estimate) (%)",https://www.who.int/data/gho/data/indicators/indicator-details/GHO/prevalence-of-obesity-among-children-and-adolescents-bmi-2-standard-deviations-above-the-median-%28crude-estimate%29-%28-%29,2006,2006,2006,EMR,Eastern Mediterranean,ARE,United Arab Emirates,SEX,SEX_BTSX,Both sexes,15.486629,15.5 [12.7-18.5],12.735198,18.531173
NCD_BMI_30C,"Obesity among adults, BMI ≥ 30 kg/m2 (crude estimate) (%)",https://www.who.int/data/gho/data/indicators/indicator-details/GHO/prevalence-of-obesity-among-adults-bmi--30-%28crude-estimate%29-%28-%29,1991,1991,1991,EMR,Eastern Mediterranean,ARE,United Arab Emirates,SEX,SEX_FMLE,Female,27.986574,28.0 [23.5-32.7],23.486505,32.681683
NCD_BMI_PLUS2C,"Obesity among children and adolescents, BMI-for-age > +2 standard deviations above the median (crude estimate) (%)",https://www.who.int/data/gho/data/indicators/indicator-details/GHO/prevalence-of-obesity-among-children-and-adolescents-bmi-2-standard-deviations-above-the-median-%28crude-estimate%29-%28-%29,1997,1997,1997,EMR,Eastern Mediterranean,ARE,United Arab Emirates,SEX,SEX_BTSX,Both sexes,11.845708,11.8 [8.7-15.4],8.6633235,15.440185
NCD_BMI_PLUS2C,"Obesity among children and adolescents, BMI-for-age > +2 standard deviations above the median (crude estimate) (%)",https://www.who.int/data/gho/data/indicators/indicator-details/GHO/prevalence-of-obesity-among-children-and-adolescents-bmi-2-standard-deviations-above-the-median-%28crude-estimate%29-%28-%29,2013,2013,2013,EMR,Eastern Mediterranean,ARE,United Arab Emirates,SEX,SEX_MLE,Male,20.654188,20.7 [16.5-25.3],16.484046,25.251237
NCD_BMI_PLUS2C,"Obesity among children and adolescents, BMI-for-age > +2 standard deviations above the median (crude estimate) (%)",https://www.who.int/data/gho/data/indicators/indicator-details/GHO/prevalence-of-obesity-among-children-and-adolescents-bmi-2-standard-deviations-above-the-median-%28crude-estimate%29-%28-%29,2006,2006,2006,EMR,Eastern Mediterranean,ARE,United Arab Emirates,SEX,SEX_FMLE,Female,12.85294,12.9 [10.1-15.8],10.139713,15.790081
NCD_BMI_30C,"Obesity among adults, BMI ≥ 30 kg/m2 (crude estimate) (%)",https://www.who.int/data/gho/data/indicators/indicator-details/GHO/prevalence-of-obesity-among-adults-bmi--30-%28crude-estimate%29-%28-%29,2020,2020,2020,EMR,Eastern Mediterranean,ARE,United Arab Emirates,SEX,SEX_MLE,Male,28.252047,28.3 [24.0-32.8],23.969725,32.807019
NCD_BMI_MINUS2C,"Thinness among children and adolescents, BMI-for-age < -2 standard deviations below the median (%)",https://www.who.int/data/gho/data/indicators/indicator-details/GHO/prevalence-of-thinness-among-children-and-adolescents-bmi--2-standard-deviations-below-the-median-%28crude-estimate%29-%28-%29,1994,1994,1994,EMR,Eastern Mediterranean,ARE,United Arab Emirates,SEX,SEX_MLE,Male,4.1011158,4.1 [1.4-9.0],1.3750819,8.9586049
NCD_BMI_PLUS2C,"Obesity among children and adolescents, BMI-for-age > +2 standard deviations above the median (crude estimate) (%)",https://www.who.int/data/gho/data/indicators/indicator-details/GHO/prevalence-of-obesity-among-children-and-adolescents-bmi-2-standard-deviations-above-the-median-%28crude-estimate%29-%28-%29,2017,2017,2017,EMR,Eastern Mediterranean,ARE,United Arab Emirates,SEX,SEX_FMLE,Female,15.283124,15.3 [8.2-24.1],8.2154527,24.083194
NCD_BMI_18A,"Underweight among adults, BMI < 18.5 kg/m2 (age-standardized estimate) (%)",https://www.who.int/data/gho/data/indicators/indicator-details/GHO/prevalence-of-underweight-among-adults-bmi-18-%28age-standardized-estimate%29-%28-%29,2006,2006,2006,EMR,Eastern Mediterranean,ARE,United Arab Emirates,SEX,SEX_FMLE,Female,2.3991177,2.4 [1.7-3.2],1.7080834,3.2285597
NCD_BMI_PLUS2C,"Obesity among children and adolescents, BMI-for-age > +2 standard deviations above the median (crude estimate) (%)",https://www.who.int/data/gho/data/indicators/indicator-details/GHO/prevalence-of-obesity-among-children-and-adolescents-bmi-2-standard-deviations-above-the-median-%28crude-estimate%29-%28-%29,2011,2011,2011,EMR,Eastern Mediterranean,ARE,United Arab Emirates,SEX,SEX_BTSX,Both sexes,15.984622,16.0 [10.8-22.0],10.802277,22.00564
NCD_BMI_PLUS2C,"Obesity among children and adolescents, BMI-for-age > +2 standard deviations above the median (crude estimate) (%)",https://www.who.int/data/gho/data/indicators/indicator-details/GHO/prevalence-of-obesity-among-children-and-adolescents-bmi-2-standard-deviations-above-the-median-%28crude-estimate%29-%28-%29,1995,1995,1995,EMR,Eastern Mediterranean,ARE,United Arab Emirates,SEX,SEX_BTSX,Both sexes,10.75992,10.8 [7.5-14.5],7.4544758,14.511757
NCD_BMI_MINUS2C,"Thinness among children and adolescents, BMI-for-age < -2 standard deviations below the median (%)",https://www.who.int/data/gho/data/indicators/indicator-details/GHO/prevalence-of-thinness-among-children-and-adolescents-bmi--2-standard-deviations-below-the-median-%28crude-estimate%29-%28-%29,2011,2011,2011,EMR,Eastern Mediterranean,ARE,United Arab Emirates,SEX,SEX_FMLE,Female,2.8885536,2.9 [1.1-6.0],1.0736906,6.0346462
NCD_BMI_18C,"Underweight among adults, BMI < 18.5 kg/m2 (crude estimate) (%)",https://www.who.int/data/gho/data/indicators/indicator-details/GHO/prevalence-of-underweight-among-adults-bmi-18-%28crude-estimate%29-%28-%29,1998,1998,1998,EMR,Eastern Mediterranean,ARE,United Arab Emirates,SEX,SEX_BTSX,Both sexes,3.5956204,3.6 [2.5-4.9],2.5295591,4.9434166
NCD_BMI_PLUS2C,"Obesity among children and adolescents, BMI-for-age > +2 standard deviations above the median (crude estimate) (%)",https://www.who.int/data/gho/data/indicators/indicator-details/GHO/prevalence-of-obesity-among-children-and-adolescents-bmi-2-standard-deviations-above-the-median-%28crude-estimate%29-%28-%29,2021,2021,2021,EMR,Eastern Mediterranean,ARE,United Arab Emirates,SEX,SEX_MLE,Male,23.501365,23.5 [16.5-30.7],16.547363,30.715799
NCD_BMI_30A,"Obesity among adults, BMI ≥ 30 kg/m2 (age-standardized estimate) (%)",https://www.who.int/data/gho/data/indicators/indicator-details/GHO/prevalence-of-obesity-among-adults-bmi--30-%28age-standardized-estimate%29-%28-%29,2012,2012,2012,EMR,Eastern Mediterranean,ARE,United Arab Emirates,SEX,SEX_MLE,Male,27.444685,27.4 [24.6-30.5],24.58224,30.4667
NCD_BMI_MINUS2C,"Thinness among children and adolescents, BMI-for-age < -2 standard deviations below the median (%)",https://www.who.int/data/gho/data/indicators/indicator-details/GHO/prevalence-of-thinness-among-children-and-adolescents-bmi--2-standard-deviations-below-the-median-%28crude-estimate%29-%28-%29,2002,2002,2002,EMR,Eastern Mediterranean,ARE,United Arab Emirates,SEX,SEX_MLE,Male,4.7958478,4.8 [3.1-7.0],3.0821759,6.9600664
NCD_BMI_MINUS2C,"Thinness among children and adolescents, BMI-for-age < -2 standard deviations below the median (%)",https://www.who.int/data/gho/data/indicators/indicator-details/GHO/prevalence-of-thinness-among-children-and-adolescents-bmi--2-standard-deviations-below-the-median-%28crude-estimate%29-%28-%29,2000,2000,2000,EMR,Eastern Mediterranean,ARE,United Arab Emirates,SEX,SEX_BTSX,Both sexes,3.4904543,3.5 [1.7-6.1],1.7465284,6.1396621
NUTRITION_ANAEMIA_REPRODUCTIVEAGE_PREV,Prevalence of anaemia in women of reproductive age (aged 15-49) (%),https://www.who.int/data/gho/data/indicators/indicator-details/GHO/prevalence-of-anaemia-in-women-of-reproductive-age-%28-%29,2022,2022,2022,EMR,Eastern Mediterranean,ARE,United Arab Emirates,SEX,SEX_FMLE,Female,28,28.0 [11.2-53.1],11.2,53.1
NCD_BMI_MINUS2C,"Thinness among children and adolescents, BMI-for-age < -2 standard deviations below the median (%)",https://www.who.int/data/gho/data/indicators/indicator-details/GHO/prevalence-of-thinness-among-children-and-adolescents-bmi--2-standard-deviations-below-the-median-%28crude-estimate%29-%28-%29,2015,2015,2015,EMR,Eastern Mediterranean,ARE,United Arab Emirates,SEX,SEX_FMLE,Female,2.8596148,2.9 [1.1-6.0],1.0553015,5.9825979
NCD_BMI_MINUS2C,"Thinness among children and adolescents, BMI-for-age < -2 standard deviations below the median (%)",https://www.who.int/data/gho/data/indicators/indicator-details/GHO/prevalence-of-thinness-among-children-and-adolescents-bmi--2-standard-deviations-below-the-median-%28crude-estimate%29-%28-%29,2005,2005,2005,EMR,Eastern Mediterranean,ARE,United Arab Emirates,SEX,SEX_BTSX,Both sexes,3.8371891,3.8 [2.8-5.1],2.8059622,5.1384725
NCD_BMI_18C,"Underweight among adults, BMI < 18.5 kg/m2 (crude estimate) (%)",https://www.who.int/data/gho/data/indicators/indicator-details/GHO/prevalence-of-underweight-among-adults-bmi-18-%28crude-estimate%29-%28-%29,2008,2008,2008,EMR,Eastern Mediterranean,ARE,United Arab Emirates,SEX,SEX_BTSX,Both sexes,2.6223857,2.6 [1.9-3.5],1.9437497,3.4520529
NCD_BMI_PLUS2C,"Obesity among children and adolescents, BMI-for-age > +2 standard deviations above the median (crude estimate) (%)",https://www.who.int/data/gho/data/indicators/indicator-details/GHO/prevalence-of-obesity-among-children-and-adolescents-bmi-2-standard-deviations-above-the-median-%28crude-estimate%29-%28-%29,2002,2002,2002,EMR,Eastern Mediterranean,ARE,United Arab Emirates,SEX,SEX_FMLE,Female,11.387371,11.4 [7.8-15.6],7.8369111,15.581185
NCD_BMI_MINUS2C,"Thinness among children and adolescents, BMI-for-age < -2 standard deviations below the median (%)",https://www.who.int/data/gho/data/indicators/indicator-details/GHO/prevalence-of-thinness-among-children-and-adolescents-bmi--2-standard-deviations-below-the-median-%28crude-estimate%29-%28-%29,1992,1992,1992,EMR,Eastern Mediterranean,ARE,United Arab Emirates,SEX,SEX_BTSX,Both sexes,5.0282437,5.0 [3.1-7.6],3.0758334,7.5617768
NCD_BMI_PLUS2C,"Obesity among children and adolescents, BMI-for-age > +2 standard deviations above the median (crude estimate) (%)",https://www.who.int/data/gho/data/indicators/indicator-details/GHO/prevalence-of-obesity-among-children-and-adolescents-bmi-2-standard-deviations-above-the-median-%28crude-estimate%29-%28-%29,2012,2012,2012,EMR,Eastern Mediterranean,ARE,United Arab Emirates,SEX,SEX_MLE,Male,18.708296,18.7 [10.7-28.0],10.697621,28.020209
NUTRITION_ANAEMIA_CHILDREN_NUM,Number of children aged 6-59 months with anaemia (thousands),https://www.who.int/data/gho/data/indicators/indicator-details/GHO/anaemia-in-children-under-5-years-number,2013,2013,2013,EMR,Eastern Mediterranean,ARE,United Arab Emirates,SEX,SEX_BTSX,Both sexes,98.213,98 [45-176],45,176
NCD_BMI_PLUS1C,"Overweight among children and adolescents, BMI-for-age > +1 standard deviations above the median (crude estimate) (%)",https://www.who.int/data/gho/data/indicators/indicator-details/GHO/prevalence-of-overweight-among-children-and-adolescents-bmi-1-standard-deviations-above-the-median-%28crude-estimate%29-%28-%29,2020,2020,2020,EMR,Eastern Mediterranean,ARE,United Arab Emirates,SEX,SEX_FMLE,Female,39.426708,39.4 [33.0-45.9],32.950503,45.902234
NCD_BMI_PLUS2C,"Obesity among children and adolescents, BMI-for-age > +2 standard deviations above the median (crude estimate) (%)",https://www.who.int/data/gho/data/indicators/indicator-details/GHO/prevalence-of-obesity-among-children-and-adolescents-bmi-2-standard-deviations-above-the-median-%28crude-estimate%29-%28-%29,2010,2010,2010,EMR,Eastern Mediterranean,ARE,United Arab Emirates,SEX,SEX_BTSX,Both sexes,17.45861,17.5 [15.5-19.4],15.524065,19.418269
NCD_BMI_PLUS1C,"Overweight among children and adolescents, BMI-for-age > +1 standard deviations above the median (crude estimate) (%)",https://www.who.int/data/gho/data/indicators/indicator-details/GHO/prevalence-of-overweight-among-children-and-adolescents-bmi-1-standard-deviations-above-the-median-%28crude-estimate%29-%28-%29,1996,1996,1996,EMR,Eastern Mediterranean,ARE,United Arab Emirates,SEX,SEX_MLE,Male,27.039465,27.0 [18.2-37.1],18.191379,37.101924
NCD_BMI_18C,"Underweight among adults, BMI < 18.5 kg/m2 (crude estimate) (%)",https://www.who.int/data/gho/data/indicators/indicator-details/GHO/prevalence-of-underweight-among-adults-bmi-18-%28crude-estimate%29-%28-%29,2013,2013,2013,EMR,Eastern Mediterranean,ARE,United Arab Emirates,SEX,SEX_BTSX,Both sexes,2.5343912,2.5 [1.9-3.3],1.8738437,3.3380948
NCD_BMI_PLUS2C,"Obesity among children and adolescents, BMI-for-age > +2 standard deviations above the median (crude estimate) (%)",https://www.who.int/data/gho/data/indicators/indicator-details/GHO/prevalence-of-obesity-among-children-and-adolescents-bmi-2-standard-deviations-above-the-median-%28crude-estimate%29-%28-%29,2009,2009,2009,EMR,Eastern Mediterranean,ARE,United Arab Emirates,SEX,SEX_BTSX,Both sexes,16.492526,16.5 [13.8-19.4],13.803986,19.400284
NCD_BMI_MINUS2C,"Thinness among children and adolescents, BMI-for-age < -2 standard deviations below the median (%)",https://www.who.int/data/gho/data/indicators/indicator-details/GHO/prevalence-of-thinness-among-children-and-adolescents-bmi--2-standard-deviations-below-the-median-%28crude-estimate%29-%28-%29,1998,1998,1998,EMR,Eastern Mediterranean,ARE,United Arab Emirates,SEX,SEX_BTSX,Both sexes,3.6720935,3.7 [1.8-6.5],1.8000247,6.4929046
NCD_BMI_18A,"Underweight among adults, BMI < 18.5 kg/m2 (age-standardized estimate) (%)",https://www.who.int/data/gho/data/indicators/indicator-details/GHO/prevalence-of-underweight-among-adults-bmi-18-%28age-standardized-estimate%29-%28-%29,2009,2009,2009,EMR,Eastern Mediterranean,ARE,United Arab Emirates,SEX,SEX_BTSX,Both sexes,2.807156,2.8 [2.1-3.7],2.0956157,3.6621634
NUTRITION_ANAEMIA_CHILDREN_PREV,Prevalence of anaemia in children aged 6-59 months (%),https://www.who.int/data/gho/data/indicators/indicator-details/GHO/anaemia-in-non-pregnant-women-number-%28in-thousands%29,2009,2009,2009,EMR,Eastern Mediterranean,ARE,United Arab Emirates,SEVERITY,SEVERITY_TOTAL,Total,19.4,19.4 [8.7-35.3],8.7,35.3
NCD_BMI_PLUS2C,"Obesity among children and adolescents, BMI-for-age > +2 standard deviations above the median (crude estimate) (%)",https://www.who.int/data/gho/data/indicators/indicator-details/GHO/prevalence-of-obesity-among-children-and-adolescents-bmi-2-standard-deviations-above-the-median-%28crude-estimate%29-%28-%29,2021,2021,2021,EMR,Eastern Mediterranean,ARE,United Arab Emirates,SEX,SEX_FMLE,Female,16.368338,16.4 [8.3-26.2],8.2990378,26.249546
NCD_BMI_30C,"Obesity among adults, BMI ≥ 30 kg/m2 (crude estimate) (%)",https://www.who.int/data/gho/data/indicators/indicator-details/GHO/prevalence-of-obesity-among-adults-bmi--30-%28crude-estimate%29-%28-%29,2011,2011,2011,EMR,Eastern Mediterranean,ARE,United Arab Emirates,SEX,SEX_BTSX,Both sexes,30.263147,30.3 [28.1-32.5],28.052902,32.482189
NCD_BMI_MINUS2C,"Thinness among children and adolescents, BMI-for-age < -2 standard deviations below the median (%)",https://www.who.int/data/gho/data/indicators/indicator-details/GHO/prevalence-of-thinness-among-children-and-adolescents-bmi--2-standard-deviations-below-the-median-%28crude-estimate%29-%28-%29,1994,1994,1994,EMR,Eastern Mediterranean,ARE,United Arab Emirates,SEX,SEX_BTSX,Both sexes,5.2374069,5.2 [3.5-7.4],3.4971539,7.3810153
NCD_BMI_PLUS1C,"Overweight among children and adolescents, BMI-for-age > +1 standard deviations above the median (crude estimate) (%)",https://www.who.int/data/gho/data/indicators/indicator-details/GHO/prevalence-of-overweight-among-children-and-adolescents-bmi-1-standard-deviations-above-the-median-%28crude-estimate%29-%28-%29,1998,1998,1998,EMR,Eastern Mediterranean,ARE,United Arab Emirates,SEX,SEX_FMLE,Female,28.693917,28.7 [20.4-37.7],20.420387,37.739956
NUTRITION_ANAEMIA_CHILDREN_NUM,Number of children aged 6-59 months with anaemia (thousands),https://www.who.int/data/gho/data/indicators/indicator-details/GHO/anaemia-in-children-under-5-years-number,2006,2006,2006,EMR,Eastern Mediterranean,ARE,United Arab Emirates,SEX,SEX_BTSX,Both sexes,60.267,60 [28-113],28,113
NCD_BMI_PLUS2C,"Obesity among children and adolescents, BMI-for-age > +2 standard deviations above the median (crude estimate) (%)",https://www.who.int/data/gho/data/indicators/indicator-details/GHO/prevalence-of-obesity-among-children-and-adolescents-bmi-2-standard-deviations-above-the-median-%28crude-estimate%29-%28-%29,2007,2007,2007,EMR,Eastern Mediterranean,ARE,United Arab Emirates,SEX,SEX_FMLE,Female,13.133346,13.1 [10.5-16.0],10.486645,15.965244
NCD_BMI_PLUS1C,"Overweight among children and adolescents, BMI-for-age > +1 standard deviations above the median (crude estimate) (%)",https://www.who.int/data/gho/data/indicators/indicator-details/GHO/prevalence-of-overweight-among-children-and-adolescents-bmi-1-standard-deviations-above-the-median-%28crude-estimate%29-%28-%29,2008,2008,2008,EMR,Eastern Mediterranean,ARE,United Arab Emirates,SEX,SEX_BTSX,Both sexes,35.564053,35.6 [29.6-41.8],29.564387,41.767833
NCD_BMI_PLUS2C,"Obesity among children and adolescents, BMI-for-age > +2 standard deviations above the median (crude estimate) (%)",https://www.who.int/data/gho/data/indicators/indicator-details/GHO/prevalence-of-obesity-among-children-and-adolescents-bmi-2-standard-deviations-above-the-median-%28crude-estimate%29-%28-%29,2007,2007,2007,EMR,Eastern Mediterranean,ARE,United Arab Emirates,SEX,SEX_BTSX,Both sexes,15.844819,15.8 [13.1-18.8],13.102598,18.805809
NCD_BMI_18A,"Underweight among adults, BMI < 18.5 kg/m2 (age-standardized estimate) (%)",https://www.who.int/data/gho/data/indicators/indicator-details/GHO/prevalence-of-underweight-among-adults-bmi-18-%28age-standardized-estimate%29-%28-%29,2014,2014,2014,EMR,Eastern Mediterranean,ARE,United Arab Emirates,SEX,SEX_FMLE,Female,2.5000254,2.5 [1.7-3.4],1.7326256,3.4219097
NCD_BMI_PLUS2C,"Obesity among children and adolescents, BMI-for-age > +2 standard deviations above the median (crude estimate) (%)",https://www.who.int/data/gho/data/indicators/indicator-details/GHO/prevalence-of-obesity-among-children-and-adolescents-bmi-2-standard-deviations-above-the-median-%28crude-estimate%29-%28-%29,2020,2020,2020,EMR,Eastern Mediterranean,ARE,United Arab Emirates,SEX,SEX_BTSX,Both sexes,18.792878,18.8 [12.4-25.8],12.415588,25.82562
NCD_BMI_PLUS2C,"Obesity among children and adolescents, BMI-for-age > +2 standard deviations above the median (crude estimate) (%)",https://www.who.int/data/gho/data/indicators/indicator-details/GHO/prevalence-of-obesity-among-children-and-adolescents-bmi-2-standard-deviations-above-the-median-%28crude-estimate%29-%28-%29,2010,2010,2010,EMR,Eastern Mediterranean,ARE,United Arab Emirates,SEX,SEX_BTSX,Both sexes,15.687582,15.7 [10.5-21.7],10.530518,21.65909
NCD_BMI_MINUS2C,"Thinness among children and adolescents, BMI-for-age < -2 standard deviations below the median (%)",https://www.who.int/data/gho/data/indicators/indicator-details/GHO/prevalence-of-thinness-among-children-and-adolescents-bmi--2-standard-deviations-below-the-median-%28crude-estimate%29-%28-%29,1996,1996,1996,EMR,Eastern Mediterranean,ARE,United Arab Emirates,SEX,SEX_BTSX,Both sexes,4.6160374,4.6 [3.1-6.6],3.0649098,6.6095509
NUTRITION_ANAEMIA_REPRODUCTIVEAGE_NUM,Number of women of reproductive age (aged 15-49 years) with anaemia (thousands),https://www.who.int/data/gho/data/indicators/indicator-details/GHO/anaemia-in-women-of-reproductive-age-number-%28in-thousands%29,2009,2009,2009,EMR,Eastern Mediterranean,ARE,United Arab Emirates,SEX,SEX_FMLE,Female,384.5,384.5 [189.3-691.4],189.3,691.4
NCD_BMI_18A,"Underweight among adults, BMI < 18.5 kg/m2 (age-standardized estimate) (%)",https://www.who.int/data/gho/data/indicators/indicator-details/GHO/prevalence-of-underweight-among-adults-bmi-18-%28age-standardized-estimate%29-%28-%29,1997,1997,1997,EMR,Eastern Mediterranean,ARE,United Arab Emirates,SEX,SEX_MLE,Male,4.0940564,4.1 [2.6-5.9],2.620554,5.921277
NUTRITION_ANAEMIA_REPRODUCTIVEAGE_PREV,Prevalence of anaemia in women of reproductive age (aged 15-49) (%),https://www.who.int/data/gho/data/indicators/indicator-details/GHO/prevalence-of-anaemia-in-women-of-reproductive-age-%28-%29,2015,2015,2015,EMR,Eastern Mediterranean,ARE,United Arab Emirates,SEX,SEX_FMLE,Female,28.2,28.2 [13.8-50.3],13.8,50.3
NCD_BMI_PLUS1C,"Overweight among children and adolescents, BMI-for-age > +1 standard deviations above the median (crude estimate) (%)",https://www.who.int/data/gho/data/indicators/indicator-details/GHO/prevalence-of-overweight-among-children-and-adolescents-bmi-1-standard-deviations-above-the-median-%28crude-estimate%29-%28-%29,2001,2001,2001,EMR,Eastern Mediterranean,ARE,United Arab Emirates,SEX,SEX_MLE,Male,34.189466,34.2 [29.1-39.4],29.077104,39.360687
NCD_BMI_30A,"Obesity among adults, BMI ≥ 30 kg/m2 (age-standardized estimate) (%)",https://www.who.int/data/gho/data/indicators/indicator-details/GHO/prevalence-of-obesity-among-adults-bmi--30-%28age-standardized-estimate%29-%28-%29,2006,2006,2006,EMR,Eastern Mediterranean,ARE,United Arab Emirates,SEX,SEX_MLE,Male,25.125706,25.1 [22.3-28.1],22.269048,28.069377
NCD_BMI_MINUS2C,"Thinness among children and adolescents, BMI-for-age < -2 standard deviations below the median (%)",https://www.who.int/data/gho/data/indicators/indicator-details/GHO/prevalence-of-thinness-among-children-and-adolescents-bmi--2-standard-deviations-below-the-median-%28crude-estimate%29-%28-%29,2022,2022,2022,EMR,Eastern Mediterranean,ARE,United Arab Emirates,SEX,SEX_MLE,Male,4.4745412,4.5 [2.2-7.7],2.1683715,7.7181399
NCD_BMI_18A,"Underweight among adults, BMI < 18.5 kg/m2 (age-standardized estimate) (%)",https://www.who.int/data/gho/data/indicators/indicator-details/GHO/prevalence-of-underweight-among-adults-bmi-18-%28age-standardized-estimate%29-%28-%29,2012,2012,2012,EMR,Eastern Mediterranean,ARE,United Arab Emirates,SEX,SEX_MLE,Male,2.9037273,2.9 [1.9-4.1],1.9400476,4.1182339
NCD_BMI_18C,"Underweight among adults, BMI < 18.5 kg/m2 (crude estimate) (%)",https://www.who.int/data/gho/data/indicators/indicator-details/GHO/prevalence-of-underweight-among-adults-bmi-18-%28crude-estimate%29-%28-%29,2005,2005,2005,EMR,Eastern Mediterranean,ARE,United Arab Emirates,SEX,SEX_BTSX,Both sexes,2.8658444,2.9 [2.1-3.8],2.098334,3.8123235
NCD_BMI_30C,"Obesity among adults, BMI ≥ 30 kg/m2 (crude estimate) (%)",https://www.who.int/data/gho/data/indicators/indicator-details/GHO/prevalence-of-obesity-among-adults-bmi--30-%28crude-estimate%29-%28-%29,2022,2022,2022,EMR,Eastern Mediterranean,ARE,United Arab Emirates,SEX,SEX_MLE,Male,28.025532,28.0 [22.9-33.5],22.856693,33.524618
NCD_BMI_18C,"Underweight among adults, BMI < 18.5 kg/m2 (crude estimate) (%)",https://www.who.int/data/gho/data/indicators/indicator-details/GHO/prevalence-of-underweight-among-adults-bmi-18-%28crude-estimate%29-%28-%29,2002,2002,2002,EMR,Eastern Mediterranean,ARE,United Arab Emirates,SEX,SEX_MLE,Male,3.4198057,3.4 [2.2-4.9],2.2229185,4.8832517
NUTRITION_ANAEMIA_CHILDREN_NUM,Number of children aged 6-59 months with anaemia (thousands),https://www.who.int/data/gho/data/indicators/indicator-details/GHO/anaemia-in-children-under-5-years-number,2007,2007,2007,EMR,Eastern Mediterranean,ARE,United Arab Emirates,SEVERITY,SEVERITY_MODERATE,Moderate,17.7,17.7 [5.21-48.9],5.21,48.9
NCD_BMI_30C,"Obesity among adults, BMI ≥ 30 kg/m2 (crude estimate) (%)",https://www.who.int/data/gho/data/indicators/indicator-details/GHO/prevalence-of-obesity-among-adults-bmi--30-%28crude-estimate%29-%28-%29,2015,2015,2015,EMR,Eastern Mediterranean,ARE,United Arab Emirates,SEX,SEX_MLE,Male,28.391221,28.4 [25.2-31.6],25.23528,31.640342
NCD_BMI_PLUS1C,"Overweight among children and adolescents, BMI-for-age > +1 standard deviations above the median (crude estimate) (%)",https://www.who.int/data/gho/data/indicators/indicator-details/GHO/prevalence-of-overweight-among-children-and-adolescents-bmi-1-standard-deviations-above-the-median-%28crude-estimate%29-%28-%29,1990,1990,1990,EMR,Eastern Mediterranean,ARE,United Arab Emirates,SEX,SEX_BTSX,Both sexes,24.831748,24.8 [19.1-30.9],19.05072,30.912027
NCD_BMI_18C,"Underweight among adults, BMI < 18.5 kg/m2 (crude estimate) (%)",https://www.who.int/data/gho/data/indicators/indicator-details/GHO/prevalence-of-underweight-among-adults-bmi-18-%28crude-estimate%29-%28-%29,2015,2015,2015,EMR,Eastern Mediterranean,ARE,United Arab Emirates,SEX,SEX_BTSX,Both sexes,2.5384881,2.5 [1.9-3.4],1.8503236,3.3923794
NCD_BMI_PLUS2C,"Obesity among children and adolescents, BMI-for-age > +2 standard deviations above the median (crude estimate) (%)",https://www.who.int/data/gho/data/indicators/indicator-details/GHO/prevalence-of-obesity-among-children-and-adolescents-bmi-2-standard-deviations-above-the-median-%28crude-estimate%29-%28-%29,2009,2009,2009,EMR,Eastern Mediterranean,ARE,United Arab Emirates,SEX,SEX_BTSX,Both sexes,15.382518,15.4 [10.3-21.3],10.30961,21.265832
NCD_BMI_PLUS2C,"Obesity among children and adolescents, BMI-for-age > +2 standard deviations above the median (crude estimate) (%)",https://www.who.int/data/gho/data/indicators/indicator-details/GHO/prevalence-of-obesity-among-children-and-adolescents-bmi-2-standard-deviations-above-the-median-%28crude-estimate%29-%28-%29,1995,1995,1995,EMR,Eastern Mediterranean,ARE,United Arab Emirates,SEX,SEX_MLE,Male,11.543632,11.5 [6.4-17.9],6.4261168,17.851996
NCD_BMI_MINUS2C,"Thinness among children and adolescents, BMI-for-age < -2 standard deviations below the median (%)",https://www.who.int/data/gho/data/indicators/indicator-details/GHO/prevalence-of-thinness-among-children-and-adolescents-bmi--2-standard-deviations-below-the-median-%28crude-estimate%29-%28-%29,2012,2012,2012,EMR,Eastern Mediterranean,ARE,United Arab Emirates,SEX,SEX_MLE,Male,3.1728774,3.2 [1.2-6.5],1.2077455,6.52235
NCD_BMI_PLUS1C,"Overweight among children and adolescents, BMI-for-age > +1 standard deviations above the median (crude estimate) (%)",https://www.who.int/data/gho/data/indicators/indicator-details/GHO/prevalence-of-overweight-among-children-and-adolescents-bmi-1-standard-deviations-above-the-median-%28crude-estimate%29-%28-%29,1997,1997,1997,EMR,Eastern Mediterranean,ARE,United Arab Emirates,SEX,SEX_BTSX,Both sexes,27.957371,28.0 [21.7-34.6],21.726593,34.556827
NCD_BMI_18A,"Underweight among adults, BMI < 18.5 kg/m2 (age-standardized estimate) (%)",https://www.who.int/data/gho/data/indicators/indicator-details/GHO/prevalence-of-underweight-among-adults-bmi-18-%28age-standardized-estimate%29-%28-%29,2007,2007,2007,EMR,Eastern Mediterranean,ARE,United Arab Emirates,SEX,SEX_BTSX,Both sexes,2.880797,2.9 [2.1-3.8],2.1448715,3.7716016
NCD_BMI_25A,"Overweight among adults, BMI ≥ 25 kg/m2 (age-standardized estimate) (%)",https://www.who.int/data/gho/data/indicators/indicator-details/GHO/prevalence-of-overweight-among-adults-bmi--25-%28age-standardized-estimate%29-%28-%29,1994,1994,1994,EMR,Eastern Mediterranean,ARE,United Arab Emirates,SEX,SEX_BTSX,Both sexes,59.732604,59.7 [56.3-63.1],56.305945,63.126689
NCD_BMI_18C,"Underweight among adults, BMI < 18.5 kg/m2 (crude estimate) (%)",https://www.who.int/data/gho/data/indicators/indicator-details/GHO/prevalence-of-underweight-among-adults-bmi-18-%28crude-estimate%29-%28-%29,2018,2018,2018,EMR,Eastern Mediterranean,ARE,United Arab Emirates,SEX,SEX_FMLE,Female,2.7802279,2.8 [1.8-4.0],1.8269695,3.9678935
NCD_BMI_18C,"Underweight among adults, BMI < 18.5 kg/m2 (crude estimate) (%)",https://www.who.int/data/gho/data/indicators/indicator-details/GHO/prevalence-of-underweight-among-adults-bmi-18-%28crude-estimate%29-%28-%29,2008,2008,2008,EMR,Eastern Mediterranean,ARE,United Arab Emirates,SEX,SEX_FMLE,Female,2.4865305,2.5 [1.8-3.3],1.7702198,3.3472225
NUTRITION_ANAEMIA_REPRODUCTIVEAGE_NUM,Number of women of reproductive age (aged 15-49 years) with anaemia (thousands),https://www.who.int/data/gho/data/indicators/indicator-details/GHO/anaemia-in-women-of-reproductive-age-number-%28in-thousands%29,2000,2000,2000,EMR,Eastern Mediterranean,ARE,United Arab Emirates,SEX,SEX_FMLE,Female,193.5,193.5 [88.3-349.1],88.3,349.1
NUTRITION_ANAEMIA_CHILDREN_PREV,Prevalence of anaemia in children aged 6-59 months (%),https://www.who.int/data/gho/data/indicators/indicator-details/GHO/anaemia-in-non-pregnant-women-number-%28in-thousands%29,2009,2009,2009,EMR,Eastern Mediterranean,ARE,United Arab Emirates,SEVERITY,SEVERITY_MILD,Mild,14.4,14.4 [6.9-25.1],6.9,25.1
NCD_BMI_PLUS1C,"Overweight among children and adolescents, BMI-for-age > +1 standard deviations above the median (crude estimate) (%)",https://www.who.int/data/gho/data/indicators/indicator-details/GHO/prevalence-of-overweight-among-children-and-adolescents-bmi-1-standard-deviations-above-the-median-%28crude-estimate%29-%28-%29,2003,2003,2003,EMR,Eastern Mediterranean,ARE,United Arab Emirates,SEX,SEX_BTSX,Both sexes,32.464206,32.5 [26.5-38.7],26.471317,38.736555
NCD_BMI_MINUS2C,"Thinness among children and adolescents, BMI-for-age < -2 standard deviations below the median (%)",https://www.who.int/data/gho/data/indicators/indicator-details/GHO/prevalence-of-thinness-among-children-and-adolescents-bmi--2-standard-deviations-below-the-median-%28crude-estimate%29-%28-%29,2019,2019,2019,EMR,Eastern Mediterranean,ARE,United Arab Emirates,SEX,SEX_MLE,Male,4.8494268,4.8 [3.0-7.2],3.0268027,7.2149307
NUTRITION_ANAEMIA_REPRODUCTIVEAGE_PREV,Prevalence of anaemia in women of reproductive age (aged 15-49) (%),https://www.who.int/data/gho/data/indicators/indicator-details/GHO/prevalence-of-anaemia-in-women-of-reproductive-age-%28-%29,2018,2018,2018,EMR,Eastern Mediterranean,ARE,United Arab Emirates,SEX,SEX_FMLE,Female,27.9,27.9 [13.1-50.6],13.1,50.6
NUTRITION_ANAEMIA_CHILDREN_PREV,Prevalence of anaemia in children aged 6-59 months (%),https://www.who.int/data/gho/data/indicators/indicator-details/GHO/anaemia-in-non-pregnant-women-number-%28in-thousands%29,2006,2006,2006,EMR,Eastern Mediterranean,ARE,United Arab Emirates,SEVERITY,SEVERITY_TOTAL,Total,18.9,18.9 [8.6-35.3],8.6,35.3
NUTRITION_ANAEMIA_CHILDREN_PREV,Prevalence of anaemia in children aged 6-59 months (%),https://www.who.int/data/gho/data/indicators/indicator-details/GHO/anaemia-in-non-pregnant-women-number-%28in-thousands%29,2008,2008,2008,EMR,Eastern Mediterranean,ARE,United Arab Emirates,SEVERITY,SEVERITY_TOTAL,Total,19.4,19.4 [8.7-35.2],8.7,35.2
NCD_BMI_PLUS1C,"Overweight among children and adolescents, BMI-for-age > +1 standard deviations above the median (crude estimate) (%)",https://www.who.int/data/gho/data/indicators/indicator-details/GHO/prevalence-of-overweight-among-children-and-adolescents-bmi-1-standard-deviations-above-the-median-%28crude-estimate%29-%28-%29,2005,2005,2005,EMR,Eastern Mediterranean,ARE,United Arab Emirates,SEX,SEX_BTSX,Both sexes,33.835858,33.8 [27.9-40.1],27.887553,40.129259
NCD_BMI_PLUS1C,"Overweight among children and adolescents, BMI-for-age > +1 standard deviations above the median (crude estimate) (%)",https://www.who.int/data/gho/data/indicators/indicator-details/GHO/prevalence-of-overweight-among-children-and-adolescents-bmi-1-standard-deviations-above-the-median-%28crude-estimate%29-%28-%29,1992,1992,1992,EMR,Eastern Mediterranean,ARE,United Arab Emirates,SEX,SEX_FMLE,Female,25.510371,25.5 [16.7-35.5],16.679382,35.492873
NCD_BMI_PLUS1C,"Overweight among children and adolescents, BMI-for-age > +1 standard deviations above the median (crude estimate) (%)",https://www.who.int/data/gho/data/indicators/indicator-details/GHO/prevalence-of-overweight-among-children-and-adolescents-bmi-1-standard-deviations-above-the-median-%28crude-estimate%29-%28-%29,2012,2012,2012,EMR,Eastern Mediterranean,ARE,United Arab Emirates,SEX,SEX_BTSX,Both sexes,40.286753,40.3 [38.1-42.5],38.102156,42.478961
NCD_BMI_18C,"Underweight among adults, BMI < 18.5 kg/m2 (crude estimate) (%)",https://www.who.int/data/gho/data/indicators/indicator-details/GHO/prevalence-of-underweight-among-adults-bmi-18-%28crude-estimate%29-%28-%29,2021,2021,2021,EMR,Eastern Mediterranean,ARE,United Arab Emirates,SEX,SEX_FMLE,Female,2.9048348,2.9 [1.8-4.4],1.7734146,4.3870766
NCD_BMI_PLUS2C,"Obesity among children and adolescents, BMI-for-age > +2 standard deviations above the median (crude estimate) (%)",https://www.who.int/data/gho/data/indicators/indicator-details/GHO/prevalence-of-obesity-among-children-and-adolescents-bmi-2-standard-deviations-above-the-median-%28crude-estimate%29-%28-%29,2010,2010,2010,EMR,Eastern Mediterranean,ARE,United Arab Emirates,SEX,SEX_MLE,Male,20.491934,20.5 [17.7-23.4],17.65838,23.379077
NCD_BMI_PLUS2C,"Obesity among children and adolescents, BMI-for-age > +2 standard deviations above the median (crude estimate) (%)",https://www.who.int/data/gho/data/indicators/indicator-details/GHO/prevalence-of-obesity-among-children-and-adolescents-bmi-2-standard-deviations-above-the-median-%28crude-estimate%29-%28-%29,2010,2010,2010,EMR,Eastern Mediterranean,ARE,United Arab Emirates,SEX,SEX_FMLE,Female,13.891071,13.9 [11.4-16.6],11.390626,16.594939
NUTRITION_ANAEMIA_CHILDREN_NUM,Number of children aged 6-59 months with anaemia (thousands),https://www.who.int/data/gho/data/indicators/indicator-details/GHO/anaemia-in-children-under-5-years-number,2000,2000,2000,EMR,Eastern Mediterranean,ARE,United Arab Emirates,SEVERITY,SEVERITY_SEVERE,Severe,0.5,0.5 [0.04-2.07],0.04,2.07
NCD_BMI_MINUS2C,"Thinness among children and adolescents, BMI-for-age < -2 standard deviations below the median (%)",https://www.who.int/data/gho/data/indicators/indicator-details/GHO/prevalence-of-thinness-among-children-and-adolescents-bmi--2-standard-deviations-below-the-median-%28crude-estimate%29-%28-%29,1992,1992,1992,EMR,Eastern Mediterranean,ARE,United Arab Emirates,SEX,SEX_MLE,Male,5.5428907,5.5 [2.9-9.4],2.8885938,9.3754821
NCD_BMI_18A,"Underweight among adults, BMI < 18.5 kg/m2 (age-standardized estimate) (%)",https://www.who.int/data/gho/data/indicators/indicator-details/GHO/prevalence-of-underweight-among-adults-bmi-18-%28age-standardized-estimate%29-%28-%29,2002,2002,2002,EMR,Eastern Mediterranean,ARE,United Arab Emirates,SEX,SEX_MLE,Male,3.5188589,3.5 [2.3-5.0],2.3341313,4.9729683
NCD_BMI_25A,"Overweight among adults, BMI ≥ 25 kg/m2 (age-standardized estimate) (%)",https://www.who.int/data/gho/data/indicators/indicator-details/GHO/prevalence-of-overweight-among-adults-bmi--25-%28age-standardized-estimate%29-%28-%29,2011,2011,2011,EMR,Eastern Mediterranean,ARE,United Arab Emirates,SEX,SEX_FMLE,Female,69.03041,69.0 [66.5-71.6],66.470057,71.587408
NUTRITION_ANAEMIA_CHILDREN_NUM,Number of children aged 6-59 months with anaemia (thousands),https://www.who.int/data/gho/data/indicators/indicator-details/GHO/anaemia-in-children-under-5-years-number,2011,2011,2011,EMR,Eastern Mediterranean,ARE,United Arab Emirates,SEVERITY,SEVERITY_MILD,Mild,69.3,69.3 [33.8-120],33.8,120
NCD_BMI_PLUS2C,"Obesity among children and adolescents, BMI-for-age > +2 standard deviations above the median (crude estimate) (%)",https://www.who.int/data/gho/data/indicators/indicator-details/GHO/prevalence-of-obesity-among-children-and-adolescents-bmi-2-standard-deviations-above-the-median-%28crude-estimate%29-%28-%29,2011,2011,2011,EMR,Eastern Mediterranean,ARE,United Arab Emirates,SEX,SEX_MLE,Male,19.971572,20.0 [15.9-24.4],15.930057,24.355718
NCD_BMI_MINUS2C,"Thinness among children and adolescents, BMI-for-age < -2 standard deviations below the median (%)",https://www.who.int/data/gho/data/indicators/indicator-details/GHO/prevalence-of-thinness-among-children-and-adolescents-bmi--2-standard-deviations-below-the-median-%28crude-estimate%29-%28-%29,1990,1990,1990,EMR,Eastern Mediterranean,ARE,United Arab Emirates,SEX,SEX_MLE,Male,4.383561,4.4 [1.3-9.8],1.3479427,9.7565524
NUTRITION_ANAEMIA_REPRODUCTIVEAGE_NUM,Number of women of reproductive age (aged 15-49 years) with anaemia (thousands),https://www.who.int/data/gho/data/indicators/indicator-details/GHO/anaemia-in-women-of-reproductive-age-number-%28in-thousands%29,2021,2021,2021,EMR,Eastern Mediterranean,ARE,United Arab Emirates,SEX,SEX_FMLE,Female,16,16.0 [7.9-23.0],7.9,23
NCD_BMI_PLUS1C,"Overweight among children and adolescents, BMI-for-age > +1 standard deviations above the median (crude estimate) (%)",https://www.who.int/data/gho/data/indicators/indicator-details/GHO/prevalence-of-overweight-among-children-and-adolescents-bmi-1-standard-deviations-above-the-median-%28crude-estimate%29-%28-%29,2007,2007,2007,EMR,Eastern Mediterranean,ARE,United Arab Emirates,SEX,SEX_FMLE,Female,34.331843,34.3 [31.1-37.7],31.115571,37.659886
NCD_BMI_25A,"Overweight among adults, BMI ≥ 25 kg/m2 (age-standardized estimate) (%)",https://www.who.int/data/gho/data/indicators/indicator-details/GHO/prevalence-of-overweight-among-adults-bmi--25-%28age-standardized-estimate%29-%28-%29,2010,2010,2010,EMR,Eastern Mediterranean,ARE,United Arab Emirates,SEX,SEX_MLE,Male,70.065886,70.1 [67.2-72.9],67.249316,72.922337
NCD_BMI_PLUS1C,"Overweight among children and adolescents, BMI-for-age > +1 standard deviations above the median (crude estimate) (%)",https://www.who.int/data/gho/data/indicators/indicator-details/GHO/prevalence-of-overweight-among-children-and-adolescents-bmi-1-standard-deviations-above-the-median-%28crude-estimate%29-%28-%29,2015,2015,2015,EMR,Eastern Mediterranean,ARE,United Arab Emirates,SEX,SEX_MLE,Male,43.716326,43.7 [38.9-48.5],38.946089,48.513794
NCD_BMI_PLUS1C,"Overweight among children and adolescents, BMI-for-age > +1 standard deviations above the median (crude estimate) (%)",https://www.who.int/data/gho/data/indicators/indicator-details/GHO/prevalence-of-overweight-among-children-and-adolescents-bmi-1-standard-deviations-above-the-median-%28crude-estimate%29-%28-%29,2006,2006,2006,EMR,Eastern Mediterranean,ARE,United Arab Emirates,SEX,SEX_FMLE,Female,33.394837,33.4 [25.5-41.9],25.48534,41.889483
NCD_BMI_25C,"Overweight among adults, BMI ≥ 25 kg/m2 (crude estimate) (%)",https://www.who.int/data/gho/data/indicators/indicator-details/GHO/prevalence-of-overweight-among-adults-bmi-greaterequal-25-%28crude-estimate%29-%28-%29,2006,2006,2006,EMR,Eastern Mediterranean,ARE,United Arab Emirates,SEX,SEX_MLE,Male,68.712324,68.7 [65.8-71.7],65.768123,71.668029
NCD_BMI_25A,"Overweight among adults, BMI ≥ 25 kg/m2 (age-standardized estimate) (%)",https://www.who.int/data/gho/data/indicators/indicator-details/GHO/prevalence-of-overweight-among-adults-bmi--25-%28age-standardized-estimate%29-%28-%29,2002,2002,2002,EMR,Eastern Mediterranean,ARE,United Arab Emirates,SEX,SEX_MLE,Male,65.760475,65.8 [62.6-68.8],62.620503,68.773144
NCD_BMI_25C,"Overweight among adults, BMI ≥ 25 kg/m2 (crude estimate) (%)",https://www.who.int/data/gho/data/indicators/indicator-details/GHO/prevalence-of-overweight-among-adults-bmi-greaterequal-25-%28crude-estimate%29-%28-%29,2013,2013,2013,EMR,Eastern Mediterranean,ARE,United Arab Emirates,SEX,SEX_FMLE,Female,66.926038,66.9 [64.2-69.6],64.218432,69.61118
NCD_BMI_MINUS2C,"Thinness among children and adolescents, BMI-for-age < -2 standard deviations below the median (%)",https://www.who.int/data/gho/data/indicators/indicator-details/GHO/prevalence-of-thinness-among-children-and-adolescents-bmi--2-standard-deviations-below-the-median-%28crude-estimate%29-%28-%29,2015,2015,2015,EMR,Eastern Mediterranean,ARE,United Arab Emirates,SEX,SEX_MLE,Male,4.723819,4.7 [3.4-6.3],3.3789523,6.2931612
NCD_BMI_PLUS2C,"Obesity among children and adolescents, BMI-for-age > +2 standard deviations above the median (crude estimate) (%)",https://www.who.int/data/gho/data/indicators/indicator-details/GHO/prevalence-of-obesity-among-children-and-adolescents-bmi-2-standard-deviations-above-the-median-%28crude-estimate%29-%28-%29,1993,1993,1993,EMR,Eastern Mediterranean,ARE,United Arab Emirates,SEX,SEX_MLE,Male,9.5239721,9.5 [3.5-18.4],3.4641474,18.397123
NUTRITION_ANAEMIA_CHILDREN_PREV,Prevalence of anaemia in children aged 6-59 months (%),https://www.who.int/data/gho/data/indicators/indicator-details/GHO/anaemia-in-non-pregnant-women-number-%28in-thousands%29,2011,2011,2011,EMR,Eastern Mediterranean,ARE,United Arab Emirates,SEVERITY,SEVERITY_TOTAL,Total,19.4,19.4 [8.8-35.0],8.8,35
NUTRITION_ANAEMIA_REPRODUCTIVEAGE_PREV,Prevalence of anaemia in women of reproductive age (aged 15-49) (%),https://www.who.int/data/gho/data/indicators/indicator-details/GHO/prevalence-of-anaemia-in-women-of-reproductive-age-%28-%29,2023,2023,2023,EMR,Eastern Mediterranean,ARE,United Arab Emirates,SEX,SEX_FMLE,Female,28.2,28.2 [10.6-54.1],10.6,54.1
NCD_BMI_25C,"Overweight among adults, BMI ≥ 25 kg/m2 (crude estimate) (%)",https://www.who.int/data/gho/data/indicators/indicator-details/GHO/prevalence-of-overweight-among-adults-bmi-greaterequal-25-%28crude-estimate%29-%28-%29,2017,2017,2017,EMR,Eastern Mediterranean,ARE,United Arab Emirates,SEX,SEX_FMLE,Female,67.026246,67.0 [63.9-70.2],63.907915,70.180303
NCD_BMI_18C,"Underweight among adults, BMI < 18.5 kg/m2 (crude estimate) (%)",https://www.who.int/data/gho/data/indicators/indicator-details/GHO/prevalence-of-underweight-among-adults-bmi-18-%28crude-estimate%29-%28-%29,2013,2013,2013,EMR,Eastern Mediterranean,ARE,United Arab Emirates,SEX,SEX_MLE,Male,2.4957305,2.5 [1.6-3.6],1.6092019,3.6017012
NCD_BMI_25C,"Overweight among adults, BMI ≥ 25 kg/m2 (crude estimate) (%)",https://www.who.int/data/gho/data/indicators/indicator-details/GHO/prevalence-of-overweight-among-adults-bmi-greaterequal-25-%28crude-estimate%29-%28-%29,2018,2018,2018,EMR,Eastern Mediterranean,ARE,United Arab Emirates,SEX,SEX_BTSX,Both sexes,70.343101,70.3 [67.8-72.9],67.751491,72.894496
NCD_BMI_30A,"Obesity among adults, BMI ≥ 30 kg/m2 (age-standardized estimate) (%)",https://www.who.int/data/gho/data/indicators/indicator-details/GHO/prevalence-of-obesity-among-adults-bmi--30-%28age-standardized-estimate%29-%28-%29,1991,1991,1991,EMR,Eastern Mediterranean,ARE,United Arab Emirates,SEX,SEX_MLE,Male,15.147638,15.1 [11.8-19.0],11.785169,18.985847
NCD_BMI_25A,"Overweight among adults, BMI ≥ 25 kg/m2 (age-standardized estimate) (%)",https://www.who.int/data/gho/data/indicators/indicator-details/GHO/prevalence-of-overweight-among-adults-bmi--25-%28age-standardized-estimate%29-%28-%29,2000,2000,2000,EMR,Eastern Mediterranean,ARE,United Arab Emirates,SEX,SEX_BTSX,Both sexes,64.780432,64.8 [62.3-67.3],62.283796,67.256927
NUTRITION_ANAEMIA_REPRODUCTIVEAGE_PREV,Prevalence of anaemia in women of reproductive age (aged 15-49) (%),https://www.who.int/data/gho/data/indicators/indicator-details/GHO/prevalence-of-anaemia-in-women-of-reproductive-age-%28-%29,2020,2020,2020,EMR,Eastern Mediterranean,ARE,United Arab Emirates,SEX,SEX_FMLE,Female,27.9,27.9 [12.4-51.2],12.4,51.2
NCD_BMI_30C,"Obesity among adults, BMI ≥ 30 kg/m2 (crude estimate) (%)",https://www.who.int/data/gho/data/indicators/indicator-details/GHO/prevalence-of-obesity-among-adults-bmi--30-%28crude-estimate%29-%28-%29,2014,2014,2014,EMR,Eastern Mediterranean,ARE,United Arab Emirates,SEX,SEX_BTSX,Both sexes,30.737901,30.7 [28.4-33.1],28.441417,33.075359
NCD_BMI_PLUS2C,"Obesity among children and adolescents, BMI-for-age > +2 standard deviations above the median (crude estimate) (%)",https://www.who.int/data/gho/data/indicators/indicator-details/GHO/prevalence-of-obesity-among-children-and-adolescents-bmi-2-standard-deviations-above-the-median-%28crude-estimate%29-%28-%29,2020,2020,2020,EMR,Eastern Mediterranean,ARE,United Arab Emirates,SEX,SEX_FMLE,Female,16.593488,16.6 [11.3-22.7],11.321324,22.728755
NCD_BMI_PLUS2C,"Obesity among children and adolescents, BMI-for-age > +2 standard deviations above the median (crude estimate) (%)",https://www.who.int/data/gho/data/indicators/indicator-details/GHO/prevalence-of-obesity-among-children-and-adolescents-bmi-2-standard-deviations-above-the-median-%28crude-estimate%29-%28-%29,2014,2014,2014,EMR,Eastern Mediterranean,ARE,United Arab Emirates,SEX,SEX_MLE,Male,20.988163,21.0 [16.7-25.7],16.700608,25.719211
NCD_BMI_30A,"Obesity among adults, BMI ≥ 30 kg/m2 (age-standardized estimate) (%)",https://www.who.int/data/gho/data/indicators/indicator-details/GHO/prevalence-of-obesity-among-adults-bmi--30-%28age-standardized-estimate%29-%28-%29,1997,1997,1997,EMR,Eastern Mediterranean,ARE,United Arab Emirates,SEX,SEX_BTSX,Both sexes,23.352006,23.4 [21.1-25.9],21.051107,25.85659
NCD_BMI_30C,"Obesity among adults, BMI ≥ 30 kg/m2 (crude estimate) (%)",https://www.who.int/data/gho/data/indicators/indicator-details/GHO/prevalence-of-obesity-among-adults-bmi--30-%28crude-estimate%29-%28-%29,1990,1990,1990,EMR,Eastern Mediterranean,ARE,United Arab Emirates,SEX,SEX_BTSX,Both sexes,17.721421,17.7 [14.8-21.1],14.808591,21.076292
NCD_BMI_PLUS1C,"Overweight among children and adolescents, BMI-for-age > +1 standard deviations above the median (crude estimate) (%)",https://www.who.int/data/gho/data/indicators/indicator-details/GHO/prevalence-of-overweight-among-children-and-adolescents-bmi-1-standard-deviations-above-the-median-%28crude-estimate%29-%28-%29,1991,1991,1991,EMR,Eastern Mediterranean,ARE,United Arab Emirates,SEX,SEX_FMLE,Female,25.104678,25.1 [16.1-35.3],16.107385,35.298479
NUTRITION_ANAEMIA_REPRODUCTIVEAGE_NUM,Number of women of reproductive age (aged 15-49 years) with anaemia (thousands),https://www.who.int/data/gho/data/indicators/indicator-details/GHO/anaemia-in-women-of-reproductive-age-number-%28in-thousands%29,2015,2015,2015,EMR,Eastern Mediterranean,ARE,United Arab Emirates,SEX,SEX_FMLE,Female,543,543.0 [265.9-967.9],265.9,967.9
NCD_BMI_PLUS2C,"Obesity among children and adolescents, BMI-for-age > +2 standard deviations above the median (crude estimate) (%)",https://www.who.int/data/gho/data/indicators/indicator-details/GHO/prevalence-of-obesity-among-children-and-adolescents-bmi-2-standard-deviations-above-the-median-%28crude-estimate%29-%28-%29,2015,2015,2015,EMR,Eastern Mediterranean,ARE,United Arab Emirates,SEX,SEX_MLE,Male,22.281308,22.3 [19.0-25.7],18.985733,25.657633
NCD_BMI_18A,"Underweight among adults, BMI < 18.5 kg/m2 (age-standardized estimate) (%)",https://www.who.int/data/gho/data/indicators/indicator-details/GHO/prevalence-of-underweight-among-adults-bmi-18-%28age-standardized-estimate%29-%28-%29,2011,2011,2011,EMR,Eastern Mediterranean,ARE,United Arab Emirates,SEX,SEX_MLE,Male,2.9309187,2.9 [2.0-4.1],1.9666387,4.1223526
NCD_BMI_MINUS2C,"Thinness among children and adolescents, BMI-for-age < -2 standard deviations below the median (%)",https://www.who.int/data/gho/data/indicators/indicator-details/GHO/prevalence-of-thinness-among-children-and-adolescents-bmi--2-standard-deviations-below-the-median-%28crude-estimate%29-%28-%29,1994,1994,1994,EMR,Eastern Mediterranean,ARE,United Arab Emirates,SEX,SEX_FMLE,Female,4.2378265,4.2 [2.3-7.0],2.2607043,7.0022292
NCD_BMI_25A,"Overweight among adults, BMI ≥ 25 kg/m2 (age-standardized estimate) (%)",https://www.who.int/data/gho/data/indicators/indicator-details/GHO/prevalence-of-overweight-among-adults-bmi--25-%28age-standardized-estimate%29-%28-%29,1995,1995,1995,EMR,Eastern Mediterranean,ARE,United Arab Emirates,SEX,SEX_MLE,Male,59.523195,59.5 [55.3-63.7],55.329847,63.685781
NUTRITION_ANAEMIA_REPRODUCTIVEAGE_PREV,Prevalence of anaemia in women of reproductive age (aged 15-49) (%),https://www.who.int/data/gho/data/indicators/indicator-details/GHO/prevalence-of-anaemia-in-women-of-reproductive-age-%28-%29,2005,2005,2005,EMR,Eastern Mediterranean,ARE,United Arab Emirates,SEX,SEX_FMLE,Female,28.4,28.4 [13.7-50.8],13.7,50.8
NCD_BMI_PLUS1C,"Overweight among children and adolescents, BMI-for-age > +1 standard deviations above the median (crude estimate) (%)",https://www.who.int/data/gho/data/indicators/indicator-details/GHO/prevalence-of-overweight-among-children-and-adolescents-bmi-1-standard-deviations-above-the-median-%28crude-estimate%29-%28-%29,2001,2001,2001,EMR,Eastern Mediterranean,ARE,United Arab Emirates,SEX,SEX_FMLE,Female,30.599436,30.6 [22.4-39.4],22.387755,39.393619
NUTRITION_ANAEMIA_REPRODUCTIVEAGE_NUM,Number of women of reproductive age (aged 15-49 years) with anaemia (thousands),https://www.who.int/data/gho/data/indicators/indicator-details/GHO/anaemia-in-women-of-reproductive-age-number-%28in-thousands%29,2010,2010,2010,EMR,Eastern Mediterranean,ARE,United Arab Emirates,SEX,SEX_FMLE,Female,406.4,406.4 [200.1-736.1],200.1,736.1
NCD_BMI_30C,"Obesity among adults, BMI ≥ 30 kg/m2 (crude estimate) (%)",https://www.who.int/data/gho/data/indicators/indicator-details/GHO/prevalence-of-obesity-among-adults-bmi--30-%28crude-estimate%29-%28-%29,2007,2007,2007,EMR,Eastern Mediterranean,ARE,United Arab Emirates,SEX,SEX_FMLE,Female,36.330587,36.3 [33.5-39.2],33.478478,39.236271
NCD_BMI_PLUS2C,"Obesity among children and adolescents, BMI-for-age > +2 standard deviations above the median (crude estimate) (%)",https://www.who.int/data/gho/data/indicators/indicator-details/GHO/prevalence-of-obesity-among-children-and-adolescents-bmi-2-standard-deviations-above-the-median-%28crude-estimate%29-%28-%29,2005,2005,2005,EMR,Eastern Mediterranean,ARE,United Arab Emirates,SEX,SEX_FMLE,Female,12.015709,12.0 [6.2-19.6],6.2460162,19.566599
NCD_BMI_MINUS2C,"Thinness among children and adolescents, BMI-for-age < -2 standard deviations below the median (%)",https://www.who.int/data/gho/data/indicators/indicator-details/GHO/prevalence-of-thinness-among-children-and-adolescents-bmi--2-standard-deviations-below-the-median-%28crude-estimate%29-%28-%29,2000,2000,2000,EMR,Eastern Mediterranean,ARE,United Arab Emirates,SEX,SEX_BTSX,Both sexes,4.6874639,4.7 [3.4-6.3],3.3611789,6.2748842
NCD_BMI_PLUS2C,"Obesity among children and adolescents, BMI-for-age > +2 standard deviations above the median (crude estimate) (%)",https://www.who.int/data/gho/data/indicators/indicator-details/GHO/prevalence-of-obesity-among-children-and-adolescents-bmi-2-standard-deviations-above-the-median-%28crude-estimate%29-%28-%29,2022,2022,2022,EMR,Eastern Mediterranean,ARE,United Arab Emirates,SEX,SEX_BTSX,Both sexes,20.602602,20.6 [15.8-25.8],15.773518,25.799412
NCD_BMI_PLUS1C,"Overweight among children and adolescents, BMI-for-age > +1 standard deviations above the median (crude estimate) (%)",https://www.who.int/data/gho/data/indicators/indicator-details/GHO/prevalence-of-overweight-among-children-and-adolescents-bmi-1-standard-deviations-above-the-median-%28crude-estimate%29-%28-%29,2008,2008,2008,EMR,Eastern Mediterranean,ARE,United Arab Emirates,SEX,SEX_MLE,Male,41.464472,41.5 [38.1-44.7],38.128829,44.704247
NCD_BMI_PLUS1C,"Overweight among children and adolescents, BMI-for-age > +1 standard deviations above the median (crude estimate) (%)",https://www.who.int/data/gho/data/indicators/indicator-details/GHO/prevalence-of-overweight-among-children-and-adolescents-bmi-1-standard-deviations-above-the-median-%28crude-estimate%29-%28-%29,2016,2016,2016,EMR,Eastern Mediterranean,ARE,United Arab Emirates,SEX,SEX_BTSX,Both sexes,41.113079,41.1 [37.5-44.7],37.54777,44.666877
NCD_BMI_25A,"Overweight among adults, BMI ≥ 25 kg/m2 (age-standardized estimate) (%)",https://www.who.int/data/gho/data/indicators/indicator-details/GHO/prevalence-of-overweight-among-adults-bmi--25-%28age-standardized-estimate%29-%28-%29,2020,2020,2020,EMR,Eastern Mediterranean,ARE,United Arab Emirates,SEX,SEX_FMLE,Female,69.332319,69.3 [65.6-73.1],65.620208,73.096585
NCD_BMI_PLUS2C,"Obesity among children and adolescents, BMI-for-age > +2 standard deviations above the median (crude estimate) (%)",https://www.who.int/data/gho/data/indicators/indicator-details/GHO/prevalence-of-obesity-among-children-and-adolescents-bmi-2-standard-deviations-above-the-median-%28crude-estimate%29-%28-%29,2018,2018,2018,EMR,Eastern Mediterranean,ARE,United Arab Emirates,SEX,SEX_FMLE,Female,15.577114,15.6 [8.3-24.5],8.3201483,24.531096
NCD_BMI_PLUS2C,"Obesity among children and adolescents, BMI-for-age > +2 standard deviations above the median (crude estimate) (%)",https://www.who.int/data/gho/data/indicators/indicator-details/GHO/prevalence-of-obesity-among-children-and-adolescents-bmi-2-standard-deviations-above-the-median-%28crude-estimate%29-%28-%29,2021,2021,2021,EMR,Eastern Mediterranean,ARE,United Arab Emirates,SEX,SEX_FMLE,Female,16.854534,16.9 [11.1-23.6],11.090772,23.59878
NCD_BMI_PLUS1C,"Overweight among children and adolescents, BMI-for-age > +1 standard deviations above the median (crude estimate) (%)",https://www.who.int/data/gho/data/indicators/indicator-details/GHO/prevalence-of-overweight-among-children-and-adolescents-bmi-1-standard-deviations-above-the-median-%28crude-estimate%29-%28-%29,2002,2002,2002,EMR,Eastern Mediterranean,ARE,United Arab Emirates,SEX,SEX_BTSX,Both sexes,31.734714,31.7 [25.8-38.1],25.767392,38.105461
NCD_BMI_MINUS2C,"Thinness among children and adolescents, BMI-for-age < -2 standard deviations below the median (%)",https://www.who.int/data/gho/data/indicators/indicator-details/GHO/prevalence-of-thinness-among-children-and-adolescents-bmi--2-standard-deviations-below-the-median-%28crude-estimate%29-%28-%29,1996,1996,1996,EMR,Eastern Mediterranean,ARE,United Arab Emirates,SEX,SEX_MLE,Male,3.954773,4.0 [1.4-8.5],1.362367,8.5399039
NCD_BMI_MINUS2C,"Thinness among children and adolescents, BMI-for-age < -2 standard deviations below the median (%)",https://www.who.int/data/gho/data/indicators/indicator-details/GHO/prevalence-of-thinness-among-children-and-adolescents-bmi--2-standard-deviations-below-the-median-%28crude-estimate%29-%28-%29,2012,2012,2012,EMR,Eastern Mediterranean,ARE,United Arab Emirates,SEX,SEX_BTSX,Both sexes,3.5916246,3.6 [2.7-4.8],2.6853463,4.7514267
NCD_BMI_MINUS2C,"Thinness among children and adolescents, BMI-for-age < -2 standard deviations below the median (%)",https://www.who.int/data/gho/data/indicators/indicator-details/GHO/prevalence-of-thinness-among-children-and-adolescents-bmi--2-standard-deviations-below-the-median-%28crude-estimate%29-%28-%29,2017,2017,2017,EMR,Eastern Mediterranean,ARE,United Arab Emirates,SEX,SEX_FMLE,Female,3.0051008,3.0 [1.9-4.4],1.9462222,4.3618619
NCD_BMI_25C,"Overweight among adults, BMI ≥ 25 kg/m2 (crude estimate) (%)",https://www.who.int/data/gho/data/indicators/indicator-details/GHO/prevalence-of-overweight-among-adults-bmi-greaterequal-25-%28crude-estimate%29-%28-%29,2020,2020,2020,EMR,Eastern Mediterranean,ARE,United Arab Emirates,SEX,SEX_MLE,Male,71.713305,71.7 [67.5-75.7],67.533427,75.673896
NCD_BMI_18A,"Underweight among adults, BMI < 18.5 kg/m2 (age-standardized estimate) (%)",https://www.who.int/data/gho/data/indicators/indicator-details/GHO/prevalence-of-underweight-among-adults-bmi-18-%28age-standardized-estimate%29-%28-%29,2009,2009,2009,EMR,Eastern Mediterranean,ARE,United Arab Emirates,SEX,SEX_FMLE,Female,2.4048474,2.4 [1.7-3.2],1.7035743,3.2247961
NCD_BMI_PLUS2C,"Obesity among children and adolescents, BMI-for-age > +2 standard deviations above the median (crude estimate) (%)",https://www.who.int/data/gho/data/indicators/indicator-details/GHO/prevalence-of-obesity-among-children-and-adolescents-bmi-2-standard-deviations-above-the-median-%28crude-estimate%29-%28-%29,2011,2011,2011,EMR,Eastern Mediterranean,ARE,United Arab Emirates,SEX,SEX_MLE,Male,20.882714,20.9 [18.0-23.7],18.036227,23.721792
NCD_BMI_MINUS2C,"Thinness among children and adolescents, BMI-for-age < -2 standard deviations below the median (%)",https://www.who.int/data/gho/data/indicators/indicator-details/GHO/prevalence-of-thinness-among-children-and-adolescents-bmi--2-standard-deviations-below-the-median-%28crude-estimate%29-%28-%29,2017,2017,2017,EMR,Eastern Mediterranean,ARE,United Arab Emirates,SEX,SEX_MLE,Male,4.7661703,4.8 [3.2-6.6],3.236961,6.6142432
NCD_BMI_30C,"Obesity among adults, BMI ≥ 30 kg/m2 (crude estimate) (%)",https://www.who.int/data/gho/data/indicators/indicator-details/GHO/prevalence-of-obesity-among-adults-bmi--30-%28crude-estimate%29-%28-%29,1996,1996,1996,EMR,Eastern Mediterranean,ARE,United Arab Emirates,SEX,SEX_MLE,Male,19.063286,19.1 [16.0-22.5],15.953647,22.478493
NCD_BMI_PLUS1C,"Overweight among children and adolescents, BMI-for-age > +1 standard deviations above the median (crude estimate) (%)",https://www.who.int/data/gho/data/indicators/indicator-details/GHO/prevalence-of-overweight-among-children-and-adolescents-bmi-1-standard-deviations-above-the-median-%28crude-estimate%29-%28-%29,2000,2000,2000,EMR,Eastern Mediterranean,ARE,United Arab Emirates,SEX,SEX_BTSX,Both sexes,32.566175,32.6 [28.8-36.3],28.845656,36.318412
NUTRITION_ANAEMIA_CHILDREN_PREV,Prevalence of anaemia in children aged 6-59 months (%),https://www.who.int/data/gho/data/indicators/indicator-details/GHO/anaemia-in-non-pregnant-women-number-%28in-thousands%29,2001,2001,2001,EMR,Eastern Mediterranean,ARE,United Arab Emirates,SEVERITY,SEVERITY_MILD,Mild,13.7,13.7 [6.5-25.2],6.5,25.2
NUTRITION_ANAEMIA_CHILDREN_NUM,Number of children aged 6-59 months with anaemia (thousands),https://www.who.int/data/gho/data/indicators/indicator-details/GHO/anaemia-in-children-under-5-years-number,2016,2016,2016,EMR,Eastern Mediterranean,ARE,United Arab Emirates,SEX,SEX_BTSX,Both sexes,98.355,98 [42-180],42,180
NCD_BMI_PLUS1C,"Overweight among children and adolescents, BMI-for-age > +1 standard deviations above the median (crude estimate) (%)",https://www.who.int/data/gho/data/indicators/indicator-details/GHO/prevalence-of-overweight-among-children-and-adolescents-bmi-1-standard-deviations-above-the-median-%28crude-estimate%29-%28-%29,2021,2021,2021,EMR,Eastern Mediterranean,ARE,United Arab Emirates,SEX,SEX_MLE,Male,46.328694,46.3 [39.2-53.4],39.217609,53.381103
NUTRITION_ANAEMIA_CHILDREN_NUM,Number of children aged 6-59 months with anaemia (thousands),https://www.who.int/data/gho/data/indicators/indicator-details/GHO/anaemia-in-children-under-5-years-number,2003,2003,2003,EMR,Eastern Mediterranean,ARE,United Arab Emirates,SEVERITY,SEVERITY_SEVERE,Severe,0.33,0.33 [0.03-1.51],0.03,1.51
NCD_BMI_18C,"Underweight among adults, BMI < 18.5 kg/m2 (crude estimate) (%)",https://www.who.int/data/gho/data/indicators/indicator-details/GHO/prevalence-of-underweight-among-adults-bmi-18-%28crude-estimate%29-%28-%29,2013,2013,2013,EMR,Eastern Mediterranean,ARE,United Arab Emirates,SEX,SEX_FMLE,Female,2.6190853,2.6 [1.8-3.6],1.8236017,3.5506878
NCD_BMI_25C,"Overweight among adults, BMI ≥ 25 kg/m2 (crude estimate) (%)",https://www.who.int/data/gho/data/indicators/indicator-details/GHO/prevalence-of-overweight-among-adults-bmi-greaterequal-25-%28crude-estimate%29-%28-%29,2022,2022,2022,EMR,Eastern Mediterranean,ARE,United Arab Emirates,SEX,SEX_BTSX,Both sexes,69.846833,69.8 [66.1-73.4],66.06372,73.437506
NCD_BMI_MINUS2C,"Thinness among children and adolescents, BMI-for-age < -2 standard deviations below the median (%)",https://www.who.int/data/gho/data/indicators/indicator-details/GHO/prevalence-of-thinness-among-children-and-adolescents-bmi--2-standard-deviations-below-the-median-%28crude-estimate%29-%28-%29,1998,1998,1998,EMR,Eastern Mediterranean,ARE,United Arab Emirates,SEX,SEX_FMLE,Female,3.6291011,3.6 [2.0-6.0],1.9812429,5.9993278
NCD_BMI_PLUS2C,"Obesity among children and adolescents, BMI-for-age > +2 standard deviations above the median (crude estimate) (%)",https://www.who.int/data/gho/data/indicators/indicator-details/GHO/prevalence-of-obesity-among-children-and-adolescents-bmi-2-standard-deviations-above-the-median-%28crude-estimate%29-%28-%29,2004,2004,2004,EMR,Eastern Mediterranean,ARE,United Arab Emirates,SEX,SEX_FMLE,Female,12.029817,12.0 [8.5-16.4],8.4900156,16.404948
NCD_BMI_25A,"Overweight among adults, BMI ≥ 25 kg/m2 (age-standardized estimate) (%)",https://www.who.int/data/gho/data/indicators/indicator-details/GHO/prevalence-of-overweight-among-adults-bmi--25-%28age-standardized-estimate%29-%28-%29,2012,2012,2012,EMR,Eastern Mediterranean,ARE,United Arab Emirates,SEX,SEX_MLE,Male,70.662248,70.7 [67.9-73.4],67.861313,73.4456
NCD_BMI_PLUS2C,"Obesity among children and adolescents, BMI-for-age > +2 standard deviations above the median (crude estimate) (%)",https://www.who.int/data/gho/data/indicators/indicator-details/GHO/prevalence-of-obesity-among-children-and-adolescents-bmi-2-standard-deviations-above-the-median-%28crude-estimate%29-%28-%29,1993,1993,1993,EMR,Eastern Mediterranean,ARE,United Arab Emirates,SEX,SEX_BTSX,Both sexes,8.8548519,8.9 [4.5-14.6],4.4740148,14.63647
NCD_BMI_MINUS2C,"Thinness among children and adolescents, BMI-for-age < -2 standard deviations below the median (%)",https://www.who.int/data/gho/data/indicators/indicator-details/GHO/prevalence-of-thinness-among-children-and-adolescents-bmi--2-standard-deviations-below-the-median-%28crude-estimate%29-%28-%29,2006,2006,2006,EMR,Eastern Mediterranean,ARE,United Arab Emirates,SEX,SEX_BTSX,Both sexes,3.7705265,3.8 [2.8-5.0],2.7624357,5.0413352
NUTRITION_ANAEMIA_CHILDREN_NUM,Number of children aged 6-59 months with anaemia (thousands),https://www.who.int/data/gho/data/indicators/indicator-details/GHO/anaemia-in-children-under-5-years-number,2018,2018,2018,EMR,Eastern Mediterranean,ARE,United Arab Emirates,SEVERITY,SEVERITY_MILD,Mild,75.7,75.7 [32.1-136],32.1,136
NCD_BMI_18C,"Underweight among adults, BMI < 18.5 kg/m2 (crude estimate) (%)",https://www.who.int/data/gho/data/indicators/indicator-details/GHO/prevalence-of-underweight-among-adults-bmi-18-%28crude-estimate%29-%28-%29,1990,1990,1990,EMR,Eastern Mediterranean,ARE,United Arab Emirates,SEX,SEX_BTSX,Both sexes,4.5035243,4.5 [2.8-6.7],2.790804,6.6863239
NCD_BMI_30A,"Obesity among adults, BMI ≥ 30 kg/m2 (age-standardized estimate) (%)",https://www.who.int/data/gho/data/indicators/indicator-details/GHO/prevalence-of-obesity-among-adults-bmi--30-%28age-standardized-estimate%29-%28-%29,2011,2011,2011,EMR,Eastern Mediterranean,ARE,United Arab Emirates,SEX,SEX_MLE,Male,27.173921,27.2 [24.3-30.1],24.318905,30.117944
NCD_BMI_PLUS2C,"Obesity among children and adolescents, BMI-for-age > +2 standard deviations above the median (crude estimate) (%)",https://www.who.int/data/gho/data/indicators/indicator-details/GHO/prevalence-of-obesity-among-children-and-adolescents-bmi-2-standard-deviations-above-the-median-%28crude-estimate%29-%28-%29,2016,2016,2016,EMR,Eastern Mediterranean,ARE,United Arab Emirates,SEX,SEX_BTSX,Both sexes,17.515869,17.5 [11.9-23.9],11.872565,23.87514
NCD_BMI_25C,"Overweight among adults, BMI ≥ 25 kg/m2 (crude estimate) (%)",https://www.who.int/data/gho/data/indicators/indicator-details/GHO/prevalence-of-overweight-among-adults-bmi-greaterequal-25-%28crude-estimate%29-%28-%29,2012,2012,2012,EMR,Eastern Mediterranean,ARE,United Arab Emirates,SEX,SEX_MLE,Male,71.343863,71.3 [68.5-74.2],68.487668,74.169952
NCD_BMI_18A,"Underweight among adults, BMI < 18.5 kg/m2 (age-standardized estimate) (%)",https://www.who.int/data/gho/data/indicators/indicator-details/GHO/prevalence-of-underweight-among-adults-bmi-18-%28age-standardized-estimate%29-%28-%29,2007,2007,2007,EMR,Eastern Mediterranean,ARE,United Arab Emirates,SEX,SEX_FMLE,Female,2.3937734,2.4 [1.7-3.2],1.712784,3.2236587
NCD_BMI_18C,"Underweight among adults, BMI < 18.5 kg/m2 (crude estimate) (%)",https://www.who.int/data/gho/data/indicators/indicator-details/GHO/prevalence-of-underweight-among-adults-bmi-18-%28crude-estimate%29-%28-%29,2015,2015,2015,EMR,Eastern Mediterranean,ARE,United Arab Emirates,SEX,SEX_FMLE,Female,2.6718734,2.7 [1.8-3.7],1.8251974,3.6880024
NUTRITION_ANAEMIA_CHILDREN_NUM,Number of children aged 6-59 months with anaemia (thousands),https://www.who.int/data/gho/data/indicators/indicator-details/GHO/anaemia-in-children-under-5-years-number,2004,2004,2004,EMR,Eastern Mediterranean,ARE,United Arab Emirates,SEVERITY,SEVERITY_MODERATE,Moderate,13.8,13.8 [4.12-38.5],4.12,38.5
NCD_BMI_30C,"Obesity among adults, BMI ≥ 30 kg/m2 (crude estimate) (%)",https://www.who.int/data/gho/data/indicators/indicator-details/GHO/prevalence-of-obesity-among-adults-bmi--30-%28crude-estimate%29-%28-%29,2020,2020,2020,EMR,Eastern Mediterranean,ARE,United Arab Emirates,SEX,SEX_BTSX,Both sexes,30.520171,30.5 [27.3-33.9],27.262849,33.894843
NCD_BMI_18A,"Underweight among adults, BMI < 18.5 kg/m2 (age-standardized estimate) (%)",https://www.who.int/data/gho/data/indicators/indicator-details/GHO/prevalence-of-underweight-among-adults-bmi-18-%28age-standardized-estimate%29-%28-%29,1991,1991,1991,EMR,Eastern Mediterranean,ARE,United Arab Emirates,SEX,SEX_FMLE,Female,3.1607009,3.2 [1.8-5.0],1.7971218,5.0320264
NCD_BMI_30A,"Obesity among adults, BMI ≥ 30 kg/m2 (age-standardized estimate) (%)",https://www.who.int/data/gho/data/indicators/indicator-details/GHO/prevalence-of-obesity-among-adults-bmi--30-%28age-standardized-estimate%29-%28-%29,1990,1990,1990,EMR,Eastern Mediterranean,ARE,United Arab Emirates,SEX,SEX_MLE,Male,14.480762,14.5 [11.0-18.4],11.02273,18.430449
NCD_BMI_25A,"Overweight among adults, BMI ≥ 25 kg/m2 (age-standardized estimate) (%)",https://www.who.int/data/gho/data/indicators/indicator-details/GHO/prevalence-of-overweight-among-adults-bmi--25-%28age-standardized-estimate%29-%28-%29,2022,2022,2022,EMR,Eastern Mediterranean,ARE,United Arab Emirates,SEX,SEX_FMLE,Female,69.155049,69.2 [64.8-73.6],64.76931,73.567361
NCD_BMI_18A,"Underweight among adults, BMI < 18.5 kg/m2 (age-standardized estimate) (%)",https://www.who.int/data/gho/data/indicators/indicator-details/GHO/prevalence-of-underweight-among-adults-bmi-18-%28age-standardized-estimate%29-%28-%29,1994,1994,1994,EMR,Eastern Mediterranean,ARE,United Arab Emirates,SEX,SEX_FMLE,Female,2.9283606,2.9 [1.8-4.4],1.8124936,4.4162668
NUTRITION_ANAEMIA_CHILDREN_PREV,Prevalence of anaemia in children aged 6-59 months (%),https://www.who.int/data/gho/data/indicators/indicator-details/GHO/anaemia-in-non-pregnant-women-number-%28in-thousands%29,2000,2000,2000,EMR,Eastern Mediterranean,ARE,United Arab Emirates,SEX,SEX_BTSX,Both sexes,19.6,19.6 [8.5-37.9],8.5,37.9
NCD_BMI_MINUS2C,"Thinness among children and adolescents, BMI-for-age < -2 standard deviations below the median (%)",https://www.who.int/data/gho/data/indicators/indicator-details/GHO/prevalence-of-thinness-among-children-and-adolescents-bmi--2-standard-deviations-below-the-median-%28crude-estimate%29-%28-%29,2006,2006,2006,EMR,Eastern Mediterranean,ARE,United Arab Emirates,SEX,SEX_FMLE,Female,3.0699942,3.1 [1.8-4.9],1.8345973,4.8629161
NCD_BMI_PLUS2C,"Obesity among children and adolescents, BMI-for-age > +2 standard deviations above the median (crude estimate) (%)",https://www.who.int/data/gho/data/indicators/indicator-details/GHO/prevalence-of-obesity-among-children-and-adolescents-bmi-2-standard-deviations-above-the-median-%28crude-estimate%29-%28-%29,2019,2019,2019,EMR,Eastern Mediterranean,ARE,United Arab Emirates,SEX,SEX_MLE,Male,22.760732,22.8 [16.9-29.0],16.939215,28.968263
NCD_BMI_30A,"Obesity among adults, BMI ≥ 30 kg/m2 (age-standardized estimate) (%)",https://www.who.int/data/gho/data/indicators/indicator-details/GHO/prevalence-of-obesity-among-adults-bmi--30-%28age-standardized-estimate%29-%28-%29,1993,1993,1993,EMR,Eastern Mediterranean,ARE,United Arab Emirates,SEX,SEX_MLE,Male,16.504365,16.5 [13.3-20.1],13.296556,20.10504
NCD_BMI_18A,"Underweight among adults, BMI < 18.5 kg/m2 (age-standardized estimate) (%)",https://www.who.int/data/gho/data/indicators/indicator-details/GHO/prevalence-of-underweight-among-adults-bmi-18-%28age-standardized-estimate%29-%28-%29,2012,2012,2012,EMR,Eastern Mediterranean,ARE,United Arab Emirates,SEX,SEX_BTSX,Both sexes,2.7450664,2.7 [2.1-3.6],2.0563312,3.5617836
NCD_BMI_MINUS2C,"Thinness among children and adolescents, BMI-for-age < -2 standard deviations below the median (%)",https://www.who.int/data/gho/data/indicators/indicator-details/GHO/prevalence-of-thinness-among-children-and-adolescents-bmi--2-standard-deviations-below-the-median-%28crude-estimate%29-%28-%29,2008,2008,2008,EMR,Eastern Mediterranean,ARE,United Arab Emirates,SEX,SEX_BTSX,Both sexes,4.0646885,4.1 [3.2-5.0],3.1917024,5.0199542
NCD_BMI_30C,"Obesity among adults, BMI ≥ 30 kg/m2 (crude estimate) (%)",https://www.who.int/data/gho/data/indicators/indicator-details/GHO/prevalence-of-obesity-among-adults-bmi--30-%28crude-estimate%29-%28-%29,1993,1993,1993,EMR,Eastern Mediterranean,ARE,United Arab Emirates,SEX,SEX_FMLE,Female,28.967887,29.0 [25.0-33.1],25.008193,33.115461
NCD_BMI_PLUS1C,"Overweight among children and adolescents, BMI-for-age > +1 standard deviations above the median (crude estimate) (%)",https://www.who.int/data/gho/data/indicators/indicator-details/GHO/prevalence-of-overweight-among-children-and-adolescents-bmi-1-standard-deviations-above-the-median-%28crude-estimate%29-%28-%29,2016,2016,2016,EMR,Eastern Mediterranean,ARE,United Arab Emirates,SEX,SEX_MLE,Male,44.184232,44.2 [39.2-49.2],39.164588,49.23397
NCD_BMI_PLUS1C,"Overweight among children and adolescents, BMI-for-age > +1 standard deviations above the median (crude estimate) (%)",https://www.who.int/data/gho/data/indicators/indicator-details/GHO/prevalence-of-overweight-among-children-and-adolescents-bmi-1-standard-deviations-above-the-median-%28crude-estimate%29-%28-%29,2022,2022,2022,EMR,Eastern Mediterranean,ARE,United Arab Emirates,SEX,SEX_BTSX,Both sexes,43.494213,43.5 [38.2-49.0],38.162667,49.048388
NCD_BMI_MINUS2C,"Thinness among children and adolescents, BMI-for-age < -2 standard deviations below the median (%)",https://www.who.int/data/gho/data/indicators/indicator-details/GHO/prevalence-of-thinness-among-children-and-adolescents-bmi--2-standard-deviations-below-the-median-%28crude-estimate%29-%28-%29,2009,2009,2009,EMR,Eastern Mediterranean,ARE,United Arab Emirates,SEX,SEX_BTSX,Both sexes,4.0239275,4.0 [3.2-4.9],3.1875007,4.9402211
NUTRITION_ANAEMIA_CHILDREN_PREV,Prevalence of anaemia in children aged 6-59 months (%),https://www.who.int/data/gho/data/indicators/indicator-details/GHO/anaemia-in-non-pregnant-women-number-%28in-thousands%29,2002,2002,2002,EMR,Eastern Mediterranean,ARE,United Arab Emirates,SEVERITY,SEVERITY_MILD,Mild,13.7,13.7 [6.6-24.8],6.6,24.8
NCD_BMI_PLUS2C,"Obesity among children and adolescents, BMI-for-age > +2 standard deviations above the median (crude estimate) (%)",https://www.who.int/data/gho/data/indicators/indicator-details/GHO/prevalence-of-obesity-among-children-and-adolescents-bmi-2-standard-deviations-above-the-median-%28crude-estimate%29-%28-%29,2016,2016,2016,EMR,Eastern Mediterranean,ARE,United Arab Emirates,SEX,SEX_MLE,Male,20.001322,20.0 [11.5-29.9],11.487126,29.908729
NCD_BMI_PLUS1C,"Overweight among children and adolescents, BMI-for-age > +1 standard deviations above the median (crude estimate) (%)",https://www.who.int/data/gho/data/indicators/indicator-details/GHO/prevalence-of-overweight-among-children-and-adolescents-bmi-1-standard-deviations-above-the-median-%28crude-estimate%29-%28-%29,2001,2001,2001,EMR,Eastern Mediterranean,ARE,United Arab Emirates,SEX,SEX_FMLE,Female,30.442598,30.4 [26.1-35.0],26.081279,34.961581
NUTRITION_ANAEMIA_CHILDREN_PREV,Prevalence of anaemia in children aged 6-59 months (%),https://www.who.int/data/gho/data/indicators/indicator-details/GHO/anaemia-in-non-pregnant-women-number-%28in-thousands%29,2004,2004,2004,EMR,Eastern Mediterranean,ARE,United Arab Emirates,SEVERITY,SEVERITY_MODERATE,Moderate,5.1,5.1 [1.5-14.2],1.5,14.2
NCD_BMI_MINUS2C,"Thinness among children and adolescents, BMI-for-age < -2 standard deviations below the median (%)",https://www.who.int/data/gho/data/indicators/indicator-details/GHO/prevalence-of-thinness-among-children-and-adolescents-bmi--2-standard-deviations-below-the-median-%28crude-estimate%29-%28-%29,2019,2019,2019,EMR,Eastern Mediterranean,ARE,United Arab Emirates,SEX,SEX_FMLE,Female,2.8641369,2.9 [1.0-6.1],0.98020788,6.1232738
NCD_BMI_18C,"Underweight among adults, BMI < 18.5 kg/m2 (crude estimate) (%)",https://www.who.int/data/gho/data/indicators/indicator-details/GHO/prevalence-of-underweight-among-adults-bmi-18-%28crude-estimate%29-%28-%29,2022,2022,2022,EMR,Eastern Mediterranean,ARE,United Arab Emirates,SEX,SEX_BTSX,Both sexes,2.6927937,2.7 [1.7-4.0],1.7358448,3.9650697
NCD_BMI_30A,"Obesity among adults, BMI ≥ 30 kg/m2 (age-standardized estimate) (%)",https://www.who.int/data/gho/data/indicators/indicator-details/GHO/prevalence-of-obesity-among-adults-bmi--30-%28age-standardized-estimate%29-%28-%29,2016,2016,2016,EMR,Eastern Mediterranean,ARE,United Arab Emirates,SEX,SEX_BTSX,Both sexes,31.934652,31.9 [29.5-34.4],29.528728,34.398621
NCD_BMI_25A,"Overweight among adults, BMI ≥ 25 kg/m2 (age-standardized estimate) (%)",https://www.who.int/data/gho/data/indicators/indicator-details/GHO/prevalence-of-overweight-among-adults-bmi--25-%28age-standardized-estimate%29-%28-%29,2016,2016,2016,EMR,Eastern Mediterranean,ARE,United Arab Emirates,SEX,SEX_MLE,Male,71.317381,71.3 [68.2-74.3],68.233323,74.32223
NCD_BMI_PLUS1C,"Overweight among children and adolescents, BMI-for-age > +1 standard deviations above the median (crude estimate) (%)",https://www.who.int/data/gho/data/indicators/indicator-details/GHO/prevalence-of-overweight-among-children-and-adolescents-bmi-1-standard-deviations-above-the-median-%28crude-estimate%29-%28-%29,1997,1997,1997,EMR,Eastern Mediterranean,ARE,United Arab Emirates,SEX,SEX_FMLE,Female,28.199461,28.2 [23.1-33.6],23.057707,33.584154
NUTRITION_ANAEMIA_CHILDREN_NUM,Number of children aged 6-59 months with anaemia (thousands),https://www.who.int/data/gho/data/indicators/indicator-details/GHO/anaemia-in-children-under-5-years-number,2001,2001,2001,EMR,Eastern Mediterranean,ARE,United Arab Emirates,SEVERITY,SEVERITY_SEVERE,Severe,0.42,0.42 [0.04-1.72],0.04,1.72
NUTRITION_ANAEMIA_REPRODUCTIVEAGE_PREV,Prevalence of anaemia in women of reproductive age (aged 15-49) (%),https://www.who.int/data/gho/data/indicators/indicator-details/GHO/prevalence-of-anaemia-in-women-of-reproductive-age-%28-%29,2002,2002,2002,EMR,Eastern Mediterranean,ARE,United Arab Emirates,SEX,SEX_FMLE,Female,28.5,28.5 [13.5-50.2],13.5,50.2
NCD_BMI_18C,"Underweight among adults, BMI < 18.5 kg/m2 (crude estimate) (%)",https://www.who.int/data/gho/data/indicators/indicator-details/GHO/prevalence-of-underweight-among-adults-bmi-18-%28crude-estimate%29-%28-%29,1995,1995,1995,EMR,Eastern Mediterranean,ARE,United Arab Emirates,SEX,SEX_BTSX,Both sexes,3.7385408,3.7 [2.5-5.3],2.5194291,5.2631535
NCD_BMI_MINUS2C,"Thinness among children and adolescents, BMI-for-age < -2 standard deviations below the median (%)",https://www.who.int/data/gho/data/indicators/indicator-details/GHO/prevalence-of-thinness-among-children-and-adolescents-bmi--2-standard-deviations-below-the-median-%28crude-estimate%29-%28-%29,2018,2018,2018,EMR,Eastern Mediterranean,ARE,United Arab Emirates,SEX,SEX_MLE,Male,3.2428477,3.2 [1.1-6.8],1.1384234,6.849058
NCD_BMI_25C,"Overweight among adults, BMI ≥ 25 kg/m2 (crude estimate) (%)",https://www.who.int/data/gho/data/indicators/indicator-details/GHO/prevalence-of-overweight-among-adults-bmi-greaterequal-25-%28crude-estimate%29-%28-%29,1995,1995,1995,EMR,Eastern Mediterranean,ARE,United Arab Emirates,SEX,SEX_MLE,Male,59.512079,59.5 [55.2-63.8],55.203879,63.804084
NUTRITION_ANAEMIA_REPRODUCTIVEAGE_PREV,Prevalence of anaemia in women of reproductive age (aged 15-49) (%),https://www.who.int/data/gho/data/indicators/indicator-details/GHO/prevalence-of-anaemia-in-women-of-reproductive-age-%28-%29,2001,2001,2001,EMR,Eastern Mediterranean,ARE,United Arab Emirates,SEX,SEX_FMLE,Female,28.5,28.5 [12.7-51.6],12.7,51.6
NCD_BMI_PLUS1C,"Overweight among children and adolescents, BMI-for-age > +1 standard deviations above the median (crude estimate) (%)",https://www.who.int/data/gho/data/indicators/indicator-details/GHO/prevalence-of-overweight-among-children-and-adolescents-bmi-1-standard-deviations-above-the-median-%28crude-estimate%29-%28-%29,2015,2015,2015,EMR,Eastern Mediterranean,ARE,United Arab Emirates,SEX,SEX_MLE,Male,45.524362,45.5 [42.0-49.1],42.008996,49.067292
NCD_BMI_18C,"Underweight among adults, BMI < 18.5 kg/m2 (crude estimate) (%)",https://www.who.int/data/gho/data/indicators/indicator-details/GHO/prevalence-of-underweight-among-adults-bmi-18-%28crude-estimate%29-%28-%29,2012,2012,2012,EMR,Eastern Mediterranean,ARE,United Arab Emirates,SEX,SEX_BTSX,Both sexes,2.5389612,2.5 [1.9-3.3],1.8748187,3.3291146
NCD_BMI_PLUS1C,"Overweight among children and adolescents, BMI-for-age > +1 standard deviations above the median (crude estimate) (%)",https://www.who.int/data/gho/data/indicators/indicator-details/GHO/prevalence-of-overweight-among-children-and-adolescents-bmi-1-standard-deviations-above-the-median-%28crude-estimate%29-%28-%29,2011,2011,2011,EMR,Eastern Mediterranean,ARE,United Arab Emirates,SEX,SEX_BTSX,Both sexes,38.776582,38.8 [35.7-41.9],35.690001,41.86528
NCD_BMI_PLUS1C,"Overweight among children and adolescents, BMI-for-age > +1 standard deviations above the median (crude estimate) (%)",https://www.who.int/data/gho/data/indicators/indicator-details/GHO/prevalence-of-overweight-among-children-and-adolescents-bmi-1-standard-deviations-above-the-median-%28crude-estimate%29-%28-%29,2002,2002,2002,EMR,Eastern Mediterranean,ARE,United Arab Emirates,SEX,SEX_MLE,Male,35.028818,35.0 [30.2-40.0],30.16358,40.014327
NCD_BMI_30A,"Obesity among adults, BMI ≥ 30 kg/m2 (age-standardized estimate) (%)",https://www.who.int/data/gho/data/indicators/indicator-details/GHO/prevalence-of-obesity-among-adults-bmi--30-%28age-standardized-estimate%29-%28-%29,1995,1995,1995,EMR,Eastern Mediterranean,ARE,United Arab Emirates,SEX,SEX_FMLE,Female,33.648607,33.6 [30.0-37.4],29.981518,37.436187
NCD_BMI_MINUS2C,"Thinness among children and adolescents, BMI-for-age < -2 standard deviations below the median (%)",https://www.who.int/data/gho/data/indicators/indicator-details/GHO/prevalence-of-thinness-among-children-and-adolescents-bmi--2-standard-deviations-below-the-median-%28crude-estimate%29-%28-%29,2004,2004,2004,EMR,Eastern Mediterranean,ARE,United Arab Emirates,SEX,SEX_MLE,Male,3.3528566,3.4 [1.3-7.2],1.2644607,7.152532
NUTRITION_ANAEMIA_CHILDREN_NUM,Number of children aged 6-59 months with anaemia (thousands),https://www.who.int/data/gho/data/indicators/indicator-details/GHO/anaemia-in-children-under-5-years-number,2014,2014,2014,EMR,Eastern Mediterranean,ARE,United Arab Emirates,SEVERITY,SEVERITY_MILD,Mild,73.9,73.9 [35.1-128],35.1,128
NCD_BMI_MINUS2C,"Thinness among children and adolescents, BMI-for-age < -2 standard deviations below the median (%)",https://www.who.int/data/gho/data/indicators/indicator-details/GHO/prevalence-of-thinness-among-children-and-adolescents-bmi--2-standard-deviations-below-the-median-%28crude-estimate%29-%28-%29,1997,1997,1997,EMR,Eastern Mediterranean,ARE,United Arab Emirates,SEX,SEX_BTSX,Both sexes,3.7650835,3.8 [1.8-6.6],1.8292546,6.6372789
NCD_BMI_PLUS2C,"Obesity among children and adolescents, BMI-for-age > +2 standard deviations above the median (crude estimate) (%)",https://www.who.int/data/gho/data/indicators/indicator-details/GHO/prevalence-of-obesity-among-children-and-adolescents-bmi-2-standard-deviations-above-the-median-%28crude-estimate%29-%28-%29,2019,2019,2019,EMR,Eastern Mediterranean,ARE,United Arab Emirates,SEX,SEX_MLE,Male,23.745681,23.7 [18.9-28.6],18.853429,28.633875
NCD_BMI_18C,"Underweight among adults, BMI < 18.5 kg/m2 (crude estimate) (%)",https://www.who.int/data/gho/data/indicators/indicator-details/GHO/prevalence-of-underweight-among-adults-bmi-18-%28crude-estimate%29-%28-%29,1992,1992,1992,EMR,Eastern Mediterranean,ARE,United Arab Emirates,SEX,SEX_MLE,Male,4.4374984,4.4 [2.5-6.9],2.5310893,6.9467761
NCD_BMI_PLUS1C,"Overweight among children and adolescents, BMI-for-age > +1 standard deviations above the median (crude estimate) (%)",https://www.who.int/data/gho/data/indicators/indicator-details/GHO/prevalence-of-overweight-among-children-and-adolescents-bmi-1-standard-deviations-above-the-median-%28crude-estimate%29-%28-%29,2017,2017,2017,EMR,Eastern Mediterranean,ARE,United Arab Emirates,SEX,SEX_BTSX,Both sexes,39.742088,39.7 [33.1-46.4],33.111611,46.434602
NCD_BMI_30C,"Obesity among adults, BMI ≥ 30 kg/m2 (crude estimate) (%)",https://www.who.int/data/gho/data/indicators/indicator-details/GHO/prevalence-of-obesity-among-adults-bmi--30-%28crude-estimate%29-%28-%29,2006,2006,2006,EMR,Eastern Mediterranean,ARE,United Arab Emirates,SEX,SEX_MLE,Male,25.562111,25.6 [22.6-28.5],22.610317,28.521141
NCD_BMI_30A,"Obesity among adults, BMI ≥ 30 kg/m2 (age-standardized estimate) (%)",https://www.who.int/data/gho/data/indicators/indicator-details/GHO/prevalence-of-obesity-among-adults-bmi--30-%28age-standardized-estimate%29-%28-%29,2021,2021,2021,EMR,Eastern Mediterranean,ARE,United Arab Emirates,SEX,SEX_BTSX,Both sexes,31.891075,31.9 [28.4-35.4],28.420174,35.389417
NCD_BMI_18A,"Underweight among adults, BMI < 18.5 kg/m2 (age-standardized estimate) (%)",https://www.who.int/data/gho/data/indicators/indicator-details/GHO/prevalence-of-underweight-among-adults-bmi-18-%28age-standardized-estimate%29-%28-%29,2019,2019,2019,EMR,Eastern Mediterranean,ARE,United Arab Emirates,SEX,SEX_FMLE,Female,2.6635256,2.7 [1.7-3.8],1.7171077,3.8406219
NCD_BMI_30C,"Obesity among adults, BMI ≥ 30 kg/m2 (crude estimate) (%)",https://www.who.int/data/gho/data/indicators/indicator-details/GHO/prevalence-of-obesity-among-adults-bmi--30-%28crude-estimate%29-%28-%29,2012,2012,2012,EMR,Eastern Mediterranean,ARE,United Arab Emirates,SEX,SEX_MLE,Male,27.892607,27.9 [24.9-30.9],24.915722,30.90947
NCD_BMI_30C,"Obesity among adults, BMI ≥ 30 kg/m2 (crude estimate) (%)",https://www.who.int/data/gho/data/indicators/indicator-details/GHO/prevalence-of-obesity-among-adults-bmi--30-%28crude-estimate%29-%28-%29,2019,2019,2019,EMR,Eastern Mediterranean,ARE,United Arab Emirates,SEX,SEX_MLE,Male,28.362435,28.4 [24.4-32.6],24.3866,32.556051
NCD_BMI_PLUS2C,"Obesity among children and adolescents, BMI-for-age > +2 standard deviations above the median (crude estimate) (%)",https://www.who.int/data/gho/data/indicators/indicator-details/GHO/prevalence-of-obesity-among-children-and-adolescents-bmi-2-standard-deviations-above-the-median-%28crude-estimate%29-%28-%29,2010,2010,2010,EMR,Eastern Mediterranean,ARE,United Arab Emirates,SEX,SEX_FMLE,Female,13.278013,13.3 [7.2-21.0],7.2058178,21.017033
NCD_BMI_MINUS2C,"Thinness among children and adolescents, BMI-for-age < -2 standard deviations below the median (%)",https://www.who.int/data/gho/data/indicators/indicator-details/GHO/prevalence-of-thinness-among-children-and-adolescents-bmi--2-standard-deviations-below-the-median-%28crude-estimate%29-%28-%29,2007,2007,2007,EMR,Eastern Mediterranean,ARE,United Arab Emirates,SEX,SEX_FMLE,Female,3.0459289,3.0 [1.8-4.8],1.8449947,4.7962718
NCD_BMI_PLUS1C,"Overweight among children and adolescents, BMI-for-age > +1 standard deviations above the median (crude estimate) (%)",https://www.who.int/data/gho/data/indicators/indicator-details/GHO/prevalence-of-overweight-among-children-and-adolescents-bmi-1-standard-deviations-above-the-median-%28crude-estimate%29-%28-%29,2003,2003,2003,EMR,Eastern Mediterranean,ARE,United Arab Emirates,SEX,SEX_MLE,Male,35.850829,35.9 [31.2-40.7],31.154191,40.667087
NUTRITION_ANAEMIA_REPRODUCTIVEAGE_NUM,Number of women of reproductive age (aged 15-49 years) with anaemia (thousands),https://www.who.int/data/gho/data/indicators/indicator-details/GHO/anaemia-in-women-of-reproductive-age-number-%28in-thousands%29,2019,2019,2019,EMR,Eastern Mediterranean,ARE,United Arab Emirates,SEX,SEX_FMLE,Female,593.5,593.5 [269.8-1077.0],269.8,1077
NCD_BMI_25A,"Overweight among adults, BMI ≥ 25 kg/m2 (age-standardized estimate) (%)",https://www.who.int/data/gho/data/indicators/indicator-details/GHO/prevalence-of-overweight-among-adults-bmi--25-%28age-standardized-estimate%29-%28-%29,2015,2015,2015,EMR,Eastern Mediterranean,ARE,United Arab Emirates,SEX,SEX_FMLE,Female,69.388515,69.4 [66.6-72.1],66.639566,72.115427
NCD_BMI_MINUS2C,"Thinness among children and adolescents, BMI-for-age < -2 standard deviations below the median (%)",https://www.who.int/data/gho/data/indicators/indicator-details/GHO/prevalence-of-thinness-among-children-and-adolescents-bmi--2-standard-deviations-below-the-median-%28crude-estimate%29-%28-%29,2002,2002,2002,EMR,Eastern Mediterranean,ARE,United Arab Emirates,SEX,SEX_FMLE,Female,3.2189235,3.2 [2.1-4.7],2.053846,4.703372
NUTRITION_ANAEMIA_REPRODUCTIVEAGE_PREV,Prevalence of anaemia in women of reproductive age (aged 15-49) (%),https://www.who.int/data/gho/data/indicators/indicator-details/GHO/prevalence-of-anaemia-in-women-of-reproductive-age-%28-%29,2006,2006,2006,EMR,Eastern Mediterranean,ARE,United Arab Emirates,SEX,SEX_FMLE,Female,28.5,28.5 [13.9-50.8],13.9,50.8
NCD_BMI_PLUS1C,"Overweight among children and adolescents, BMI-for-age > +1 standard deviations above the median (crude estimate) (%)",https://www.who.int/data/gho/data/indicators/indicator-details/GHO/prevalence-of-overweight-among-children-and-adolescents-bmi-1-standard-deviations-above-the-median-%28crude-estimate%29-%28-%29,2013,2013,2013,EMR,Eastern Mediterranean,ARE,United Arab Emirates,SEX,SEX_FMLE,Female,36.413318,36.4 [31.9-41.0],31.943634,41.016397
NCD_BMI_PLUS2C,"Obesity among children and adolescents, BMI-for-age > +2 standard deviations above the median (crude estimate) (%)",https://www.who.int/data/gho/data/indicators/indicator-details/GHO/prevalence-of-obesity-among-children-and-adolescents-bmi-2-standard-deviations-above-the-median-%28crude-estimate%29-%28-%29,2003,2003,2003,EMR,Eastern Mediterranean,ARE,United Arab Emirates,SEX,SEX_BTSX,Both sexes,14.328595,14.3 [11.5-17.4],11.546092,17.387599
NCD_BMI_MINUS2C,"Thinness among children and adolescents, BMI-for-age < -2 standard deviations below the median (%)",https://www.who.int/data/gho/data/indicators/indicator-details/GHO/prevalence-of-thinness-among-children-and-adolescents-bmi--2-standard-deviations-below-the-median-%28crude-estimate%29-%28-%29,2014,2014,2014,EMR,Eastern Mediterranean,ARE,United Arab Emirates,SEX,SEX_MLE,Male,4.7163758,4.7 [3.5-6.2],3.4600593,6.2152233
NUTRITION_ANAEMIA_CHILDREN_NUM,Number of children aged 6-59 months with anaemia (thousands),https://www.who.int/data/gho/data/indicators/indicator-details/GHO/anaemia-in-children-under-5-years-number,2001,2001,2001,EMR,Eastern Mediterranean,ARE,United Arab Emirates,SEVERITY,SEVERITY_MODERATE,Moderate,13.7,13.7 [4.05-37],4.05,37
NCD_BMI_PLUS1C,"Overweight among children and adolescents, BMI-for-age > +1 standard deviations above the median (crude estimate) (%)",https://www.who.int/data/gho/data/indicators/indicator-details/GHO/prevalence-of-overweight-among-children-and-adolescents-bmi-1-standard-deviations-above-the-median-%28crude-estimate%29-%28-%29,2020,2020,2020,EMR,Eastern Mediterranean,ARE,United Arab Emirates,SEX,SEX_MLE,Male,47.744185,47.7 [42.0-53.5],42.018723,53.521621
NUTRITION_ANAEMIA_CHILDREN_PREV,Prevalence of anaemia in children aged 6-59 months (%),https://www.who.int/data/gho/data/indicators/indicator-details/GHO/anaemia-in-non-pregnant-women-number-%28in-thousands%29,2007,2007,2007,EMR,Eastern Mediterranean,ARE,United Arab Emirates,SEVERITY,SEVERITY_SEVERE,Severe,0.1,0.1 [0.0-0.4],0,0.4
NUTRITION_ANAEMIA_CHILDREN_NUM,Number of children aged 6-59 months with anaemia (thousands),https://www.who.int/data/gho/data/indicators/indicator-details/GHO/anaemia-in-children-under-5-years-number,2019,2019,2019,EMR,Eastern Mediterranean,ARE,United Arab Emirates,SEVERITY,SEVERITY_MILD,Mild,76.7,76.7 [30.9-139],30.9,139
NCD_BMI_18A,"Underweight among adults, BMI < 18.5 kg/m2 (age-standardized estimate) (%)",https://www.who.int/data/gho/data/indicators/indicator-details/GHO/prevalence-of-underweight-among-adults-bmi-18-%28age-standardized-estimate%29-%28-%29,2019,2019,2019,EMR,Eastern Mediterranean,ARE,United Arab Emirates,SEX,SEX_BTSX,Both sexes,2.7769042,2.8 [1.9-3.8],1.9386766,3.7888143
NCD_BMI_18A,"Underweight among adults, BMI < 18.5 kg/m2 (age-standardized estimate) (%)",https://www.who.int/data/gho/data/indicators/indicator-details/GHO/prevalence-of-underweight-among-adults-bmi-18-%28age-standardized-estimate%29-%28-%29,2005,2005,2005,EMR,Eastern Mediterranean,ARE,United Arab Emirates,SEX,SEX_MLE,Male,3.2457791,3.2 [2.2-4.6],2.1930423,4.5535076
NUTRITION_ANAEMIA_CHILDREN_PREV,Prevalence of anaemia in children aged 6-59 months (%),https://www.who.int/data/gho/data/indicators/indicator-details/GHO/anaemia-in-non-pregnant-women-number-%28in-thousands%29,2008,2008,2008,EMR,Eastern Mediterranean,ARE,United Arab Emirates,SEX,SEX_BTSX,Both sexes,19.4,19.4 [8.7-35.2],8.7,35.2
NCD_BMI_18A,"Underweight among adults, BMI < 18.5 kg/m2 (age-standardized estimate) (%)",https://www.who.int/data/gho/data/indicators/indicator-details/GHO/prevalence-of-underweight-among-adults-bmi-18-%28age-standardized-estimate%29-%28-%29,2012,2012,2012,EMR,Eastern Mediterranean,ARE,United Arab Emirates,SEX,SEX_FMLE,Female,2.4556439,2.5 [1.7-3.3],1.7212711,3.3152707
NUTRITION_ANAEMIA_CHILDREN_PREV,Prevalence of anaemia in children aged 6-59 months (%),https://www.who.int/data/gho/data/indicators/indicator-details/GHO/anaemia-in-non-pregnant-women-number-%28in-thousands%29,2012,2012,2012,EMR,Eastern Mediterranean,ARE,United Arab Emirates,SEX,SEX_BTSX,Both sexes,19.5,19.5 [8.8-34.8],8.8,34.8
NCD_BMI_25C,"Overweight among adults, BMI ≥ 25 kg/m2 (crude estimate) (%)",https://www.who.int/data/gho/data/indicators/indicator-details/GHO/prevalence-of-overweight-among-adults-bmi-greaterequal-25-%28crude-estimate%29-%28-%29,2019,2019,2019,EMR,Eastern Mediterranean,ARE,United Arab Emirates,SEX,SEX_MLE,Male,71.829522,71.8 [68.0-75.5],68.012619,75.470734
NCD_BMI_PLUS1C,"Overweight among children and adolescents, BMI-for-age > +1 standard deviations above the median (crude estimate) (%)",https://www.who.int/data/gho/data/indicators/indicator-details/GHO/prevalence-of-overweight-among-children-and-adolescents-bmi-1-standard-deviations-above-the-median-%28crude-estimate%29-%28-%29,2019,2019,2019,EMR,Eastern Mediterranean,ARE,United Arab Emirates,SEX,SEX_BTSX,Both sexes,42.409417,42.4 [38.2-46.8],38.156039,46.786195
NCD_BMI_PLUS1C,"Overweight among children and adolescents, BMI-for-age > +1 standard deviations above the median (crude estimate) (%)",https://www.who.int/data/gho/data/indicators/indicator-details/GHO/prevalence-of-overweight-among-children-and-adolescents-bmi-1-standard-deviations-above-the-median-%28crude-estimate%29-%28-%29,2021,2021,2021,EMR,Eastern Mediterranean,ARE,United Arab Emirates,SEX,SEX_MLE,Male,43.187299,43.2 [32.4-53.9],32.410201,53.858203
NUTRITION_ANAEMIA_CHILDREN_NUM,Number of children aged 6-59 months with anaemia (thousands),https://www.who.int/data/gho/data/indicators/indicator-details/GHO/anaemia-in-children-under-5-years-number,2007,2007,2007,EMR,Eastern Mediterranean,ARE,United Arab Emirates,SEX,SEX_BTSX,Both sexes,67.77,68 [31-124],31,124
NCD_BMI_25A,"Overweight among adults, BMI ≥ 25 kg/m2 (age-standardized estimate) (%)",https://www.who.int/data/gho/data/indicators/indicator-details/GHO/prevalence-of-overweight-among-adults-bmi--25-%28age-standardized-estimate%29-%28-%29,2015,2015,2015,EMR,Eastern Mediterranean,ARE,United Arab Emirates,SEX,SEX_MLE,Male,71.21048,71.2 [68.2-74.1],68.239558,74.119312
NCD_BMI_18A,"Underweight among adults, BMI < 18.5 kg/m2 (age-standardized estimate) (%)",https://www.who.int/data/gho/data/indicators/indicator-details/GHO/prevalence-of-underweight-among-adults-bmi-18-%28age-standardized-estimate%29-%28-%29,2020,2020,2020,EMR,Eastern Mediterranean,ARE,United Arab Emirates,SEX,SEX_MLE,Male,2.8662007,2.9 [1.6-4.5],1.6340679,4.4611119
NCD_BMI_25C,"Overweight among adults, BMI ≥ 25 kg/m2 (crude estimate) (%)",https://www.who.int/data/gho/data/indicators/indicator-details/GHO/prevalence-of-overweight-among-adults-bmi-greaterequal-25-%28crude-estimate%29-%28-%29,1997,1997,1997,EMR,Eastern Mediterranean,ARE,United Arab Emirates,SEX,SEX_MLE,Male,61.218077,61.2 [57.4-65.0],57.359272,65.040559
NCD_BMI_25A,"Overweight among adults, BMI ≥ 25 kg/m2 (age-standardized estimate) (%)",https://www.who.int/data/gho/data/indicators/indicator-details/GHO/prevalence-of-overweight-among-adults-bmi--25-%28age-standardized-estimate%29-%28-%29,1990,1990,1990,EMR,Eastern Mediterranean,ARE,United Arab Emirates,SEX,SEX_FMLE,Female,60.727304,60.7 [55.2-66.1],55.15281,66.111523
NCD_BMI_MINUS2C,"Thinness among children and adolescents, BMI-for-age < -2 standard deviations below the median (%)",https://www.who.int/data/gho/data/indicators/indicator-details/GHO/prevalence-of-thinness-among-children-and-adolescents-bmi--2-standard-deviations-below-the-median-%28crude-estimate%29-%28-%29,1999,1999,1999,EMR,Eastern Mediterranean,ARE,United Arab Emirates,SEX,SEX_MLE,Male,3.7142918,3.7 [1.3-8.0],1.343256,7.9634003
NCD_BMI_30A,"Obesity among adults, BMI ≥ 30 kg/m2 (age-standardized estimate) (%)",https://www.who.int/data/gho/data/indicators/indicator-details/GHO/prevalence-of-obesity-among-adults-bmi--30-%28age-standardized-estimate%29-%28-%29,2012,2012,2012,EMR,Eastern Mediterranean,ARE,United Arab Emirates,SEX,SEX_BTSX,Both sexes,31.232703,31.2 [29.0-33.4],29.044318,33.416948
NCD_BMI_18A,"Underweight among adults, BMI < 18.5 kg/m2 (age-standardized estimate) (%)",https://www.who.int/data/gho/data/indicators/indicator-details/GHO/prevalence-of-underweight-among-adults-bmi-18-%28age-standardized-estimate%29-%28-%29,2014,2014,2014,EMR,Eastern Mediterranean,ARE,United Arab Emirates,SEX,SEX_BTSX,Both sexes,2.7351415,2.7 [2.0-3.6],2.0362765,3.5840355
NCD_BMI_PLUS1C,"Overweight among children and adolescents, BMI-for-age > +1 standard deviations above the median (crude estimate) (%)",https://www.who.int/data/gho/data/indicators/indicator-details/GHO/prevalence-of-overweight-among-children-and-adolescents-bmi-1-standard-deviations-above-the-median-%28crude-estimate%29-%28-%29,2008,2008,2008,EMR,Eastern Mediterranean,ARE,United Arab Emirates,SEX,SEX_MLE,Male,39.821634,39.8 [35.4-44.2],35.428989,44.229376
NCD_BMI_18A,"Underweight among adults, BMI < 18.5 kg/m2 (age-standardized estimate) (%)",https://www.who.int/data/gho/data/indicators/indicator-details/GHO/prevalence-of-underweight-among-adults-bmi-18-%28age-standardized-estimate%29-%28-%29,1993,1993,1993,EMR,Eastern Mediterranean,ARE,United Arab Emirates,SEX,SEX_MLE,Male,4.6545427,4.7 [2.8-7.0],2.7961722,6.9983929
NCD_BMI_18A,"Underweight among adults, BMI < 18.5 kg/m2 (age-standardized estimate) (%)",https://www.who.int/data/gho/data/indicators/indicator-details/GHO/prevalence-of-underweight-among-adults-bmi-18-%28age-standardized-estimate%29-%28-%29,1998,1998,1998,EMR,Eastern Mediterranean,ARE,United Arab Emirates,SEX,SEX_MLE,Male,3.9669782,4.0 [2.6-5.7],2.562636,5.7021841
NCD_BMI_25A,"Overweight among adults, BMI ≥ 25 kg/m2 (age-standardized estimate) (%)",https://www.who.int/data/gho/data/indicators/indicator-details/GHO/prevalence-of-overweight-among-adults-bmi--25-%28age-standardized-estimate%29-%28-%29,2002,2002,2002,EMR,Eastern Mediterranean,ARE,United Arab Emirates,SEX,SEX_FMLE,Female,67.036587,67.0 [64.3-69.7],64.335734,69.703817
NCD_BMI_25A,"Overweight among adults, BMI ≥ 25 kg/m2 (age-standardized estimate) (%)",https://www.who.int/data/gho/data/indicators/indicator-details/GHO/prevalence-of-overweight-among-adults-bmi--25-%28age-standardized-estimate%29-%28-%29,2008,2008,2008,EMR,Eastern Mediterranean,ARE,United Arab Emirates,SEX,SEX_MLE,Male,69.272655,69.3 [66.4-72.1],66.410291,72.144139
NCD_BMI_PLUS1C,"Overweight among children and adolescents, BMI-for-age > +1 standard deviations above the median (crude estimate) (%)",https://www.who.int/data/gho/data/indicators/indicator-details/GHO/prevalence-of-overweight-among-children-and-adolescents-bmi-1-standard-deviations-above-the-median-%28crude-estimate%29-%28-%29,2001,2001,2001,EMR,Eastern Mediterranean,ARE,United Arab Emirates,SEX,SEX_BTSX,Both sexes,30.980965,31.0 [25.0-37.4],24.962646,37.372798
NCD_BMI_PLUS1C,"Overweight among children and adolescents, BMI-for-age > +1 standard deviations above the median (crude estimate) (%)",https://www.who.int/data/gho/data/indicators/indicator-details/GHO/prevalence-of-overweight-among-children-and-adolescents-bmi-1-standard-deviations-above-the-median-%28crude-estimate%29-%28-%29,2009,2009,2009,EMR,Eastern Mediterranean,ARE,United Arab Emirates,SEX,SEX_BTSX,Both sexes,37.860736,37.9 [34.8-41.0],34.750938,40.973797
NCD_BMI_30A,"Obesity among adults, BMI ≥ 30 kg/m2 (age-standardized estimate) (%)",https://www.who.int/data/gho/data/indicators/indicator-details/GHO/prevalence-of-obesity-among-adults-bmi--30-%28age-standardized-estimate%29-%28-%29,1993,1993,1993,EMR,Eastern Mediterranean,ARE,United Arab Emirates,SEX,SEX_FMLE,Female,32.536018,32.5 [28.5-36.7],28.450879,36.736259
NUTRITION_ANAEMIA_CHILDREN_NUM,Number of children aged 6-59 months with anaemia (thousands),https://www.who.int/data/gho/data/indicators/indicator-details/GHO/anaemia-in-children-under-5-years-number,2018,2018,2018,EMR,Eastern Mediterranean,ARE,United Arab Emirates,SEVERITY,SEVERITY_TOTAL,Total,101,101 [39.3-187],39.3,187
NUTRITION_ANAEMIA_CHILDREN_PREV,Prevalence of anaemia in children aged 6-59 months (%),https://www.who.int/data/gho/data/indicators/indicator-details/GHO/anaemia-in-non-pregnant-women-number-%28in-thousands%29,2012,2012,2012,EMR,Eastern Mediterranean,ARE,United Arab Emirates,SEVERITY,SEVERITY_TOTAL,Total,19.5,19.5 [8.8-34.8],8.8,34.8
NCD_BMI_25C,"Overweight among adults, BMI ≥ 25 kg/m2 (crude estimate) (%)",https://www.who.int/data/gho/data/indicators/indicator-details/GHO/prevalence-of-overweight-among-adults-bmi-greaterequal-25-%28crude-estimate%29-%28-%29,1990,1990,1990,EMR,Eastern Mediterranean,ARE,United Arab Emirates,SEX,SEX_BTSX,Both sexes,53.756821,53.8 [49.0-58.3],49.004126,58.343142
NCD_BMI_18C,"Underweight among adults, BMI < 18.5 kg/m2 (crude estimate) (%)",https://www.who.int/data/gho/data/indicators/indicator-details/GHO/prevalence-of-underweight-among-adults-bmi-18-%28crude-estimate%29-%28-%29,2014,2014,2014,EMR,Eastern Mediterranean,ARE,United Arab Emirates,SEX,SEX_BTSX,Both sexes,2.5346098,2.5 [1.9-3.3],1.8624082,3.3493612
NCD_BMI_30A,"Obesity among adults, BMI ≥ 30 kg/m2 (age-standardized estimate) (%)",https://www.who.int/data/gho/data/indicators/indicator-details/GHO/prevalence-of-obesity-among-adults-bmi--30-%28age-standardized-estimate%29-%28-%29,2004,2004,2004,EMR,Eastern Mediterranean,ARE,United Arab Emirates,SEX,SEX_MLE,Male,24.048984,24.0 [21.2-27.0],21.171686,27.042824
NUTRITION_ANAEMIA_CHILDREN_PREV,Prevalence of anaemia in children aged 6-59 months (%),https://www.who.int/data/gho/data/indicators/indicator-details/GHO/anaemia-in-non-pregnant-women-number-%28in-thousands%29,2006,2006,2006,EMR,Eastern Mediterranean,ARE,United Arab Emirates,SEVERITY,SEVERITY_SEVERE,Severe,0.1,0.1 [0.0-0.4],0,0.4
NCD_BMI_MINUS2C,"Thinness among children and adolescents, BMI-for-age < -2 standard deviations below the median (%)",https://www.who.int/data/gho/data/indicators/indicator-details/GHO/prevalence-of-thinness-among-children-and-adolescents-bmi--2-standard-deviations-below-the-median-%28crude-estimate%29-%28-%29,2007,2007,2007,EMR,Eastern Mediterranean,ARE,United Arab Emirates,SEX,SEX_BTSX,Both sexes,3.0872444,3.1 [1.6-5.3],1.6179319,5.3138025
NCD_BMI_18A,"Underweight among adults, BMI < 18.5 kg/m2 (age-standardized estimate) (%)",https://www.who.int/data/gho/data/indicators/indicator-details/GHO/prevalence-of-underweight-among-adults-bmi-18-%28age-standardized-estimate%29-%28-%29,2000,2000,2000,EMR,Eastern Mediterranean,ARE,United Arab Emirates,SEX,SEX_BTSX,Both sexes,3.3776212,3.4 [2.4-4.5],2.4356009,4.5266781
NUTRITION_ANAEMIA_REPRODUCTIVEAGE_PREV,Prevalence of anaemia in women of reproductive age (aged 15-49) (%),https://www.who.int/data/gho/data/indicators/indicator-details/GHO/prevalence-of-anaemia-in-women-of-reproductive-age-%28-%29,2003,2003,2003,EMR,Eastern Mediterranean,ARE,United Arab Emirates,SEX,SEX_FMLE,Female,29.3,29.3 [16.1-40.6],16.1,40.6
NCD_BMI_25C,"Overweight among adults, BMI ≥ 25 kg/m2 (crude estimate) (%)",https://www.who.int/data/gho/data/indicators/indicator-details/GHO/prevalence-of-overweight-among-adults-bmi-greaterequal-25-%28crude-estimate%29-%28-%29,2002,2002,2002,EMR,Eastern Mediterranean,ARE,United Arab Emirates,SEX,SEX_FMLE,Female,63.273126,63.3 [60.5-66.1],60.454333,66.101456
NCD_BMI_30A,"Obesity among adults, BMI ≥ 30 kg/m2 (age-standardized estimate) (%)",https://www.who.int/data/gho/data/indicators/indicator-details/GHO/prevalence-of-obesity-among-adults-bmi--30-%28age-standardized-estimate%29-%28-%29,2020,2020,2020,EMR,Eastern Mediterranean,ARE,United Arab Emirates,SEX,SEX_BTSX,Both sexes,31.898195,31.9 [28.7-35.1],28.723606,35.122201
NCD_BMI_30C,"Obesity among adults, BMI ≥ 30 kg/m2 (crude estimate) (%)",https://www.who.int/data/gho/data/indicators/indicator-details/GHO/prevalence-of-obesity-among-adults-bmi--30-%28crude-estimate%29-%28-%29,2012,2012,2012,EMR,Eastern Mediterranean,ARE,United Arab Emirates,SEX,SEX_FMLE,Female,36.202288,36.2 [33.3-39.1],33.341181,39.124027
NCD_BMI_PLUS2C,"Obesity among children and adolescents, BMI-for-age > +2 standard deviations above the median (crude estimate) (%)",https://www.who.int/data/gho/data/indicators/indicator-details/GHO/prevalence-of-obesity-among-children-and-adolescents-bmi-2-standard-deviations-above-the-median-%28crude-estimate%29-%28-%29,1996,1996,1996,EMR,Eastern Mediterranean,ARE,United Arab Emirates,SEX,SEX_BTSX,Both sexes,11.281566,11.3 [8.1-14.9],8.0518432,14.929029
NCD_BMI_25C,"Overweight among adults, BMI ≥ 25 kg/m2 (crude estimate) (%)",https://www.who.int/data/gho/data/indicators/indicator-details/GHO/prevalence-of-overweight-among-adults-bmi-greaterequal-25-%28crude-estimate%29-%28-%29,2021,2021,2021,EMR,Eastern Mediterranean,ARE,United Arab Emirates,SEX,SEX_BTSX,Both sexes,69.986606,70.0 [66.5-73.2],66.514701,73.244274
NCD_BMI_PLUS1C,"Overweight among children and adolescents, BMI-for-age > +1 standard deviations above the median (crude estimate) (%)",https://www.who.int/data/gho/data/indicators/indicator-details/GHO/prevalence-of-overweight-among-children-and-adolescents-bmi-1-standard-deviations-above-the-median-%28crude-estimate%29-%28-%29,2017,2017,2017,EMR,Eastern Mediterranean,ARE,United Arab Emirates,SEX,SEX_BTSX,Both sexes,42.667192,42.7 [39.7-45.6],39.688197,45.61975
NCD_BMI_30C,"Obesity among adults, BMI ≥ 30 kg/m2 (crude estimate) (%)",https://www.who.int/data/gho/data/indicators/indicator-details/GHO/prevalence-of-obesity-among-adults-bmi--30-%28crude-estimate%29-%28-%29,1997,1997,1997,EMR,Eastern Mediterranean,ARE,United Arab Emirates,SEX,SEX_MLE,Male,19.665878,19.7 [16.6-23.0],16.620526,22.965892
NUTRITION_ANAEMIA_CHILDREN_NUM,Number of children aged 6-59 months with anaemia (thousands),https://www.who.int/data/gho/data/indicators/indicator-details/GHO/anaemia-in-children-under-5-years-number,2004,2004,2004,EMR,Eastern Mediterranean,ARE,United Arab Emirates,SEVERITY,SEVERITY_MILD,Mild,37.2,37.2 [18.1-66.3],18.1,66.3
NCD_BMI_MINUS2C,"Thinness among children and adolescents, BMI-for-age < -2 standard deviations below the median (%)",https://www.who.int/data/gho/data/indicators/indicator-details/GHO/prevalence-of-thinness-among-children-and-adolescents-bmi--2-standard-deviations-below-the-median-%28crude-estimate%29-%28-%29,1997,1997,1997,EMR,Eastern Mediterranean,ARE,United Arab Emirates,SEX,SEX_BTSX,Both sexes,4.9769331,5.0 [3.4-6.8],3.4439728,6.8242438
NCD_BMI_PLUS2C,"Obesity among children and adolescents, BMI-for-age > +2 standard deviations above the median (crude estimate) (%)",https://www.who.int/data/gho/data/indicators/indicator-details/GHO/prevalence-of-obesity-among-children-and-adolescents-bmi-2-standard-deviations-above-the-median-%28crude-estimate%29-%28-%29,1999,1999,1999,EMR,Eastern Mediterranean,ARE,United Arab Emirates,SEX,SEX_FMLE,Female,10.472965,10.5 [6.9-14.6],6.9346674,14.640699
NCD_BMI_30A,"Obesity among adults, BMI ≥ 30 kg/m2 (age-standardized estimate) (%)",https://www.who.int/data/gho/data/indicators/indicator-details/GHO/prevalence-of-obesity-among-adults-bmi--30-%28age-standardized-estimate%29-%28-%29,2019,2019,2019,EMR,Eastern Mediterranean,ARE,United Arab Emirates,SEX,SEX_BTSX,Both sexes,31.937364,31.9 [29.0-34.9],29.023066,34.926325
NCD_BMI_MINUS2C,"Thinness among children and adolescents, BMI-for-age < -2 standard deviations below the median (%)",https://www.who.int/data/gho/data/indicators/indicator-details/GHO/prevalence-of-thinness-among-children-and-adolescents-bmi--2-standard-deviations-below-the-median-%28crude-estimate%29-%28-%29,2022,2022,2022,EMR,Eastern Mediterranean,ARE,United Arab Emirates,SEX,SEX_BTSX,Both sexes,3.7646063,3.8 [2.3-5.8],2.2601282,5.7673298
NCD_BMI_PLUS2C,"Obesity among children and adolescents, BMI-for-age > +2 standard deviations above the median (crude estimate) (%)",https://www.who.int/data/gho/data/indicators/indicator-details/GHO/prevalence-of-obesity-among-children-and-adolescents-bmi-2-standard-deviations-above-the-median-%28crude-estimate%29-%28-%29,2006,2006,2006,EMR,Eastern Mediterranean,ARE,United Arab Emirates,SEX,SEX_MLE,Male,18.622763,18.6 [15.4-21.9],15.418896,21.914212
NCD_BMI_25A,"Overweight among adults, BMI ≥ 25 kg/m2 (age-standardized estimate) (%)",https://www.who.int/data/gho/data/indicators/indicator-details/GHO/prevalence-of-overweight-among-adults-bmi--25-%28age-standardized-estimate%29-%28-%29,2014,2014,2014,EMR,Eastern Mediterranean,ARE,United Arab Emirates,SEX,SEX_BTSX,Both sexes,70.481753,70.5 [68.3-72.6],68.328536,72.5766
NCD_BMI_18A,"Underweight among adults, BMI < 18.5 kg/m2 (age-standardized estimate) (%)",https://www.who.int/data/gho/data/indicators/indicator-details/GHO/prevalence-of-underweight-among-adults-bmi-18-%28age-standardized-estimate%29-%28-%29,2017,2017,2017,EMR,Eastern Mediterranean,ARE,United Arab Emirates,SEX,SEX_FMLE,Female,2.5893122,2.6 [1.7-3.7],1.7289003,3.6584001
NCD_BMI_MINUS2C,"Thinness among children and adolescents, BMI-for-age < -2 standard deviations below the median (%)",https://www.who.int/data/gho/data/indicators/indicator-details/GHO/prevalence-of-thinness-among-children-and-adolescents-bmi--2-standard-deviations-below-the-median-%28crude-estimate%29-%28-%29,2004,2004,2004,EMR,Eastern Mediterranean,ARE,United Arab Emirates,SEX,SEX_FMLE,Female,3.1047981,3.1 [1.8-5.0],1.81276,5.00057
NUTRITION_ANAEMIA_CHILDREN_PREV,Prevalence of anaemia in children aged 6-59 months (%),https://www.who.int/data/gho/data/indicators/indicator-details/GHO/anaemia-in-non-pregnant-women-number-%28in-thousands%29,2011,2011,2011,EMR,Eastern Mediterranean,ARE,United Arab Emirates,SEVERITY,SEVERITY_MILD,Mild,14.5,14.5 [7.1-25.0],7.1,25
NCD_BMI_PLUS1C,"Overweight among children and adolescents, BMI-for-age > +1 standard deviations above the median (crude estimate) (%)",https://www.who.int/data/gho/data/indicators/indicator-details/GHO/prevalence-of-overweight-among-children-and-adolescents-bmi-1-standard-deviations-above-the-median-%28crude-estimate%29-%28-%29,2014,2014,2014,EMR,Eastern Mediterranean,ARE,United Arab Emirates,SEX,SEX_MLE,Male,45.039359,45.0 [41.7-48.4],41.702065,48.385879
NCD_BMI_MINUS2C,"Thinness among children and adolescents, BMI-for-age < -2 standard deviations below the median (%)",https://www.who.int/data/gho/data/indicators/indicator-details/GHO/prevalence-of-thinness-among-children-and-adolescents-bmi--2-standard-deviations-below-the-median-%28crude-estimate%29-%28-%29,2021,2021,2021,EMR,Eastern Mediterranean,ARE,United Arab Emirates,SEX,SEX_MLE,Male,4.3985687,4.4 [2.3-7.4],2.2817174,7.3706456
NCD_BMI_30C,"Obesity among adults, BMI ≥ 30 kg/m2 (crude estimate) (%)",https://www.who.int/data/gho/data/indicators/indicator-details/GHO/prevalence-of-obesity-among-adults-bmi--30-%28crude-estimate%29-%28-%29,2017,2017,2017,EMR,Eastern Mediterranean,ARE,United Arab Emirates,SEX,SEX_MLE,Male,28.534257,28.5 [25.1-32.1],25.061214,32.14747
NUTRITION_ANAEMIA_CHILDREN_NUM,Number of children aged 6-59 months with anaemia (thousands),https://www.who.int/data/gho/data/indicators/indicator-details/GHO/anaemia-in-children-under-5-years-number,2005,2005,2005,EMR,Eastern Mediterranean,ARE,United Arab Emirates,SEVERITY,SEVERITY_TOTAL,Total,56,56 [25.4-106],25.4,106
NUTRITION_ANAEMIA_CHILDREN_PREV,Prevalence of anaemia in children aged 6-59 months (%),https://www.who.int/data/gho/data/indicators/indicator-details/GHO/anaemia-in-non-pregnant-women-number-%28in-thousands%29,2015,2015,2015,EMR,Eastern Mediterranean,ARE,United Arab Emirates,SEVERITY,SEVERITY_MILD,Mild,14.6,14.6 [6.8-25.4],6.8,25.4
NCD_BMI_PLUS2C,"Obesity among children and adolescents, BMI-for-age > +2 standard deviations above the median (crude estimate) (%)",https://www.who.int/data/gho/data/indicators/indicator-details/GHO/prevalence-of-obesity-among-children-and-adolescents-bmi-2-standard-deviations-above-the-median-%28crude-estimate%29-%28-%29,1998,1998,1998,EMR,Eastern Mediterranean,ARE,United Arab Emirates,SEX,SEX_FMLE,Female,9.9774346,10.0 [6.2-14.7],6.1677475,14.728403
NUTRITION_ANAEMIA_REPRODUCTIVEAGE_PREV,Prevalence of anaemia in women of reproductive age (aged 15-49) (%),https://www.who.int/data/gho/data/indicators/indicator-details/GHO/prevalence-of-anaemia-in-women-of-reproductive-age-%28-%29,2015,2015,2015,EMR,Eastern Mediterranean,ARE,United Arab Emirates,SEX,SEX_FMLE,Female,28.9,28.9 [15.4-40.5],15.4,40.5
NCD_BMI_PLUS1C,"Overweight among children and adolescents, BMI-for-age > +1 standard deviations above the median (crude estimate) (%)",https://www.who.int/data/gho/data/indicators/indicator-details/GHO/prevalence-of-overweight-among-children-and-adolescents-bmi-1-standard-deviations-above-the-median-%28crude-estimate%29-%28-%29,1993,1993,1993,EMR,Eastern Mediterranean,ARE,United Arab Emirates,SEX,SEX_BTSX,Both sexes,27.38747,27.4 [22.4-32.5],22.445562,32.530394
NCD_BMI_MINUS2C,"Thinness among children and adolescents, BMI-for-age < -2 standard deviations below the median (%)",https://www.who.int/data/gho/data/indicators/indicator-details/GHO/prevalence-of-thinness-among-children-and-adolescents-bmi--2-standard-deviations-below-the-median-%28crude-estimate%29-%28-%29,1998,1998,1998,EMR,Eastern Mediterranean,ARE,United Arab Emirates,SEX,SEX_BTSX,Both sexes,4.536701,4.5 [3.1-6.3],3.0984692,6.3265435
NCD_BMI_MINUS2C,"Thinness among children and adolescents, BMI-for-age < -2 standard deviations below the median (%)",https://www.who.int/data/gho/data/indicators/indicator-details/GHO/prevalence-of-thinness-among-children-and-adolescents-bmi--2-standard-deviations-below-the-median-%28crude-estimate%29-%28-%29,2001,2001,2001,EMR,Eastern Mediterranean,ARE,United Arab Emirates,SEX,SEX_BTSX,Both sexes,4.5846615,4.6 [3.3-6.1],3.3251159,6.0917631
NCD_BMI_PLUS1C,"Overweight among children and adolescents, BMI-for-age > +1 standard deviations above the median (crude estimate) (%)",https://www.who.int/data/gho/data/indicators/indicator-details/GHO/prevalence-of-overweight-among-children-and-adolescents-bmi-1-standard-deviations-above-the-median-%28crude-estimate%29-%28-%29,1991,1991,1991,EMR,Eastern Mediterranean,ARE,United Arab Emirates,SEX,SEX_MLE,Male,26.781666,26.8 [18.8-35.3],18.840022,35.297641
NCD_BMI_MINUS2C,"Thinness among children and adolescents, BMI-for-age < -2 standard deviations below the median (%)",https://www.who.int/data/gho/data/indicators/indicator-details/GHO/prevalence-of-thinness-among-children-and-adolescents-bmi--2-standard-deviations-below-the-median-%28crude-estimate%29-%28-%29,2005,2005,2005,EMR,Eastern Mediterranean,ARE,United Arab Emirates,SEX,SEX_BTSX,Both sexes,4.242339,4.2 [3.2-5.4],3.2405388,5.357644
NCD_BMI_PLUS1C,"Overweight among children and adolescents, BMI-for-age > +1 standard deviations above the median (crude estimate) (%)",https://www.who.int/data/gho/data/indicators/indicator-details/GHO/prevalence-of-overweight-among-children-and-adolescents-bmi-1-standard-deviations-above-the-median-%28crude-estimate%29-%28-%29,2007,2007,2007,EMR,Eastern Mediterranean,ARE,United Arab Emirates,SEX,SEX_MLE,Male,39.113337,39.1 [34.7-43.6],34.68233,43.559456
NCD_BMI_18C,"Underweight among adults, BMI < 18.5 kg/m2 (crude estimate) (%)",https://www.who.int/data/gho/data/indicators/indicator-details/GHO/prevalence-of-underweight-among-adults-bmi-18-%28crude-estimate%29-%28-%29,1994,1994,1994,EMR,Eastern Mediterranean,ARE,United Arab Emirates,SEX,SEX_MLE,Male,4.0630642,4.1 [2.4-6.2],2.4109708,6.1882522
NCD_BMI_30C,"Obesity among adults, BMI ≥ 30 kg/m2 (crude estimate) (%)",https://www.who.int/data/gho/data/indicators/indicator-details/GHO/prevalence-of-obesity-among-adults-bmi--30-%28crude-estimate%29-%28-%29,2007,2007,2007,EMR,Eastern Mediterranean,ARE,United Arab Emirates,SEX,SEX_MLE,Male,26.077881,26.1 [23.2-29.1],23.155847,29.052565
NCD_BMI_25A,"Overweight among adults, BMI ≥ 25 kg/m2 (age-standardized estimate) (%)",https://www.who.int/data/gho/data/indicators/indicator-details/GHO/prevalence-of-overweight-among-adults-bmi--25-%28age-standardized-estimate%29-%28-%29,2004,2004,2004,EMR,Eastern Mediterranean,ARE,United Arab Emirates,SEX,SEX_BTSX,Both sexes,67.388678,67.4 [65.1-69.7],65.14253,69.66235
NCD_BMI_30C,"Obesity among adults, BMI ≥ 30 kg/m2 (crude estimate) (%)",https://www.who.int/data/gho/data/indicators/indicator-details/GHO/prevalence-of-obesity-among-adults-bmi--30-%28crude-estimate%29-%28-%29,2009,2009,2009,EMR,Eastern Mediterranean,ARE,United Arab Emirates,SEX,SEX_FMLE,Female,36.346126,36.3 [33.5-39.2],33.540183,39.220262
NUTRITION_ANAEMIA_REPRODUCTIVEAGE_NUM,Number of women of reproductive age (aged 15-49 years) with anaemia (thousands),https://www.who.int/data/gho/data/indicators/indicator-details/GHO/anaemia-in-women-of-reproductive-age-number-%28in-thousands%29,2012,2012,2012,EMR,Eastern Mediterranean,ARE,United Arab Emirates,SEX,SEX_FMLE,Female,15.6,15.6 [8.3-21.9],8.3,21.9
NCD_BMI_30C,"Obesity among adults, BMI ≥ 30 kg/m2 (crude estimate) (%)",https://www.who.int/data/gho/data/indicators/indicator-details/GHO/prevalence-of-obesity-among-adults-bmi--30-%28crude-estimate%29-%28-%29,1997,1997,1997,EMR,Eastern Mediterranean,ARE,United Arab Emirates,SEX,SEX_BTSX,Both sexes,22.628315,22.6 [20.2-25.2],20.212856,25.2415
NCD_BMI_25A,"Overweight among adults, BMI ≥ 25 kg/m2 (age-standardized estimate) (%)",https://www.who.int/data/gho/data/indicators/indicator-details/GHO/prevalence-of-overweight-among-adults-bmi--25-%28age-standardized-estimate%29-%28-%29,1999,1999,1999,EMR,Eastern Mediterranean,ARE,United Arab Emirates,SEX,SEX_BTSX,Both sexes,64.005524,64.0 [61.4-66.6],61.422902,66.551262
NCD_BMI_MINUS2C,"Thinness among children and adolescents, BMI-for-age < -2 standard deviations below the median (%)",https://www.who.int/data/gho/data/indicators/indicator-details/GHO/prevalence-of-thinness-among-children-and-adolescents-bmi--2-standard-deviations-below-the-median-%28crude-estimate%29-%28-%29,2011,2011,2011,EMR,Eastern Mediterranean,ARE,United Arab Emirates,SEX,SEX_MLE,Male,3.1806249,3.2 [1.2-6.5],1.2095954,6.5146551
NCD_BMI_PLUS1C,"Overweight among children and adolescents, BMI-for-age > +1 standard deviations above the median (crude estimate) (%)",https://www.who.int/data/gho/data/indicators/indicator-details/GHO/prevalence-of-overweight-among-children-and-adolescents-bmi-1-standard-deviations-above-the-median-%28crude-estimate%29-%28-%29,2009,2009,2009,EMR,Eastern Mediterranean,ARE,United Arab Emirates,SEX,SEX_FMLE,Female,34.866381,34.9 [30.4-39.4],30.446121,39.41386
NCD_BMI_18A,"Underweight among adults, BMI < 18.5 kg/m2 (age-standardized estimate) (%)",https://www.who.int/data/gho/data/indicators/indicator-details/GHO/prevalence-of-underweight-among-adults-bmi-18-%28age-standardized-estimate%29-%28-%29,2017,2017,2017,EMR,Eastern Mediterranean,ARE,United Arab Emirates,SEX,SEX_MLE,Male,2.8367814,2.8 [1.8-4.2],1.7719707,4.1740973
NUTRITION_ANAEMIA_CHILDREN_PREV,Prevalence of anaemia in children aged 6-59 months (%),https://www.who.int/data/gho/data/indicators/indicator-details/GHO/anaemia-in-non-pregnant-women-number-%28in-thousands%29,2018,2018,2018,EMR,Eastern Mediterranean,ARE,United Arab Emirates,SEVERITY,SEVERITY_MILD,Mild,15,15.0 [6.4-27.0],6.4,27
NCD_BMI_30C,"Obesity among adults, BMI ≥ 30 kg/m2 (crude estimate) (%)",https://www.who.int/data/gho/data/indicators/indicator-details/GHO/prevalence-of-obesity-among-adults-bmi--30-%28crude-estimate%29-%28-%29,2015,2015,2015,EMR,Eastern Mediterranean,ARE,United Arab Emirates,SEX,SEX_FMLE,Female,36.081201,36.1 [33.0-39.2],32.988414,39.204013
NCD_BMI_30A,"Obesity among adults, BMI ≥ 30 kg/m2 (age-standardized estimate) (%)",https://www.who.int/data/gho/data/indicators/indicator-details/GHO/prevalence-of-obesity-among-adults-bmi--30-%28age-standardized-estimate%29-%28-%29,2003,2003,2003,EMR,Eastern Mediterranean,ARE,United Arab Emirates,SEX,SEX_FMLE,Female,37.564713,37.6 [34.6-40.5],34.620374,40.531117
NCD_BMI_MINUS2C,"Thinness among children and adolescents, BMI-for-age < -2 standard deviations below the median (%)",https://www.who.int/data/gho/data/indicators/indicator-details/GHO/prevalence-of-thinness-among-children-and-adolescents-bmi--2-standard-deviations-below-the-median-%28crude-estimate%29-%28-%29,2013,2013,2013,EMR,Eastern Mediterranean,ARE,United Arab Emirates,SEX,SEX_FMLE,Female,3.0277541,3.0 [2.1-4.1],2.1348801,4.1237056
NUTRITION_ANAEMIA_REPRODUCTIVEAGE_NUM,Number of women of reproductive age (aged 15-49 years) with anaemia (thousands),https://www.who.int/data/gho/data/indicators/indicator-details/GHO/anaemia-in-women-of-reproductive-age-number-%28in-thousands%29,2013,2013,2013,EMR,Eastern Mediterranean,ARE,United Arab Emirates,SEX,SEX_FMLE,Female,16.5,16.5 [8.7-23.2],8.7,23.2
NCD_BMI_MINUS2C,"Thinness among children and adolescents, BMI-for-age < -2 standard deviations below the median (%)",https://www.who.int/data/gho/data/indicators/indicator-details/GHO/prevalence-of-thinness-among-children-and-adolescents-bmi--2-standard-deviations-below-the-median-%28crude-estimate%29-%28-%29,2012,2012,2012,EMR,Eastern Mediterranean,ARE,United Arab Emirates,SEX,SEX_BTSX,Both sexes,3.926824,3.9 [3.1-4.8],3.1435888,4.7959875
NCD_BMI_PLUS2C,"Obesity among children and adolescents, BMI-for-age > +2 standard deviations above the median (crude estimate) (%)",https://www.who.int/data/gho/data/indicators/indicator-details/GHO/prevalence-of-obesity-among-children-and-adolescents-bmi-2-standard-deviations-above-the-median-%28crude-estimate%29-%28-%29,1999,1999,1999,EMR,Eastern Mediterranean,ARE,United Arab Emirates,SEX,SEX_MLE,Male,13.985138,14.0 [9.5-19.2],9.4535723,19.229399
NUTRITION_ANAEMIA_CHILDREN_NUM,Number of children aged 6-59 months with anaemia (thousands),https://www.who.int/data/gho/data/indicators/indicator-details/GHO/anaemia-in-children-under-5-years-number,2011,2011,2011,EMR,Eastern Mediterranean,ARE,United Arab Emirates,SEVERITY,SEVERITY_TOTAL,Total,92.6,92.6 [42.2-168],42.2,168
NCD_BMI_25A,"Overweight among adults, BMI ≥ 25 kg/m2 (age-standardized estimate) (%)",https://www.who.int/data/gho/data/indicators/indicator-details/GHO/prevalence-of-overweight-among-adults-bmi--25-%28age-standardized-estimate%29-%28-%29,2006,2006,2006,EMR,Eastern Mediterranean,ARE,United Arab Emirates,SEX,SEX_MLE,Male,68.308699,68.3 [65.4-71.3],65.377748,71.261621
NCD_BMI_18C,"Underweight among adults, BMI < 18.5 kg/m2 (crude estimate) (%)",https://www.who.int/data/gho/data/indicators/indicator-details/GHO/prevalence-of-underweight-among-adults-bmi-18-%28crude-estimate%29-%28-%29,2012,2012,2012,EMR,Eastern Mediterranean,ARE,United Arab Emirates,SEX,SEX_FMLE,Female,2.5945134,2.6 [1.8-3.5],1.8161677,3.5062868
NCD_BMI_MINUS2C,"Thinness among children and adolescents, BMI-for-age < -2 standard deviations below the median (%)",https://www.who.int/data/gho/data/indicators/indicator-details/GHO/prevalence-of-thinness-among-children-and-adolescents-bmi--2-standard-deviations-below-the-median-%28crude-estimate%29-%28-%29,2002,2002,2002,EMR,Eastern Mediterranean,ARE,United Arab Emirates,SEX,SEX_BTSX,Both sexes,3.3271946,3.3 [1.7-5.8],1.6894681,5.8030427
NCD_BMI_18A,"Underweight among adults, BMI < 18.5 kg/m2 (age-standardized estimate) (%)",https://www.who.int/data/gho/data/indicators/indicator-details/GHO/prevalence-of-underweight-among-adults-bmi-18-%28age-standardized-estimate%29-%28-%29,2008,2008,2008,EMR,Eastern Mediterranean,ARE,United Arab Emirates,SEX,SEX_BTSX,Both sexes,2.845905,2.8 [2.1-3.7],2.1212025,3.7076809
NUTRITION_ANAEMIA_CHILDREN_NUM,Number of children aged 6-59 months with anaemia (thousands),https://www.who.int/data/gho/data/indicators/indicator-details/GHO/anaemia-in-children-under-5-years-number,2001,2001,2001,EMR,Eastern Mediterranean,ARE,United Arab Emirates,SEX,SEX_BTSX,Both sexes,49.055,49 [22-94],22,94
NCD_BMI_PLUS2C,"Obesity among children and adolescents, BMI-for-age > +2 standard deviations above the median (crude estimate) (%)",https://www.who.int/data/gho/data/indicators/indicator-details/GHO/prevalence-of-obesity-among-children-and-adolescents-bmi-2-standard-deviations-above-the-median-%28crude-estimate%29-%28-%29,2000,2000,2000,EMR,Eastern Mediterranean,ARE,United Arab Emirates,SEX,SEX_BTSX,Both sexes,13.436051,13.4 [10.5-16.7],10.513783,16.690035
NCD_BMI_25A,"Overweight among adults, BMI ≥ 25 kg/m2 (age-standardized estimate) (%)",https://www.who.int/data/gho/data/indicators/indicator-details/GHO/prevalence-of-overweight-among-adults-bmi--25-%28age-standardized-estimate%29-%28-%29,2022,2022,2022,EMR,Eastern Mediterranean,ARE,United Arab Emirates,SEX,SEX_MLE,Male,70.908731,70.9 [65.9-75.7],65.933806,75.680345
NCD_BMI_PLUS1C,"Overweight among children and adolescents, BMI-for-age > +1 standard deviations above the median (crude estimate) (%)",https://www.who.int/data/gho/data/indicators/indicator-details/GHO/prevalence-of-overweight-among-children-and-adolescents-bmi-1-standard-deviations-above-the-median-%28crude-estimate%29-%28-%29,2000,2000,2000,EMR,Eastern Mediterranean,ARE,United Arab Emirates,SEX,SEX_BTSX,Both sexes,30.213568,30.2 [24.2-36.6],24.169843,36.625853
NCD_BMI_18C,"Underweight among adults, BMI < 18.5 kg/m2 (crude estimate) (%)",https://www.who.int/data/gho/data/indicators/indicator-details/GHO/prevalence-of-underweight-among-adults-bmi-18-%28crude-estimate%29-%28-%29,2019,2019,2019,EMR,Eastern Mediterranean,ARE,United Arab Emirates,SEX,SEX_FMLE,Female,2.8194826,2.8 [1.8-4.1],1.807146,4.0878892
NCD_BMI_PLUS1C,"Overweight among children and adolescents, BMI-for-age > +1 standard deviations above the median (crude estimate) (%)",https://www.who.int/data/gho/data/indicators/indicator-details/GHO/prevalence-of-overweight-among-children-and-adolescents-bmi-1-standard-deviations-above-the-median-%28crude-estimate%29-%28-%29,2017,2017,2017,EMR,Eastern Mediterranean,ARE,United Arab Emirates,SEX,SEX_FMLE,Female,38.277429,38.3 [33.1-43.6],33.056957,43.590286
NCD_BMI_18C,"Underweight among adults, BMI < 18.5 kg/m2 (crude estimate) (%)",https://www.who.int/data/gho/data/indicators/indicator-details/GHO/prevalence-of-underweight-among-adults-bmi-18-%28crude-estimate%29-%28-%29,1999,1999,1999,EMR,Eastern Mediterranean,ARE,United Arab Emirates,SEX,SEX_BTSX,Both sexes,3.5580132,3.6 [2.5-4.9],2.5206361,4.8631098
NCD_BMI_MINUS2C,"Thinness among children and adolescents, BMI-for-age < -2 standard deviations below the median (%)",https://www.who.int/data/gho/data/indicators/indicator-details/GHO/prevalence-of-thinness-among-children-and-adolescents-bmi--2-standard-deviations-below-the-median-%28crude-estimate%29-%28-%29,2015,2015,2015,EMR,Eastern Mediterranean,ARE,United Arab Emirates,SEX,SEX_MLE,Male,4.1599508,4.2 [2.7-6.0],2.7404869,6.0184874
NCD_BMI_18A,"Underweight among adults, BMI < 18.5 kg/m2 (age-standardized estimate) (%)",https://www.who.int/data/gho/data/indicators/indicator-details/GHO/prevalence-of-underweight-among-adults-bmi-18-%28age-standardized-estimate%29-%28-%29,2008,2008,2008,EMR,Eastern Mediterranean,ARE,United Arab Emirates,SEX,SEX_FMLE,Female,2.3961203,2.4 [1.7-3.2],1.7046882,3.2182842
NCD_BMI_PLUS1C,"Overweight among children and adolescents, BMI-for-age > +1 standard deviations above the median (crude estimate) (%)",https://www.who.int/data/gho/data/indicators/indicator-details/GHO/prevalence-of-overweight-among-children-and-adolescents-bmi-1-standard-deviations-above-the-median-%28crude-estimate%29-%28-%29,2014,2014,2014,EMR,Eastern Mediterranean,ARE,United Arab Emirates,SEX,SEX_FMLE,Female,36.882311,36.9 [32.3-41.6],32.258463,41.614527
NCD_BMI_MINUS2C,"Thinness among children and adolescents, BMI-for-age < -2 standard deviations below the median (%)",https://www.who.int/data/gho/data/indicators/indicator-details/GHO/prevalence-of-thinness-among-children-and-adolescents-bmi--2-standard-deviations-below-the-median-%28crude-estimate%29-%28-%29,2004,2004,2004,EMR,Eastern Mediterranean,ARE,United Arab Emirates,SEX,SEX_FMLE,Female,3.1484917,3.1 [2.1-4.5],2.1010121,4.4666089
NCD_BMI_PLUS1C,"Overweight among children and adolescents, BMI-for-age > +1 standard deviations above the median (crude estimate) (%)",https://www.who.int/data/gho/data/indicators/indicator-details/GHO/prevalence-of-overweight-among-children-and-adolescents-bmi-1-standard-deviations-above-the-median-%28crude-estimate%29-%28-%29,2017,2017,2017,EMR,Eastern Mediterranean,ARE,United Arab Emirates,SEX,SEX_MLE,Male,41.501316,41.5 [32.0-51.2],31.965768,51.173699
NCD_BMI_PLUS2C,"Obesity among children and adolescents, BMI-for-age > +2 standard deviations above the median (crude estimate) (%)",https://www.who.int/data/gho/data/indicators/indicator-details/GHO/prevalence-of-obesity-among-children-and-adolescents-bmi-2-standard-deviations-above-the-median-%28crude-estimate%29-%28-%29,1996,1996,1996,EMR,Eastern Mediterranean,ARE,United Arab Emirates,SEX,SEX_FMLE,Female,9.4076261,9.4 [5.6-14.0],5.6114696,14.04112
NCD_BMI_PLUS1C,"Overweight among children and adolescents, BMI-for-age > +1 standard deviations above the median (crude estimate) (%)",https://www.who.int/data/gho/data/indicators/indicator-details/GHO/prevalence-of-overweight-among-children-and-adolescents-bmi-1-standard-deviations-above-the-median-%28crude-estimate%29-%28-%29,1995,1995,1995,EMR,Eastern Mediterranean,ARE,United Arab Emirates,SEX,SEX_BTSX,Both sexes,28.809497,28.8 [24.3-33.4],24.312331,33.394027
NCD_BMI_MINUS2C,"Thinness among children and adolescents, BMI-for-age < -2 standard deviations below the median (%)",https://www.who.int/data/gho/data/indicators/indicator-details/GHO/prevalence-of-thinness-among-children-and-adolescents-bmi--2-standard-deviations-below-the-median-%28crude-estimate%29-%28-%29,1999,1999,1999,EMR,Eastern Mediterranean,ARE,United Arab Emirates,SEX,SEX_MLE,Male,5.5910118,5.6 [3.6-8.2],3.5737891,8.1869036
NCD_BMI_25C,"Overweight among adults, BMI ≥ 25 kg/m2 (crude estimate) (%)",https://www.who.int/data/gho/data/indicators/indicator-details/GHO/prevalence-of-overweight-among-adults-bmi-greaterequal-25-%28crude-estimate%29-%28-%29,2021,2021,2021,EMR,Eastern Mediterranean,ARE,United Arab Emirates,SEX,SEX_MLE,Male,71.586543,71.6 [66.9-76.0],66.948509,75.955063
NCD_BMI_PLUS1C,"Overweight among children and adolescents, BMI-for-age > +1 standard deviations above the median (crude estimate) (%)",https://www.who.int/data/gho/data/indicators/indicator-details/GHO/prevalence-of-overweight-among-children-and-adolescents-bmi-1-standard-deviations-above-the-median-%28crude-estimate%29-%28-%29,2006,2006,2006,EMR,Eastern Mediterranean,ARE,United Arab Emirates,SEX,SEX_BTSX,Both sexes,37.332931,37.3 [34.8-39.9],34.784055,39.87385
NCD_BMI_PLUS1C,"Overweight among children and adolescents, BMI-for-age > +1 standard deviations above the median (crude estimate) (%)",https://www.who.int/data/gho/data/indicators/indicator-details/GHO/prevalence-of-overweight-among-children-and-adolescents-bmi-1-standard-deviations-above-the-median-%28crude-estimate%29-%28-%29,1994,1994,1994,EMR,Eastern Mediterranean,ARE,United Arab Emirates,SEX,SEX_BTSX,Both sexes,25.951561,26.0 [19.5-32.9],19.505998,32.935521
NCD_BMI_MINUS2C,"Thinness among children and adolescents, BMI-for-age < -2 standard deviations below the median (%)",https://www.who.int/data/gho/data/indicators/indicator-details/GHO/prevalence-of-thinness-among-children-and-adolescents-bmi--2-standard-deviations-below-the-median-%28crude-estimate%29-%28-%29,1997,1997,1997,EMR,Eastern Mediterranean,ARE,United Arab Emirates,SEX,SEX_FMLE,Female,3.6326982,3.6 [1.3-7.9],1.2592757,7.9384409
NCD_BMI_MINUS2C,"Thinness among children and adolescents, BMI-for-age < -2 standard deviations below the median (%)",https://www.who.int/data/gho/data/indicators/indicator-details/GHO/prevalence-of-thinness-among-children-and-adolescents-bmi--2-standard-deviations-below-the-median-%28crude-estimate%29-%28-%29,2006,2006,2006,EMR,Eastern Mediterranean,ARE,United Arab Emirates,SEX,SEX_FMLE,Female,3.1504702,3.2 [2.2-4.3],2.1776017,4.3370362
NCD_BMI_PLUS2C,"Obesity among children and adolescents, BMI-for-age > +2 standard deviations above the median (crude estimate) (%)",https://www.who.int/data/gho/data/indicators/indicator-details/GHO/prevalence-of-obesity-among-children-and-adolescents-bmi-2-standard-deviations-above-the-median-%28crude-estimate%29-%28-%29,2013,2013,2013,EMR,Eastern Mediterranean,ARE,United Arab Emirates,SEX,SEX_BTSX,Both sexes,17.670412,17.7 [14.8-20.8],14.825669,20.752345
NCD_BMI_MINUS2C,"Thinness among children and adolescents, BMI-for-age < -2 standard deviations below the median (%)",https://www.who.int/data/gho/data/indicators/indicator-details/GHO/prevalence-of-thinness-among-children-and-adolescents-bmi--2-standard-deviations-below-the-median-%28crude-estimate%29-%28-%29,2007,2007,2007,EMR,Eastern Mediterranean,ARE,United Arab Emirates,SEX,SEX_MLE,Male,4.2911105,4.3 [2.9-6.1],2.8927837,6.1133131
NCD_BMI_PLUS2C,"Obesity among children and adolescents, BMI-for-age > +2 standard deviations above the median (crude estimate) (%)",https://www.who.int/data/gho/data/indicators/indicator-details/GHO/prevalence-of-obesity-among-children-and-adolescents-bmi-2-standard-deviations-above-the-median-%28crude-estimate%29-%28-%29,1997,1997,1997,EMR,Eastern Mediterranean,ARE,United Arab Emirates,SEX,SEX_FMLE,Female,9.6235216,9.6 [5.8-14.6],5.7524696,14.571813
NUTRITION_ANAEMIA_REPRODUCTIVEAGE_NUM,Number of women of reproductive age (aged 15-49 years) with anaemia (thousands),https://www.who.int/data/gho/data/indicators/indicator-details/GHO/anaemia-in-women-of-reproductive-age-number-%28in-thousands%29,2014,2014,2014,EMR,Eastern Mediterranean,ARE,United Arab Emirates,SEX,SEX_FMLE,Female,513.6,513.6 [252.2-914.3],252.2,914.3
NCD_BMI_18C,"Underweight among adults, BMI < 18.5 kg/m2 (crude estimate) (%)",https://www.who.int/data/gho/data/indicators/indicator-details/GHO/prevalence-of-underweight-among-adults-bmi-18-%28crude-estimate%29-%28-%29,2005,2005,2005,EMR,Eastern Mediterranean,ARE,United Arab Emirates,SEX,SEX_MLE,Male,2.9621512,3.0 [1.9-4.2],1.9425128,4.2079687
NCD_BMI_18A,"Underweight among adults, BMI < 18.5 kg/m2 (age-standardized estimate) (%)",https://www.who.int/data/gho/data/indicators/indicator-details/GHO/prevalence-of-underweight-among-adults-bmi-18-%28age-standardized-estimate%29-%28-%29,1995,1995,1995,EMR,Eastern Mediterranean,ARE,United Arab Emirates,SEX,SEX_MLE,Male,4.3640271,4.4 [2.7-6.4],2.725609,6.3969113
NCD_BMI_18A,"Underweight among adults, BMI < 18.5 kg/m2 (age-standardized estimate) (%)",https://www.who.int/data/gho/data/indicators/indicator-details/GHO/prevalence-of-underweight-among-adults-bmi-18-%28age-standardized-estimate%29-%28-%29,2013,2013,2013,EMR,Eastern Mediterranean,ARE,United Arab Emirates,SEX,SEX_BTSX,Both sexes,2.737779,2.7 [2.0-3.6],2.0395508,3.5650585
NCD_BMI_PLUS1C,"Overweight among children and adolescents, BMI-for-age > +1 standard deviations above the median (crude estimate) (%)",https://www.who.int/data/gho/data/indicators/indicator-details/GHO/prevalence-of-overweight-among-children-and-adolescents-bmi-1-standard-deviations-above-the-median-%28crude-estimate%29-%28-%29,2007,2007,2007,EMR,Eastern Mediterranean,ARE,United Arab Emirates,SEX,SEX_MLE,Male,40.713251,40.7 [37.3-44.1],37.256792,44.147351
NCD_BMI_MINUS2C,"Thinness among children and adolescents, BMI-for-age < -2 standard deviations below the median (%)",https://www.who.int/data/gho/data/indicators/indicator-details/GHO/prevalence-of-thinness-among-children-and-adolescents-bmi--2-standard-deviations-below-the-median-%28crude-estimate%29-%28-%29,2007,2007,2007,EMR,Eastern Mediterranean,ARE,United Arab Emirates,SEX,SEX_MLE,Male,3.2392513,3.2 [1.2-6.7],1.2453418,6.7443922
NCD_BMI_25C,"Overweight among adults, BMI ≥ 25 kg/m2 (crude estimate) (%)",https://www.who.int/data/gho/data/indicators/indicator-details/GHO/prevalence-of-overweight-among-adults-bmi-greaterequal-25-%28crude-estimate%29-%28-%29,1995,1995,1995,EMR,Eastern Mediterranean,ARE,United Arab Emirates,SEX,SEX_BTSX,Both sexes,59.410077,59.4 [56.0-62.8],56.039381,62.797529
NCD_BMI_PLUS2C,"Obesity among children and adolescents, BMI-for-age > +2 standard deviations above the median (crude estimate) (%)",https://www.who.int/data/gho/data/indicators/indicator-details/GHO/prevalence-of-obesity-among-children-and-adolescents-bmi-2-standard-deviations-above-the-median-%28crude-estimate%29-%28-%29,1997,1997,1997,EMR,Eastern Mediterranean,ARE,United Arab Emirates,SEX,SEX_FMLE,Female,9.754923,9.8 [6.1-14.2],6.0530048,14.218824
NCD_BMI_25A,"Overweight among adults, BMI ≥ 25 kg/m2 (age-standardized estimate) (%)",https://www.who.int/data/gho/data/indicators/indicator-details/GHO/prevalence-of-overweight-among-adults-bmi--25-%28age-standardized-estimate%29-%28-%29,2012,2012,2012,EMR,Eastern Mediterranean,ARE,United Arab Emirates,SEX,SEX_FMLE,Female,69.141746,69.1 [66.5-71.7],66.541058,71.732122
NCD_BMI_25C,"Overweight among adults, BMI ≥ 25 kg/m2 (crude estimate) (%)",https://www.who.int/data/gho/data/indicators/indicator-details/GHO/prevalence-of-overweight-among-adults-bmi-greaterequal-25-%28crude-estimate%29-%28-%29,2014,2014,2014,EMR,Eastern Mediterranean,ARE,United Arab Emirates,SEX,SEX_FMLE,Female,66.995001,67.0 [64.2-69.7],64.234608,69.739658
NCD_BMI_MINUS2C,"Thinness among children and adolescents, BMI-for-age < -2 standard deviations below the median (%)",https://www.who.int/data/gho/data/indicators/indicator-details/GHO/prevalence-of-thinness-among-children-and-adolescents-bmi--2-standard-deviations-below-the-median-%28crude-estimate%29-%28-%29,1999,1999,1999,EMR,Eastern Mediterranean,ARE,United Arab Emirates,SEX,SEX_FMLE,Female,3.5353772,3.5 [2.1-5.4],2.1331515,5.4132983
NCD_BMI_25C,"Overweight among adults, BMI ≥ 25 kg/m2 (crude estimate) (%)",https://www.who.int/data/gho/data/indicators/indicator-details/GHO/prevalence-of-overweight-among-adults-bmi-greaterequal-25-%28crude-estimate%29-%28-%29,2008,2008,2008,EMR,Eastern Mediterranean,ARE,United Arab Emirates,SEX,SEX_BTSX,Both sexes,68.937725,68.9 [66.8-71.2],66.771245,71.173203
NUTRITION_ANAEMIA_CHILDREN_NUM,Number of children aged 6-59 months with anaemia (thousands),https://www.who.int/data/gho/data/indicators/indicator-details/GHO/anaemia-in-children-under-5-years-number,2010,2010,2010,EMR,Eastern Mediterranean,ARE,United Arab Emirates,SEVERITY,SEVERITY_TOTAL,Total,85.4,85.4 [38.6-155],38.6,155
NUTRITION_ANAEMIA_CHILDREN_NUM,Number of children aged 6-59 months with anaemia (thousands),https://www.who.int/data/gho/data/indicators/indicator-details/GHO/anaemia-in-children-under-5-years-number,2012,2012,2012,EMR,Eastern Mediterranean,ARE,United Arab Emirates,SEX,SEX_BTSX,Both sexes,97.057,97 [44-174],44,174
NCD_BMI_MINUS2C,"Thinness among children and adolescents, BMI-for-age < -2 standard deviations below the median (%)",https://www.who.int/data/gho/data/indicators/indicator-details/GHO/prevalence-of-thinness-among-children-and-adolescents-bmi--2-standard-deviations-below-the-median-%28crude-estimate%29-%28-%29,1993,1993,1993,EMR,Eastern Mediterranean,ARE,United Arab Emirates,SEX,SEX_FMLE,Female,4.3611299,4.4 [2.3-7.3],2.2666341,7.332772
NCD_BMI_PLUS2C,"Obesity among children and adolescents, BMI-for-age > +2 standard deviations above the median (crude estimate) (%)",https://www.who.int/data/gho/data/indicators/indicator-details/GHO/prevalence-of-obesity-among-children-and-adolescents-bmi-2-standard-deviations-above-the-median-%28crude-estimate%29-%28-%29,2008,2008,2008,EMR,Eastern Mediterranean,ARE,United Arab Emirates,SEX,SEX_BTSX,Both sexes,16.181883,16.2 [13.5-19.1],13.469747,19.129941
NUTRITION_ANAEMIA_REPRODUCTIVEAGE_PREV,Prevalence of anaemia in women of reproductive age (aged 15-49) (%),https://www.who.int/data/gho/data/indicators/indicator-details/GHO/prevalence-of-anaemia-in-women-of-reproductive-age-%28-%29,2013,2013,2013,EMR,Eastern Mediterranean,ARE,United Arab Emirates,SEX,SEX_FMLE,Female,28.8,28.8 [15.1-40.5],15.1,40.5
NCD_BMI_PLUS1C,"Overweight among children and adolescents, BMI-for-age > +1 standard deviations above the median (crude estimate) (%)",https://www.who.int/data/gho/data/indicators/indicator-details/GHO/prevalence-of-overweight-among-children-and-adolescents-bmi-1-standard-deviations-above-the-median-%28crude-estimate%29-%28-%29,2005,2005,2005,EMR,Eastern Mediterranean,ARE,United Arab Emirates,SEX,SEX_MLE,Male,38.965219,39.0 [35.2-42.8],35.158825,42.767113
NUTRITION_ANAEMIA_CHILDREN_NUM,Number of children aged 6-59 months with anaemia (thousands),https://www.who.int/data/gho/data/indicators/indicator-details/GHO/anaemia-in-children-under-5-years-number,2008,2008,2008,EMR,Eastern Mediterranean,ARE,United Arab Emirates,SEVERITY,SEVERITY_TOTAL,Total,75.3,75.3 [34-137],34,137
NCD_BMI_PLUS1C,"Overweight among children and adolescents, BMI-for-age > +1 standard deviations above the median (crude estimate) (%)",https://www.who.int/data/gho/data/indicators/indicator-details/GHO/prevalence-of-overweight-among-children-and-adolescents-bmi-1-standard-deviations-above-the-median-%28crude-estimate%29-%28-%29,2018,2018,2018,EMR,Eastern Mediterranean,ARE,United Arab Emirates,SEX,SEX_FMLE,Female,38.359135,38.4 [29.0-47.7],28.986043,47.723064
NCD_BMI_PLUS2C,"Obesity among children and adolescents, BMI-for-age > +2 standard deviations above the median (crude estimate) (%)",https://www.who.int/data/gho/data/indicators/indicator-details/GHO/prevalence-of-obesity-among-children-and-adolescents-bmi-2-standard-deviations-above-the-median-%28crude-estimate%29-%28-%29,2005,2005,2005,EMR,Eastern Mediterranean,ARE,United Arab Emirates,SEX,SEX_BTSX,Both sexes,15.79762,15.8 [13.5-18.2],13.476677,18.176235
NCD_BMI_PLUS1C,"Overweight among children and adolescents, BMI-for-age > +1 standard deviations above the median (crude estimate) (%)",https://www.who.int/data/gho/data/indicators/indicator-details/GHO/prevalence-of-overweight-among-children-and-adolescents-bmi-1-standard-deviations-above-the-median-%28crude-estimate%29-%28-%29,2000,2000,2000,EMR,Eastern Mediterranean,ARE,United Arab Emirates,SEX,SEX_MLE,Male,34.280688,34.3 [29.2-39.5],29.159579,39.524657
NUTRITION_ANAEMIA_CHILDREN_PREV,Prevalence of anaemia in children aged 6-59 months (%),https://www.who.int/data/gho/data/indicators/indicator-details/GHO/anaemia-in-non-pregnant-women-number-%28in-thousands%29,2004,2004,2004,EMR,Eastern Mediterranean,ARE,United Arab Emirates,SEX,SEX_BTSX,Both sexes,18.9,18.9 [8.6-35.6],8.6,35.6
NCD_BMI_PLUS2C,"Obesity among children and adolescents, BMI-for-age > +2 standard deviations above the median (crude estimate) (%)",https://www.who.int/data/gho/data/indicators/indicator-details/GHO/prevalence-of-obesity-among-children-and-adolescents-bmi-2-standard-deviations-above-the-median-%28crude-estimate%29-%28-%29,2007,2007,2007,EMR,Eastern Mediterranean,ARE,United Arab Emirates,SEX,SEX_BTSX,Both sexes,14.72269,14.7 [9.7-20.5],9.7449481,20.48803
NCD_BMI_25A,"Overweight among adults, BMI ≥ 25 kg/m2 (age-standardized estimate) (%)",https://www.who.int/data/gho/data/indicators/indicator-details/GHO/prevalence-of-overweight-among-adults-bmi--25-%28age-standardized-estimate%29-%28-%29,2001,2001,2001,EMR,Eastern Mediterranean,ARE,United Arab Emirates,SEX,SEX_BTSX,Both sexes,65.509522,65.5 [63.1-67.9],63.124287,67.916608
NCD_BMI_25A,"Overweight among adults, BMI ≥ 25 kg/m2 (age-standardized estimate) (%)",https://www.who.int/data/gho/data/indicators/indicator-details/GHO/prevalence-of-overweight-among-adults-bmi--25-%28age-standardized-estimate%29-%28-%29,2017,2017,2017,EMR,Eastern Mediterranean,ARE,United Arab Emirates,SEX,SEX_MLE,Male,71.350288,71.4 [68.1-74.5],68.109012,74.518013
NCD_BMI_MINUS2C,"Thinness among children and adolescents, BMI-for-age < -2 standard deviations below the median (%)",https://www.who.int/data/gho/data/indicators/indicator-details/GHO/prevalence-of-thinness-among-children-and-adolescents-bmi--2-standard-deviations-below-the-median-%28crude-estimate%29-%28-%29,2009,2009,2009,EMR,Eastern Mediterranean,ARE,United Arab Emirates,SEX,SEX_MLE,Male,4.8000507,4.8 [3.5-6.3],3.5374805,6.2867947
NCD_BMI_30C,"Obesity among adults, BMI ≥ 30 kg/m2 (crude estimate) (%)",https://www.who.int/data/gho/data/indicators/indicator-details/GHO/prevalence-of-obesity-among-adults-bmi--30-%28crude-estimate%29-%28-%29,1993,1993,1993,EMR,Eastern Mediterranean,ARE,United Arab Emirates,SEX,SEX_BTSX,Both sexes,19.695179,19.7 [17.0-22.7],17.039548,22.698581
NUTRITION_ANAEMIA_CHILDREN_PREV,Prevalence of anaemia in children aged 6-59 months (%),https://www.who.int/data/gho/data/indicators/indicator-details/GHO/anaemia-in-non-pregnant-women-number-%28in-thousands%29,2000,2000,2000,EMR,Eastern Mediterranean,ARE,United Arab Emirates,SEVERITY,SEVERITY_TOTAL,Total,19.6,19.6 [8.5-37.9],8.5,37.9
NCD_BMI_PLUS1C,"Overweight among children and adolescents, BMI-for-age > +1 standard deviations above the median (crude estimate) (%)",https://www.who.int/data/gho/data/indicators/indicator-details/GHO/prevalence-of-overweight-among-children-and-adolescents-bmi-1-standard-deviations-above-the-median-%28crude-estimate%29-%28-%29,1998,1998,1998,EMR,Eastern Mediterranean,ARE,United Arab Emirates,SEX,SEX_BTSX,Both sexes,30.345485,30.3 [26.2-34.6],26.176536,34.555292
NCD_BMI_PLUS1C,"Overweight among children and adolescents, BMI-for-age > +1 standard deviations above the median (crude estimate) (%)",https://www.who.int/data/gho/data/indicators/indicator-details/GHO/prevalence-of-overweight-among-children-and-adolescents-bmi-1-standard-deviations-above-the-median-%28crude-estimate%29-%28-%29,2019,2019,2019,EMR,Eastern Mediterranean,ARE,United Arab Emirates,SEX,SEX_FMLE,Female,39.292708,39.3 [34.4-44.2],34.41112,44.196191
NCD_BMI_PLUS1C,"Overweight among children and adolescents, BMI-for-age > +1 standard deviations above the median (crude estimate) (%)",https://www.who.int/data/gho/data/indicators/indicator-details/GHO/prevalence-of-overweight-among-children-and-adolescents-bmi-1-standard-deviations-above-the-median-%28crude-estimate%29-%28-%29,1997,1997,1997,EMR,Eastern Mediterranean,ARE,United Arab Emirates,SEX,SEX_BTSX,Both sexes,29.54976,29.5 [25.2-33.9],25.188738,33.942565
NCD_BMI_PLUS1C,"Overweight among children and adolescents, BMI-for-age > +1 standard deviations above the median (crude estimate) (%)",https://www.who.int/data/gho/data/indicators/indicator-details/GHO/prevalence-of-overweight-among-children-and-adolescents-bmi-1-standard-deviations-above-the-median-%28crude-estimate%29-%28-%29,1991,1991,1991,EMR,Eastern Mediterranean,ARE,United Arab Emirates,SEX,SEX_FMLE,Female,25.174457,25.2 [18.4-32.5],18.407744,32.520631
NCD_BMI_PLUS1C,"Overweight among children and adolescents, BMI-for-age > +1 standard deviations above the median (crude estimate) (%)",https://www.who.int/data/gho/data/indicators/indicator-details/GHO/prevalence-of-overweight-among-children-and-adolescents-bmi-1-standard-deviations-above-the-median-%28crude-estimate%29-%28-%29,1999,1999,1999,EMR,Eastern Mediterranean,ARE,United Arab Emirates,SEX,SEX_MLE,Male,33.385697,33.4 [28.0-38.9],28.005448,38.911587
NCD_BMI_PLUS1C,"Overweight among children and adolescents, BMI-for-age > +1 standard deviations above the median (crude estimate) (%)",https://www.who.int/data/gho/data/indicators/indicator-details/GHO/prevalence-of-overweight-among-children-and-adolescents-bmi-1-standard-deviations-above-the-median-%28crude-estimate%29-%28-%29,1993,1993,1993,EMR,Eastern Mediterranean,ARE,United Arab Emirates,SEX,SEX_BTSX,Both sexes,25.34554,25.3 [18.8-32.5],18.765847,32.537672
NCD_BMI_PLUS2C,"Obesity among children and adolescents, BMI-for-age > +2 standard deviations above the median (crude estimate) (%)",https://www.who.int/data/gho/data/indicators/indicator-details/GHO/prevalence-of-obesity-among-children-and-adolescents-bmi-2-standard-deviations-above-the-median-%28crude-estimate%29-%28-%29,2006,2006,2006,EMR,Eastern Mediterranean,ARE,United Arab Emirates,SEX,SEX_FMLE,Female,12.623669,12.6 [9.2-17.0],9.1993265,16.956854
NCD_BMI_30A,"Obesity among adults, BMI ≥ 30 kg/m2 (age-standardized estimate) (%)",https://www.who.int/data/gho/data/indicators/indicator-details/GHO/prevalence-of-obesity-among-adults-bmi--30-%28age-standardized-estimate%29-%28-%29,2015,2015,2015,EMR,Eastern Mediterranean,ARE,United Arab Emirates,SEX,SEX_FMLE,Female,39.219725,39.2 [36.0-42.4],36.018321,42.380717
NCD_BMI_PLUS1C,"Overweight among children and adolescents, BMI-for-age > +1 standard deviations above the median (crude estimate) (%)",https://www.who.int/data/gho/data/indicators/indicator-details/GHO/prevalence-of-overweight-among-children-and-adolescents-bmi-1-standard-deviations-above-the-median-%28crude-estimate%29-%28-%29,2010,2010,2010,EMR,Eastern Mediterranean,ARE,United Arab Emirates,SEX,SEX_MLE,Male,42.824903,42.8 [39.6-45.9],39.644265,45.902899
NCD_BMI_MINUS2C,"Thinness among children and adolescents, BMI-for-age < -2 standard deviations below the median (%)",https://www.who.int/data/gho/data/indicators/indicator-details/GHO/prevalence-of-thinness-among-children-and-adolescents-bmi--2-standard-deviations-below-the-median-%28crude-estimate%29-%28-%29,2005,2005,2005,EMR,Eastern Mediterranean,ARE,United Arab Emirates,SEX,SEX_FMLE,Female,2.9922735,3.0 [1.1-6.3],1.0900677,6.3162342
NCD_BMI_PLUS1C,"Overweight among children and adolescents, BMI-for-age > +1 standard deviations above the median (crude estimate) (%)",https://www.who.int/data/gho/data/indicators/indicator-details/GHO/prevalence-of-overweight-among-children-and-adolescents-bmi-1-standard-deviations-above-the-median-%28crude-estimate%29-%28-%29,1996,1996,1996,EMR,Eastern Mediterranean,ARE,United Arab Emirates,SEX,SEX_MLE,Male,30.98729,31.0 [24.6-37.5],24.574165,37.494838
NCD_BMI_PLUS2C,"Obesity among children and adolescents, BMI-for-age > +2 standard deviations above the median (crude estimate) (%)",https://www.who.int/data/gho/data/indicators/indicator-details/GHO/prevalence-of-obesity-among-children-and-adolescents-bmi-2-standard-deviations-above-the-median-%28crude-estimate%29-%28-%29,2017,2017,2017,EMR,Eastern Mediterranean,ARE,United Arab Emirates,SEX,SEX_MLE,Male,20.349346,20.3 [11.6-30.5],11.608314,30.489981
NCD_BMI_MINUS2C,"Thinness among children and adolescents, BMI-for-age < -2 standard deviations below the median (%)",https://www.who.int/data/gho/data/indicators/indicator-details/GHO/prevalence-of-thinness-among-children-and-adolescents-bmi--2-standard-deviations-below-the-median-%28crude-estimate%29-%28-%29,1999,1999,1999,EMR,Eastern Mediterranean,ARE,United Arab Emirates,SEX,SEX_FMLE,Female,3.4246452,3.4 [1.2-7.4],1.2194125,7.3816881
NUTRITION_ANAEMIA_CHILDREN_NUM,Number of children aged 6-59 months with anaemia (thousands),https://www.who.int/data/gho/data/indicators/indicator-details/GHO/anaemia-in-children-under-5-years-number,2004,2004,2004,EMR,Eastern Mediterranean,ARE,United Arab Emirates,SEVERITY,SEVERITY_TOTAL,Total,51.3,51.3 [23.2-96.6],23.2,96.6
NCD_BMI_18A,"Underweight among adults, BMI < 18.5 kg/m2 (age-standardized estimate) (%)",https://www.who.int/data/gho/data/indicators/indicator-details/GHO/prevalence-of-underweight-among-adults-bmi-18-%28age-standardized-estimate%29-%28-%29,1998,1998,1998,EMR,Eastern Mediterranean,ARE,United Arab Emirates,SEX,SEX_FMLE,Female,2.6816776,2.7 [1.8-3.8],1.7949983,3.8078927
NUTRITION_ANAEMIA_CHILDREN_NUM,Number of children aged 6-59 months with anaemia (thousands),https://www.who.int/data/gho/data/indicators/indicator-details/GHO/anaemia-in-children-under-5-years-number,2000,2000,2000,EMR,Eastern Mediterranean,ARE,United Arab Emirates,SEVERITY,SEVERITY_TOTAL,Total,52.1,52.1 [22.6-101],22.6,101
NCD_BMI_18A,"Underweight among adults, BMI < 18.5 kg/m2 (age-standardized estimate) (%)",https://www.who.int/data/gho/data/indicators/indicator-details/GHO/prevalence-of-underweight-among-adults-bmi-18-%28age-standardized-estimate%29-%28-%29,1999,1999,1999,EMR,Eastern Mediterranean,ARE,United Arab Emirates,SEX,SEX_FMLE,Female,2.6278658,2.6 [1.8-3.7],1.7854739,3.6873654
NUTRITION_ANAEMIA_REPRODUCTIVEAGE_PREV,Prevalence of anaemia in women of reproductive age (aged 15-49) (%),https://www.who.int/data/gho/data/indicators/indicator-details/GHO/prevalence-of-anaemia-in-women-of-reproductive-age-%28-%29,2021,2021,2021,EMR,Eastern Mediterranean,ARE,United Arab Emirates,SEX,SEX_FMLE,Female,28.6,28.6 [14.1-41.0],14.1,41
NCD_BMI_PLUS1C,"Overweight among children and adolescents, BMI-for-age > +1 standard deviations above the median (crude estimate) (%)",https://www.who.int/data/gho/data/indicators/indicator-details/GHO/prevalence-of-overweight-among-children-and-adolescents-bmi-1-standard-deviations-above-the-median-%28crude-estimate%29-%28-%29,2017,2017,2017,EMR,Eastern Mediterranean,ARE,United Arab Emirates,SEX,SEX_BTSX,Both sexes,41.572237,41.6 [37.8-45.4],37.811998,45.350879
NCD_BMI_30C,"Obesity among adults, BMI ≥ 30 kg/m2 (crude estimate) (%)",https://www.who.int/data/gho/data/indicators/indicator-details/GHO/prevalence-of-obesity-among-adults-bmi--30-%28crude-estimate%29-%28-%29,1995,1995,1995,EMR,Eastern Mediterranean,ARE,United Arab Emirates,SEX,SEX_MLE,Male,18.328179,18.3 [15.1-21.8],15.117899,21.81201
NUTRITION_ANAEMIA_CHILDREN_NUM,Number of children aged 6-59 months with anaemia (thousands),https://www.who.int/data/gho/data/indicators/indicator-details/GHO/anaemia-in-children-under-5-years-number,2007,2007,2007,EMR,Eastern Mediterranean,ARE,United Arab Emirates,SEVERITY,SEVERITY_TOTAL,Total,67.8,67.8 [30.7-124],30.7,124
NCD_BMI_25A,"Overweight among adults, BMI ≥ 25 kg/m2 (age-standardized estimate) (%)",https://www.who.int/data/gho/data/indicators/indicator-details/GHO/prevalence-of-overweight-among-adults-bmi--25-%28age-standardized-estimate%29-%28-%29,2013,2013,2013,EMR,Eastern Mediterranean,ARE,United Arab Emirates,SEX,SEX_FMLE,Female,69.241768,69.2 [66.6-71.9],66.604495,71.851724
NUTRITION_ANAEMIA_REPRODUCTIVEAGE_PREV,Prevalence of anaemia in women of reproductive age (aged 15-49) (%),https://www.who.int/data/gho/data/indicators/indicator-details/GHO/prevalence-of-anaemia-in-women-of-reproductive-age-%28-%29,2002,2002,2002,EMR,Eastern Mediterranean,ARE,United Arab Emirates,SEX,SEX_FMLE,Female,29.3,29.3 [16.1-40.6],16.1,40.6
NCD_BMI_MINUS2C,"Thinness among children and adolescents, BMI-for-age < -2 standard deviations below the median (%)",https://www.who.int/data/gho/data/indicators/indicator-details/GHO/prevalence-of-thinness-among-children-and-adolescents-bmi--2-standard-deviations-below-the-median-%28crude-estimate%29-%28-%29,2021,2021,2021,EMR,Eastern Mediterranean,ARE,United Arab Emirates,SEX,SEX_MLE,Male,4.979727,5.0 [2.8-7.9],2.7800636,7.9064913
NUTRITION_ANAEMIA_CHILDREN_NUM,Number of children aged 6-59 months with anaemia (thousands),https://www.who.int/data/gho/data/indicators/indicator-details/GHO/anaemia-in-children-under-5-years-number,2004,2004,2004,EMR,Eastern Mediterranean,ARE,United Arab Emirates,SEVERITY,SEVERITY_SEVERE,Severe,0.32,0.32 [0.03-1.42],0.03,1.42
NCD_BMI_PLUS1C,"Overweight among children and adolescents, BMI-for-age > +1 standard deviations above the median (crude estimate) (%)",https://www.who.int/data/gho/data/indicators/indicator-details/GHO/prevalence-of-overweight-among-children-and-adolescents-bmi-1-standard-deviations-above-the-median-%28crude-estimate%29-%28-%29,1991,1991,1991,EMR,Eastern Mediterranean,ARE,United Arab Emirates,SEX,SEX_BTSX,Both sexes,24.214609,24.2 [17.5-31.6],17.525363,31.580535
NCD_BMI_MINUS2C,"Thinness among children and adolescents, BMI-for-age < -2 standard deviations below the median (%)",https://www.who.int/data/gho/data/indicators/indicator-details/GHO/prevalence-of-thinness-among-children-and-adolescents-bmi--2-standard-deviations-below-the-median-%28crude-estimate%29-%28-%29,2017,2017,2017,EMR,Eastern Mediterranean,ARE,United Arab Emirates,SEX,SEX_BTSX,Both sexes,3.5936765,3.6 [2.5-4.9],2.5430961,4.9488991
NCD_BMI_25A,"Overweight among adults, BMI ≥ 25 kg/m2 (age-standardized estimate) (%)",https://www.who.int/data/gho/data/indicators/indicator-details/GHO/prevalence-of-overweight-among-adults-bmi--25-%28age-standardized-estimate%29-%28-%29,2009,2009,2009,EMR,Eastern Mediterranean,ARE,United Arab Emirates,SEX,SEX_FMLE,Female,68.775028,68.8 [66.2-71.2],66.207254,71.247977
NCD_BMI_18C,"Underweight among adults, BMI < 18.5 kg/m2 (crude estimate) (%)",https://www.who.int/data/gho/data/indicators/indicator-details/GHO/prevalence-of-underweight-among-adults-bmi-18-%28crude-estimate%29-%28-%29,2020,2020,2020,EMR,Eastern Mediterranean,ARE,United Arab Emirates,SEX,SEX_FMLE,Female,2.8602012,2.9 [1.8-4.2],1.7955927,4.2360637
NUTRITION_ANAEMIA_REPRODUCTIVEAGE_NUM,Number of women of reproductive age (aged 15-49 years) with anaemia (thousands),https://www.who.int/data/gho/data/indicators/indicator-details/GHO/anaemia-in-women-of-reproductive-age-number-%28in-thousands%29,2015,2015,2015,EMR,Eastern Mediterranean,ARE,United Arab Emirates,SEX,SEX_FMLE,Female,17.1,17.1 [9.1-24.0],9.1,24
NCD_BMI_MINUS2C,"Thinness among children and adolescents, BMI-for-age < -2 standard deviations below the median (%)",https://www.who.int/data/gho/data/indicators/indicator-details/GHO/prevalence-of-thinness-among-children-and-adolescents-bmi--2-standard-deviations-below-the-median-%28crude-estimate%29-%28-%29,2011,2011,2011,EMR,Eastern Mediterranean,ARE,United Arab Emirates,SEX,SEX_MLE,Male,4.7486182,4.7 [3.5-6.2],3.5438791,6.1948299
NCD_BMI_18A,"Underweight among adults, BMI < 18.5 kg/m2 (age-standardized estimate) (%)",https://www.who.int/data/gho/data/indicators/indicator-details/GHO/prevalence-of-underweight-among-adults-bmi-18-%28age-standardized-estimate%29-%28-%29,2020,2020,2020,EMR,Eastern Mediterranean,ARE,United Arab Emirates,SEX,SEX_FMLE,Female,2.7059112,2.7 [1.7-4.0],1.6937148,3.9936688
NCD_BMI_PLUS1C,"Overweight among children and adolescents, BMI-for-age > +1 standard deviations above the median (crude estimate) (%)",https://www.who.int/data/gho/data/indicators/indicator-details/GHO/prevalence-of-overweight-among-children-and-adolescents-bmi-1-standard-deviations-above-the-median-%28crude-estimate%29-%28-%29,1995,1995,1995,EMR,Eastern Mediterranean,ARE,United Arab Emirates,SEX,SEX_FMLE,Female,26.957363,27.0 [18.5-36.4],18.517321,36.39732
NCD_BMI_MINUS2C,"Thinness among children and adolescents, BMI-for-age < -2 standard deviations below the median (%)",https://www.who.int/data/gho/data/indicators/indicator-details/GHO/prevalence-of-thinness-among-children-and-adolescents-bmi--2-standard-deviations-below-the-median-%28crude-estimate%29-%28-%29,2016,2016,2016,EMR,Eastern Mediterranean,ARE,United Arab Emirates,SEX,SEX_MLE,Male,4.740354,4.7 [3.3-6.4],3.315071,6.4193778
NCD_BMI_30C,"Obesity among adults, BMI ≥ 30 kg/m2 (crude estimate) (%)",https://www.who.int/data/gho/data/indicators/indicator-details/GHO/prevalence-of-obesity-among-adults-bmi--30-%28crude-estimate%29-%28-%29,2022,2022,2022,EMR,Eastern Mediterranean,ARE,United Arab Emirates,SEX,SEX_BTSX,Both sexes,30.247745,30.2 [26.4-34.3],26.365569,34.298363
NCD_BMI_PLUS1C,"Overweight among children and adolescents, BMI-for-age > +1 standard deviations above the median (crude estimate) (%)",https://www.who.int/data/gho/data/indicators/indicator-details/GHO/prevalence-of-overweight-among-children-and-adolescents-bmi-1-standard-deviations-above-the-median-%28crude-estimate%29-%28-%29,1992,1992,1992,EMR,Eastern Mediterranean,ARE,United Arab Emirates,SEX,SEX_BTSX,Both sexes,26.726973,26.7 [21.5-32.2],21.522059,32.161868
NCD_BMI_30A,"Obesity among adults, BMI ≥ 30 kg/m2 (age-standardized estimate) (%)",https://www.who.int/data/gho/data/indicators/indicator-details/GHO/prevalence-of-obesity-among-adults-bmi--30-%28age-standardized-estimate%29-%28-%29,2006,2006,2006,EMR,Eastern Mediterranean,ARE,United Arab Emirates,SEX,SEX_BTSX,Both sexes,28.960478,29.0 [26.8-31.2],26.764488,31.211904
NUTRITION_ANAEMIA_REPRODUCTIVEAGE_PREV,Prevalence of anaemia in women of reproductive age (aged 15-49) (%),https://www.who.int/data/gho/data/indicators/indicator-details/GHO/prevalence-of-anaemia-in-women-of-reproductive-age-%28-%29,2018,2018,2018,EMR,Eastern Mediterranean,ARE,United Arab Emirates,SEX,SEX_FMLE,Female,28,28.0 [13.5-50.2],13.5,50.2
NCD_BMI_PLUS1C,"Overweight among children and adolescents, BMI-for-age > +1 standard deviations above the median (crude estimate) (%)",https://www.who.int/data/gho/data/indicators/indicator-details/GHO/prevalence-of-overweight-among-children-and-adolescents-bmi-1-standard-deviations-above-the-median-%28crude-estimate%29-%28-%29,2018,2018,2018,EMR,Eastern Mediterranean,ARE,United Arab Emirates,SEX,SEX_BTSX,Both sexes,43.104321,43.1 [39.8-46.3],39.835402,46.34676
NUTRITION_ANAEMIA_CHILDREN_NUM,Number of children aged 6-59 months with anaemia (thousands),https://www.who.int/data/gho/data/indicators/indicator-details/GHO/anaemia-in-children-under-5-years-number,2000,2000,2000,EMR,Eastern Mediterranean,ARE,United Arab Emirates,SEVERITY,SEVERITY_MILD,Mild,36.8,36.8 [17.3-68.3],17.3,68.3
NCD_BMI_PLUS1C,"Overweight among children and adolescents, BMI-for-age > +1 standard deviations above the median (crude estimate) (%)",https://www.who.int/data/gho/data/indicators/indicator-details/GHO/prevalence-of-overweight-among-children-and-adolescents-bmi-1-standard-deviations-above-the-median-%28crude-estimate%29-%28-%29,2013,2013,2013,EMR,Eastern Mediterranean,ARE,United Arab Emirates,SEX,SEX_MLE,Male,42.747402,42.7 [38.1-47.3],38.139579,47.270197
NCD_BMI_30A,"Obesity among adults, BMI ≥ 30 kg/m2 (age-standardized estimate) (%)",https://www.who.int/data/gho/data/indicators/indicator-details/GHO/prevalence-of-obesity-among-adults-bmi--30-%28age-standardized-estimate%29-%28-%29,1990,1990,1990,EMR,Eastern Mediterranean,ARE,United Arab Emirates,SEX,SEX_FMLE,Female,30.858195,30.9 [26.1-35.9],26.052973,35.900781
NUTRITION_ANAEMIA_REPRODUCTIVEAGE_PREV,Prevalence of anaemia in women of reproductive age (aged 15-49) (%),https://www.who.int/data/gho/data/indicators/indicator-details/GHO/prevalence-of-anaemia-in-women-of-reproductive-age-%28-%29,2003,2003,2003,EMR,Eastern Mediterranean,ARE,United Arab Emirates,SEX,SEX_FMLE,Female,28.5,28.5 [13.9-50.4],13.9,50.4
NCD_BMI_25C,"Overweight among adults, BMI ≥ 25 kg/m2 (crude estimate) (%)",https://www.who.int/data/gho/data/indicators/indicator-details/GHO/prevalence-of-overweight-among-adults-bmi-greaterequal-25-%28crude-estimate%29-%28-%29,2004,2004,2004,EMR,Eastern Mediterranean,ARE,United Arab Emirates,SEX,SEX_BTSX,Both sexes,66.329002,66.3 [64.0-68.7],64.000374,68.706286
NCD_BMI_30A,"Obesity among adults, BMI ≥ 30 kg/m2 (age-standardized estimate) (%)",https://www.who.int/data/gho/data/indicators/indicator-details/GHO/prevalence-of-obesity-among-adults-bmi--30-%28age-standardized-estimate%29-%28-%29,2005,2005,2005,EMR,Eastern Mediterranean,ARE,United Arab Emirates,SEX,SEX_BTSX,Both sexes,28.491634,28.5 [26.3-30.8],26.254264,30.772403
NCD_BMI_18C,"Underweight among adults, BMI < 18.5 kg/m2 (crude estimate) (%)",https://www.who.int/data/gho/data/indicators/indicator-details/GHO/prevalence-of-underweight-among-adults-bmi-18-%28crude-estimate%29-%28-%29,2011,2011,2011,EMR,Eastern Mediterranean,ARE,United Arab Emirates,SEX,SEX_FMLE,Female,2.56353,2.6 [1.8-3.5],1.802071,3.4586113
NUTRITION_ANAEMIA_CHILDREN_NUM,Number of children aged 6-59 months with anaemia (thousands),https://www.who.int/data/gho/data/indicators/indicator-details/GHO/anaemia-in-children-under-5-years-number,2017,2017,2017,EMR,Eastern Mediterranean,ARE,United Arab Emirates,SEVERITY,SEVERITY_TOTAL,Total,99.1,99.1 [40.7-183],40.7,183
NCD_BMI_30A,"Obesity among adults, BMI ≥ 30 kg/m2 (age-standardized estimate) (%)",https://www.who.int/data/gho/data/indicators/indicator-details/GHO/prevalence-of-obesity-among-adults-bmi--30-%28age-standardized-estimate%29-%28-%29,2014,2014,2014,EMR,Eastern Mediterranean,ARE,United Arab Emirates,SEX,SEX_FMLE,Female,39.189917,39.2 [36.1-42.3],36.14926,42.25674
NCD_BMI_30C,"Obesity among adults, BMI ≥ 30 kg/m2 (crude estimate) (%)",https://www.who.int/data/gho/data/indicators/indicator-details/GHO/prevalence-of-obesity-among-adults-bmi--30-%28crude-estimate%29-%28-%29,2006,2006,2006,EMR,Eastern Mediterranean,ARE,United Arab Emirates,SEX,SEX_FMLE,Female,36.148199,36.1 [33.3-39.1],33.310279,39.054477
NCD_BMI_18A,"Underweight among adults, BMI < 18.5 kg/m2 (age-standardized estimate) (%)",https://www.who.int/data/gho/data/indicators/indicator-details/GHO/prevalence-of-underweight-among-adults-bmi-18-%28age-standardized-estimate%29-%28-%29,1997,1997,1997,EMR,Eastern Mediterranean,ARE,United Arab Emirates,SEX,SEX_FMLE,Female,2.7388645,2.7 [1.8-4.0],1.8011032,3.9501633
NCD_BMI_PLUS2C,"Obesity among children and adolescents, BMI-for-age > +2 standard deviations above the median (crude estimate) (%)",https://www.who.int/data/gho/data/indicators/indicator-details/GHO/prevalence-of-obesity-among-children-and-adolescents-bmi-2-standard-deviations-above-the-median-%28crude-estimate%29-%28-%29,2018,2018,2018,EMR,Eastern Mediterranean,ARE,United Arab Emirates,SEX,SEX_BTSX,Both sexes,18.167306,18.2 [12.1-24.8],12.136345,24.785401
NCD_BMI_18C,"Underweight among adults, BMI < 18.5 kg/m2 (crude estimate) (%)",https://www.who.int/data/gho/data/indicators/indicator-details/GHO/prevalence-of-underweight-among-adults-bmi-18-%28crude-estimate%29-%28-%29,1996,1996,1996,EMR,Eastern Mediterranean,ARE,United Arab Emirates,SEX,SEX_FMLE,Female,3.3040259,3.3 [2.1-4.8],2.1187572,4.8486728
NCD_BMI_PLUS1C,"Overweight among children and adolescents, BMI-for-age > +1 standard deviations above the median (crude estimate) (%)",https://www.who.int/data/gho/data/indicators/indicator-details/GHO/prevalence-of-overweight-among-children-and-adolescents-bmi-1-standard-deviations-above-the-median-%28crude-estimate%29-%28-%29,1994,1994,1994,EMR,Eastern Mediterranean,ARE,United Arab Emirates,SEX,SEX_FMLE,Female,26.441312,26.4 [17.9-35.9],17.893526,35.938028
NUTRITION_ANAEMIA_REPRODUCTIVEAGE_NUM,Number of women of reproductive age (aged 15-49 years) with anaemia (thousands),https://www.who.int/data/gho/data/indicators/indicator-details/GHO/anaemia-in-women-of-reproductive-age-number-%28in-thousands%29,2000,2000,2000,EMR,Eastern Mediterranean,ARE,United Arab Emirates,SEX,SEX_FMLE,Female,183,183.0 [79.8-335.8],79.8,335.8
NCD_BMI_25A,"Overweight among adults, BMI ≥ 25 kg/m2 (age-standardized estimate) (%)",https://www.who.int/data/gho/data/indicators/indicator-details/GHO/prevalence-of-overweight-among-adults-bmi--25-%28age-standardized-estimate%29-%28-%29,1995,1995,1995,EMR,Eastern Mediterranean,ARE,United Arab Emirates,SEX,SEX_BTSX,Both sexes,60.622245,60.6 [57.4-63.8],57.408637,63.774538
NCD_BMI_18A,"Underweight among adults, BMI < 18.5 kg/m2 (age-standardized estimate) (%)",https://www.who.int/data/gho/data/indicators/indicator-details/GHO/prevalence-of-underweight-among-adults-bmi-18-%28age-standardized-estimate%29-%28-%29,1992,1992,1992,EMR,Eastern Mediterranean,ARE,United Arab Emirates,SEX,SEX_BTSX,Both sexes,4.2910665,4.3 [2.8-6.1],2.8415984,6.1150607
NCD_BMI_18C,"Underweight among adults, BMI < 18.5 kg/m2 (crude estimate) (%)",https://www.who.int/data/gho/data/indicators/indicator-details/GHO/prevalence-of-underweight-among-adults-bmi-18-%28crude-estimate%29-%28-%29,2019,2019,2019,EMR,Eastern Mediterranean,ARE,United Arab Emirates,SEX,SEX_BTSX,Both sexes,2.5998464,2.6 [1.8-3.6],1.7986683,3.5791531
NCD_BMI_25C,"Overweight among adults, BMI ≥ 25 kg/m2 (crude estimate) (%)",https://www.who.int/data/gho/data/indicators/indicator-details/GHO/prevalence-of-overweight-among-adults-bmi-greaterequal-25-%28crude-estimate%29-%28-%29,2001,2001,2001,EMR,Eastern Mediterranean,ARE,United Arab Emirates,SEX,SEX_FMLE,Female,62.596452,62.6 [59.7-65.5],59.664369,65.518719
NCD_BMI_25C,"Overweight among adults, BMI ≥ 25 kg/m2 (crude estimate) (%)",https://www.who.int/data/gho/data/indicators/indicator-details/GHO/prevalence-of-overweight-among-adults-bmi-greaterequal-25-%28crude-estimate%29-%28-%29,2003,2003,2003,EMR,Eastern Mediterranean,ARE,United Arab Emirates,SEX,SEX_FMLE,Female,64.003414,64.0 [61.3-66.7],61.267221,66.743857
NCD_BMI_PLUS1C,"Overweight among children and adolescents, BMI-for-age > +1 standard deviations above the median (crude estimate) (%)",https://www.who.int/data/gho/data/indicators/indicator-details/GHO/prevalence-of-overweight-among-children-and-adolescents-bmi-1-standard-deviations-above-the-median-%28crude-estimate%29-%28-%29,1998,1998,1998,EMR,Eastern Mediterranean,ARE,United Arab Emirates,SEX,SEX_MLE,Male,28.686544,28.7 [20.0-38.5],19.997996,38.468564
NCD_BMI_PLUS2C,"Obesity among children and adolescents, BMI-for-age > +2 standard deviations above the median (crude estimate) (%)",https://www.who.int/data/gho/data/indicators/indicator-details/GHO/prevalence-of-obesity-among-children-and-adolescents-bmi-2-standard-deviations-above-the-median-%28crude-estimate%29-%28-%29,2011,2011,2011,EMR,Eastern Mediterranean,ARE,United Arab Emirates,SEX,SEX_BTSX,Both sexes,17.73411,17.7 [15.8-19.7],15.813279,19.686274
NCD_BMI_18A,"Underweight among adults, BMI < 18.5 kg/m2 (age-standardized estimate) (%)",https://www.who.int/data/gho/data/indicators/indicator-details/GHO/prevalence-of-underweight-among-adults-bmi-18-%28age-standardized-estimate%29-%28-%29,2016,2016,2016,EMR,Eastern Mediterranean,ARE,United Arab Emirates,SEX,SEX_MLE,Male,2.8410137,2.8 [1.8-4.1],1.8130736,4.1249562
NCD_BMI_PLUS1C,"Overweight among children and adolescents, BMI-for-age > +1 standard deviations above the median (crude estimate) (%)",https://www.who.int/data/gho/data/indicators/indicator-details/GHO/prevalence-of-overweight-among-children-and-adolescents-bmi-1-standard-deviations-above-the-median-%28crude-estimate%29-%28-%29,2006,2006,2006,EMR,Eastern Mediterranean,ARE,United Arab Emirates,SEX,SEX_MLE,Male,35.485527,35.5 [27.1-44.6],27.053019,44.582573
NCD_BMI_25C,"Overweight among adults, BMI ≥ 25 kg/m2 (crude estimate) (%)",https://www.who.int/data/gho/data/indicators/indicator-details/GHO/prevalence-of-overweight-among-adults-bmi-greaterequal-25-%28crude-estimate%29-%28-%29,2000,2000,2000,EMR,Eastern Mediterranean,ARE,United Arab Emirates,SEX,SEX_MLE,Male,63.252842,63.3 [59.9-66.6],59.895068,66.630942
NCD_BMI_30A,"Obesity among adults, BMI ≥ 30 kg/m2 (age-standardized estimate) (%)",https://www.who.int/data/gho/data/indicators/indicator-details/GHO/prevalence-of-obesity-among-adults-bmi--30-%28age-standardized-estimate%29-%28-%29,2008,2008,2008,EMR,Eastern Mediterranean,ARE,United Arab Emirates,SEX,SEX_BTSX,Both sexes,29.780784,29.8 [27.6-32.0],27.599064,32.005855
NCD_BMI_PLUS2C,"Obesity among children and adolescents, BMI-for-age > +2 standard deviations above the median (crude estimate) (%)",https://www.who.int/data/gho/data/indicators/indicator-details/GHO/prevalence-of-obesity-among-children-and-adolescents-bmi-2-standard-deviations-above-the-median-%28crude-estimate%29-%28-%29,1999,1999,1999,EMR,Eastern Mediterranean,ARE,United Arab Emirates,SEX,SEX_FMLE,Female,10.335077,10.3 [6.6-14.8],6.6060998,14.830267
NUTRITION_ANAEMIA_CHILDREN_NUM,Number of children aged 6-59 months with anaemia (thousands),https://www.who.int/data/gho/data/indicators/indicator-details/GHO/anaemia-in-children-under-5-years-number,2017,2017,2017,EMR,Eastern Mediterranean,ARE,United Arab Emirates,SEVERITY,SEVERITY_MILD,Mild,74.7,74.7 [32.8-132],32.8,132
NCD_BMI_18A,"Underweight among adults, BMI < 18.5 kg/m2 (age-standardized estimate) (%)",https://www.who.int/data/gho/data/indicators/indicator-details/GHO/prevalence-of-underweight-among-adults-bmi-18-%28age-standardized-estimate%29-%28-%29,2008,2008,2008,EMR,Eastern Mediterranean,ARE,United Arab Emirates,SEX,SEX_MLE,Male,3.0507114,3.1 [2.0-4.3],2.0478059,4.2546481
NCD_BMI_18C,"Underweight among adults, BMI < 18.5 kg/m2 (crude estimate) (%)",https://www.who.int/data/gho/data/indicators/indicator-details/GHO/prevalence-of-underweight-among-adults-bmi-18-%28crude-estimate%29-%28-%29,2004,2004,2004,EMR,Eastern Mediterranean,ARE,United Arab Emirates,SEX,SEX_FMLE,Female,2.7370173,2.7 [1.9-3.7],1.9310405,3.7285011
NCD_BMI_PLUS2C,"Obesity among children and adolescents, BMI-for-age > +2 standard deviations above the median (crude estimate) (%)",https://www.who.int/data/gho/data/indicators/indicator-details/GHO/prevalence-of-obesity-among-children-and-adolescents-bmi-2-standard-deviations-above-the-median-%28crude-estimate%29-%28-%29,1991,1991,1991,EMR,Eastern Mediterranean,ARE,United Arab Emirates,SEX,SEX_FMLE,Female,7.4438415,7.4 [2.5-15.5],2.5473509,15.527469
NCD_BMI_25C,"Overweight among adults, BMI ≥ 25 kg/m2 (crude estimate) (%)",https://www.who.int/data/gho/data/indicators/indicator-details/GHO/prevalence-of-overweight-among-adults-bmi-greaterequal-25-%28crude-estimate%29-%28-%29,2021,2021,2021,EMR,Eastern Mediterranean,ARE,United Arab Emirates,SEX,SEX_FMLE,Female,66.67977,66.7 [62.4-70.9],62.418109,70.912677
NCD_BMI_18A,"Underweight among adults, BMI < 18.5 kg/m2 (age-standardized estimate) (%)",https://www.who.int/data/gho/data/indicators/indicator-details/GHO/prevalence-of-underweight-among-adults-bmi-18-%28age-standardized-estimate%29-%28-%29,2022,2022,2022,EMR,Eastern Mediterranean,ARE,United Arab Emirates,SEX,SEX_FMLE,Female,2.7991422,2.8 [1.6-4.3],1.6394984,4.3312471
NCD_BMI_PLUS2C,"Obesity among children and adolescents, BMI-for-age > +2 standard deviations above the median (crude estimate) (%)",https://www.who.int/data/gho/data/indicators/indicator-details/GHO/prevalence-of-obesity-among-children-and-adolescents-bmi-2-standard-deviations-above-the-median-%28crude-estimate%29-%28-%29,2009,2009,2009,EMR,Eastern Mediterranean,ARE,United Arab Emirates,SEX,SEX_FMLE,Female,13.404767,13.4 [10.0-17.5],10.034604,17.49672
NCD_BMI_PLUS1C,"Overweight among children and adolescents, BMI-for-age > +1 standard deviations above the median (crude estimate) (%)",https://www.who.int/data/gho/data/indicators/indicator-details/GHO/prevalence-of-overweight-among-children-and-adolescents-bmi-1-standard-deviations-above-the-median-%28crude-estimate%29-%28-%29,1998,1998,1998,EMR,Eastern Mediterranean,ARE,United Arab Emirates,SEX,SEX_FMLE,Female,28.716245,28.7 [23.4-34.3],23.4184,34.334841
NCD_BMI_PLUS1C,"Overweight among children and adolescents, BMI-for-age > +1 standard deviations above the median (crude estimate) (%)",https://www.who.int/data/gho/data/indicators/indicator-details/GHO/prevalence-of-overweight-among-children-and-adolescents-bmi-1-standard-deviations-above-the-median-%28crude-estimate%29-%28-%29,2011,2011,2011,EMR,Eastern Mediterranean,ARE,United Arab Emirates,SEX,SEX_FMLE,Female,35.578468,35.6 [31.2-40.1],31.244993,40.078369
NCD_BMI_PLUS1C,"Overweight among children and adolescents, BMI-for-age > +1 standard deviations above the median (crude estimate) (%)",https://www.who.int/data/gho/data/indicators/indicator-details/GHO/prevalence-of-overweight-among-children-and-adolescents-bmi-1-standard-deviations-above-the-median-%28crude-estimate%29-%28-%29,1994,1994,1994,EMR,Eastern Mediterranean,ARE,United Arab Emirates,SEX,SEX_MLE,Male,29.298896,29.3 [22.3-36.6],22.255749,36.556029
NCD_BMI_PLUS2C,"Obesity among children and adolescents, BMI-for-age > +2 standard deviations above the median (crude estimate) (%)",https://www.who.int/data/gho/data/indicators/indicator-details/GHO/prevalence-of-obesity-among-children-and-adolescents-bmi-2-standard-deviations-above-the-median-%28crude-estimate%29-%28-%29,2018,2018,2018,EMR,Eastern Mediterranean,ARE,United Arab Emirates,SEX,SEX_BTSX,Both sexes,20.016909,20.0 [17.1-23.0],17.124681,22.959015
NCD_BMI_25A,"Overweight among adults, BMI ≥ 25 kg/m2 (age-standardized estimate) (%)",https://www.who.int/data/gho/data/indicators/indicator-details/GHO/prevalence-of-overweight-among-adults-bmi--25-%28age-standardized-estimate%29-%28-%29,2006,2006,2006,EMR,Eastern Mediterranean,ARE,United Arab Emirates,SEX,SEX_FMLE,Female,68.254006,68.3 [65.7-70.8],65.685064,70.750988
NCD_BMI_18C,"Underweight among adults, BMI < 18.5 kg/m2 (crude estimate) (%)",https://www.who.int/data/gho/data/indicators/indicator-details/GHO/prevalence-of-underweight-among-adults-bmi-18-%28crude-estimate%29-%28-%29,2017,2017,2017,EMR,Eastern Mediterranean,ARE,United Arab Emirates,SEX,SEX_BTSX,Both sexes,2.5574969,2.6 [1.8-3.5],1.8206419,3.4542482
NCD_BMI_30A,"Obesity among adults, BMI ≥ 30 kg/m2 (age-standardized estimate) (%)",https://www.who.int/data/gho/data/indicators/indicator-details/GHO/prevalence-of-obesity-among-adults-bmi--30-%28age-standardized-estimate%29-%28-%29,2022,2022,2022,EMR,Eastern Mediterranean,ARE,United Arab Emirates,SEX,SEX_MLE,Male,27.928093,27.9 [22.8-33.3],22.786719,33.278644
NUTRITION_ANAEMIA_CHILDREN_PREV,Prevalence of anaemia in children aged 6-59 months (%),https://www.who.int/data/gho/data/indicators/indicator-details/GHO/anaemia-in-non-pregnant-women-number-%28in-thousands%29,2002,2002,2002,EMR,Eastern Mediterranean,ARE,United Arab Emirates,SEVERITY,SEVERITY_SEVERE,Severe,0.1,0.1 [0.0-0.6],0,0.6
NCD_BMI_MINUS2C,"Thinness among children and adolescents, BMI-for-age < -2 standard deviations below the median (%)",https://www.who.int/data/gho/data/indicators/indicator-details/GHO/prevalence-of-thinness-among-children-and-adolescents-bmi--2-standard-deviations-below-the-median-%28crude-estimate%29-%28-%29,1991,1991,1991,EMR,Eastern Mediterranean,ARE,United Arab Emirates,SEX,SEX_MLE,Male,4.3130387,4.3 [1.4-9.6],1.3592785,9.5653281
NUTRITION_ANAEMIA_CHILDREN_PREV,Prevalence of anaemia in children aged 6-59 months (%),https://www.who.int/data/gho/data/indicators/indicator-details/GHO/anaemia-in-non-pregnant-women-number-%28in-thousands%29,2005,2005,2005,EMR,Eastern Mediterranean,ARE,United Arab Emirates,SEVERITY,SEVERITY_TOTAL,Total,18.7,18.7 [8.5-35.3],8.5,35.3
NCD_BMI_25C,"Overweight among adults, BMI ≥ 25 kg/m2 (crude estimate) (%)",https://www.who.int/data/gho/data/indicators/indicator-details/GHO/prevalence-of-overweight-among-adults-bmi-greaterequal-25-%28crude-estimate%29-%28-%29,2000,2000,2000,EMR,Eastern Mediterranean,ARE,United Arab Emirates,SEX,SEX_FMLE,Female,61.982828,62.0 [58.9-65.0],58.922988,65.002424
NCD_BMI_MINUS2C,"Thinness among children and adolescents, BMI-for-age < -2 standard deviations below the median (%)",https://www.who.int/data/gho/data/indicators/indicator-details/GHO/prevalence-of-thinness-among-children-and-adolescents-bmi--2-standard-deviations-below-the-median-%28crude-estimate%29-%28-%29,2010,2010,2010,EMR,Eastern Mediterranean,ARE,United Arab Emirates,SEX,SEX_BTSX,Both sexes,3.0460779,3.0 [1.6-5.2],1.6121564,5.2092511
NCD_BMI_30A,"Obesity among adults, BMI ≥ 30 kg/m2 (age-standardized estimate) (%)",https://www.who.int/data/gho/data/indicators/indicator-details/GHO/prevalence-of-obesity-among-adults-bmi--30-%28age-standardized-estimate%29-%28-%29,2017,2017,2017,EMR,Eastern Mediterranean,ARE,United Arab Emirates,SEX,SEX_BTSX,Both sexes,32.012638,32.0 [29.5-34.6],29.484457,34.638432
NCD_BMI_MINUS2C,"Thinness among children and adolescents, BMI-for-age < -2 standard deviations below the median (%)",https://www.who.int/data/gho/data/indicators/indicator-details/GHO/prevalence-of-thinness-among-children-and-adolescents-bmi--2-standard-deviations-below-the-median-%28crude-estimate%29-%28-%29,2012,2012,2012,EMR,Eastern Mediterranean,ARE,United Arab Emirates,SEX,SEX_FMLE,Female,2.8815573,2.9 [1.1-6.1],1.0739106,6.0604107
NCD_BMI_PLUS1C,"Overweight among children and adolescents, BMI-for-age > +1 standard deviations above the median (crude estimate) (%)",https://www.who.int/data/gho/data/indicators/indicator-details/GHO/prevalence-of-overweight-among-children-and-adolescents-bmi-1-standard-deviations-above-the-median-%28crude-estimate%29-%28-%29,2000,2000,2000,EMR,Eastern Mediterranean,ARE,United Arab Emirates,SEX,SEX_FMLE,Female,29.835731,29.8 [25.3-34.6],25.340995,34.560466
NUTRITION_ANAEMIA_CHILDREN_PREV,Prevalence of anaemia in children aged 6-59 months (%),https://www.who.int/data/gho/data/indicators/indicator-details/GHO/anaemia-in-non-pregnant-women-number-%28in-thousands%29,2015,2015,2015,EMR,Eastern Mediterranean,ARE,United Arab Emirates,SEVERITY,SEVERITY_TOTAL,Total,19.3,19.3 [8.5-35.0],8.5,35
NCD_BMI_MINUS2C,"Thinness among children and adolescents, BMI-for-age < -2 standard deviations below the median (%)",https://www.who.int/data/gho/data/indicators/indicator-details/GHO/prevalence-of-thinness-among-children-and-adolescents-bmi--2-standard-deviations-below-the-median-%28crude-estimate%29-%28-%29,1990,1990,1990,EMR,Eastern Mediterranean,ARE,United Arab Emirates,SEX,SEX_FMLE,Female,4.474574,4.5 [1.4-10.1],1.3762666,10.059713
NCD_BMI_18C,"Underweight among adults, BMI < 18.5 kg/m2 (crude estimate) (%)",https://www.who.int/data/gho/data/indicators/indicator-details/GHO/prevalence-of-underweight-among-adults-bmi-18-%28crude-estimate%29-%28-%29,1997,1997,1997,EMR,Eastern Mediterranean,ARE,United Arab Emirates,SEX,SEX_BTSX,Both sexes,3.619086,3.6 [2.5-5.0],2.5196619,5.0075751
NCD_BMI_PLUS1C,"Overweight among children and adolescents, BMI-for-age > +1 standard deviations above the median (crude estimate) (%)",https://www.who.int/data/gho/data/indicators/indicator-details/GHO/prevalence-of-overweight-among-children-and-adolescents-bmi-1-standard-deviations-above-the-median-%28crude-estimate%29-%28-%29,2008,2008,2008,EMR,Eastern Mediterranean,ARE,United Arab Emirates,SEX,SEX_BTSX,Both sexes,37.371647,37.4 [34.2-40.5],34.229133,40.488082
NCD_BMI_MINUS2C,"Thinness among children and adolescents, BMI-for-age < -2 standard deviations below the median (%)",https://www.who.int/data/gho/data/indicators/indicator-details/GHO/prevalence-of-thinness-among-children-and-adolescents-bmi--2-standard-deviations-below-the-median-%28crude-estimate%29-%28-%29,2007,2007,2007,EMR,Eastern Mediterranean,ARE,United Arab Emirates,SEX,SEX_FMLE,Female,3.1260628,3.1 [2.2-4.3],2.1889759,4.2659108
NUTRITION_ANAEMIA_CHILDREN_PREV,Prevalence of anaemia in children aged 6-59 months (%),https://www.who.int/data/gho/data/indicators/indicator-details/GHO/anaemia-in-non-pregnant-women-number-%28in-thousands%29,2016,2016,2016,EMR,Eastern Mediterranean,ARE,United Arab Emirates,SEVERITY,SEVERITY_MODERATE,Moderate,4.7,4.7 [1.3-11.9],1.3,11.9
NCD_BMI_30C,"Obesity among adults, BMI ≥ 30 kg/m2 (crude estimate) (%)",https://www.who.int/data/gho/data/indicators/indicator-details/GHO/prevalence-of-obesity-among-adults-bmi--30-%28crude-estimate%29-%28-%29,2020,2020,2020,EMR,Eastern Mediterranean,ARE,United Arab Emirates,SEX,SEX_FMLE,Female,35.252571,35.3 [31.2-39.4],31.222269,39.366326
NCD_BMI_PLUS2C,"Obesity among children and adolescents, BMI-for-age > +2 standard deviations above the median (crude estimate) (%)",https://www.who.int/data/gho/data/indicators/indicator-details/GHO/prevalence-of-obesity-among-children-and-adolescents-bmi-2-standard-deviations-above-the-median-%28crude-estimate%29-%28-%29,2008,2008,2008,EMR,Eastern Mediterranean,ARE,United Arab Emirates,SEX,SEX_MLE,Male,19.620392,19.6 [16.7-22.7],16.659696,22.677332
NCD_BMI_PLUS2C,"Obesity among children and adolescents, BMI-for-age > +2 standard deviations above the median (crude estimate) (%)",https://www.who.int/data/gho/data/indicators/indicator-details/GHO/prevalence-of-obesity-among-children-and-adolescents-bmi-2-standard-deviations-above-the-median-%28crude-estimate%29-%28-%29,2001,2001,2001,EMR,Eastern Mediterranean,ARE,United Arab Emirates,SEX,SEX_MLE,Male,13.735187,13.7 [6.9-22.7],6.9120482,22.743475
NCD_BMI_PLUS2C,"Obesity among children and adolescents, BMI-for-age > +2 standard deviations above the median (crude estimate) (%)",https://www.who.int/data/gho/data/indicators/indicator-details/GHO/prevalence-of-obesity-among-children-and-adolescents-bmi-2-standard-deviations-above-the-median-%28crude-estimate%29-%28-%29,2012,2012,2012,EMR,Eastern Mediterranean,ARE,United Arab Emirates,SEX,SEX_BTSX,Both sexes,18.015376,18.0 [16.1-20.0],16.06098,19.989501
NCD_BMI_MINUS2C,"Thinness among children and adolescents, BMI-for-age < -2 standard deviations below the median (%)",https://www.who.int/data/gho/data/indicators/indicator-details/GHO/prevalence-of-thinness-among-children-and-adolescents-bmi--2-standard-deviations-below-the-median-%28crude-estimate%29-%28-%29,2015,2015,2015,EMR,Eastern Mediterranean,ARE,United Arab Emirates,SEX,SEX_FMLE,Female,3.0147284,3.0 [2.1-4.2],2.072729,4.1760352
NCD_BMI_PLUS1C,"Overweight among children and adolescents, BMI-for-age > +1 standard deviations above the median (crude estimate) (%)",https://www.who.int/data/gho/data/indicators/indicator-details/GHO/prevalence-of-overweight-among-children-and-adolescents-bmi-1-standard-deviations-above-the-median-%28crude-estimate%29-%28-%29,2004,2004,2004,EMR,Eastern Mediterranean,ARE,United Arab Emirates,SEX,SEX_BTSX,Both sexes,33.167142,33.2 [27.2-39.4],27.219388,39.443573
NCD_BMI_PLUS1C,"Overweight among children and adolescents, BMI-for-age > +1 standard deviations above the median (crude estimate) (%)",https://www.who.int/data/gho/data/indicators/indicator-details/GHO/prevalence-of-overweight-among-children-and-adolescents-bmi-1-standard-deviations-above-the-median-%28crude-estimate%29-%28-%29,2012,2012,2012,EMR,Eastern Mediterranean,ARE,United Arab Emirates,SEX,SEX_BTSX,Both sexes,39.22711,39.2 [36.1-42.4],36.142141,42.376021
NCD_BMI_PLUS1C,"Overweight among children and adolescents, BMI-for-age > +1 standard deviations above the median (crude estimate) (%)",https://www.who.int/data/gho/data/indicators/indicator-details/GHO/prevalence-of-overweight-among-children-and-adolescents-bmi-1-standard-deviations-above-the-median-%28crude-estimate%29-%28-%29,1990,1990,1990,EMR,Eastern Mediterranean,ARE,United Arab Emirates,SEX,SEX_BTSX,Both sexes,23.691723,23.7 [16.9-31.1],16.880842,31.136361
NCD_BMI_PLUS1C,"Overweight among children and adolescents, BMI-for-age > +1 standard deviations above the median (crude estimate) (%)",https://www.who.int/data/gho/data/indicators/indicator-details/GHO/prevalence-of-overweight-among-children-and-adolescents-bmi-1-standard-deviations-above-the-median-%28crude-estimate%29-%28-%29,1997,1997,1997,EMR,Eastern Mediterranean,ARE,United Arab Emirates,SEX,SEX_BTSX,Both sexes,30.285749,30.3 [26.0-34.5],26.038861,34.495461
NCD_BMI_PLUS2C,"Obesity among children and adolescents, BMI-for-age > +2 standard deviations above the median (crude estimate) (%)",https://www.who.int/data/gho/data/indicators/indicator-details/GHO/prevalence-of-obesity-among-children-and-adolescents-bmi-2-standard-deviations-above-the-median-%28crude-estimate%29-%28-%29,2003,2003,2003,EMR,Eastern Mediterranean,ARE,United Arab Emirates,SEX,SEX_BTSX,Both sexes,13.151059,13.2 [8.4-18.8],8.3866559,18.763055
NCD_BMI_PLUS2C,"Obesity among children and adolescents, BMI-for-age > +2 standard deviations above the median (crude estimate) (%)",https://www.who.int/data/gho/data/indicators/indicator-details/GHO/prevalence-of-obesity-among-children-and-adolescents-bmi-2-standard-deviations-above-the-median-%28crude-estimate%29-%28-%29,1991,1991,1991,EMR,Eastern Mediterranean,ARE,United Arab Emirates,SEX,SEX_MLE,Male,9.46545,9.5 [4.1-16.5],4.1221406,16.512798
NCD_BMI_18C,"Underweight among adults, BMI < 18.5 kg/m2 (crude estimate) (%)",https://www.who.int/data/gho/data/indicators/indicator-details/GHO/prevalence-of-underweight-among-adults-bmi-18-%28crude-estimate%29-%28-%29,2009,2009,2009,EMR,Eastern Mediterranean,ARE,United Arab Emirates,SEX,SEX_FMLE,Female,2.5058221,2.5 [1.8-3.4],1.7800219,3.3799738
NCD_BMI_MINUS2C,"Thinness among children and adolescents, BMI-for-age < -2 standard deviations below the median (%)",https://www.who.int/data/gho/data/indicators/indicator-details/GHO/prevalence-of-thinness-among-children-and-adolescents-bmi--2-standard-deviations-below-the-median-%28crude-estimate%29-%28-%29,1992,1992,1992,EMR,Eastern Mediterranean,ARE,United Arab Emirates,SEX,SEX_FMLE,Female,4.4890985,4.5 [2.3-7.7],2.2848755,7.722269
NCD_BMI_18C,"Underweight among adults, BMI < 18.5 kg/m2 (crude estimate) (%)",https://www.who.int/data/gho/data/indicators/indicator-details/GHO/prevalence-of-underweight-among-adults-bmi-18-%28crude-estimate%29-%28-%29,2014,2014,2014,EMR,Eastern Mediterranean,ARE,United Arab Emirates,SEX,SEX_FMLE,Female,2.6430668,2.6 [1.8-3.6],1.8192565,3.6239665
NCD_BMI_18C,"Underweight among adults, BMI < 18.5 kg/m2 (crude estimate) (%)",https://www.who.int/data/gho/data/indicators/indicator-details/GHO/prevalence-of-underweight-among-adults-bmi-18-%28crude-estimate%29-%28-%29,2021,2021,2021,EMR,Eastern Mediterranean,ARE,United Arab Emirates,SEX,SEX_BTSX,Both sexes,2.6590206,2.7 [1.8-3.8],1.764437,3.8278677
NCD_BMI_18C,"Underweight among adults, BMI < 18.5 kg/m2 (crude estimate) (%)",https://www.who.int/data/gho/data/indicators/indicator-details/GHO/prevalence-of-underweight-among-adults-bmi-18-%28crude-estimate%29-%28-%29,2016,2016,2016,EMR,Eastern Mediterranean,ARE,United Arab Emirates,SEX,SEX_FMLE,Female,2.704604,2.7 [1.8-3.8],1.8276284,3.7612017
NCD_BMI_30C,"Obesity among adults, BMI ≥ 30 kg/m2 (crude estimate) (%)",https://www.who.int/data/gho/data/indicators/indicator-details/GHO/prevalence-of-obesity-among-adults-bmi--30-%28crude-estimate%29-%28-%29,2003,2003,2003,EMR,Eastern Mediterranean,ARE,United Arab Emirates,SEX,SEX_BTSX,Both sexes,26.461509,26.5 [24.2-28.8],24.206944,28.848934
NUTRITION_ANAEMIA_CHILDREN_NUM,Number of children aged 6-59 months with anaemia (thousands),https://www.who.int/data/gho/data/indicators/indicator-details/GHO/anaemia-in-children-under-5-years-number,2017,2017,2017,EMR,Eastern Mediterranean,ARE,United Arab Emirates,SEX,SEX_BTSX,Both sexes,99.095,99 [41-183],41,183
NCD_BMI_PLUS1C,"Overweight among children and adolescents, BMI-for-age > +1 standard deviations above the median (crude estimate) (%)",https://www.who.int/data/gho/data/indicators/indicator-details/GHO/prevalence-of-overweight-among-children-and-adolescents-bmi-1-standard-deviations-above-the-median-%28crude-estimate%29-%28-%29,2019,2019,2019,EMR,Eastern Mediterranean,ARE,United Arab Emirates,SEX,SEX_BTSX,Both sexes,43.507683,43.5 [40.0-47.1],39.966238,47.088578
NCD_BMI_MINUS2C,"Thinness among children and adolescents, BMI-for-age < -2 standard deviations below the median (%)",https://www.who.int/data/gho/data/indicators/indicator-details/GHO/prevalence-of-thinness-among-children-and-adolescents-bmi--2-standard-deviations-below-the-median-%28crude-estimate%29-%28-%29,2000,2000,2000,EMR,Eastern Mediterranean,ARE,United Arab Emirates,SEX,SEX_FMLE,Female,3.3808891,3.4 [1.9-5.5],1.9304099,5.4613214
NCD_BMI_MINUS2C,"Thinness among children and adolescents, BMI-for-age < -2 standard deviations below the median (%)",https://www.who.int/data/gho/data/indicators/indicator-details/GHO/prevalence-of-thinness-among-children-and-adolescents-bmi--2-standard-deviations-below-the-median-%28crude-estimate%29-%28-%29,2003,2003,2003,EMR,Eastern Mediterranean,ARE,United Arab Emirates,SEX,SEX_MLE,Male,3.4111418,3.4 [1.3-7.3],1.2756804,7.2557613
NCD_BMI_MINUS2C,"Thinness among children and adolescents, BMI-for-age < -2 standard deviations below the median (%)",https://www.who.int/data/gho/data/indicators/indicator-details/GHO/prevalence-of-thinness-among-children-and-adolescents-bmi--2-standard-deviations-below-the-median-%28crude-estimate%29-%28-%29,2022,2022,2022,EMR,Eastern Mediterranean,ARE,United Arab Emirates,SEX,SEX_BTSX,Both sexes,4.1077837,4.1 [2.6-6.1],2.5518786,6.0804229
NCD_BMI_30A,"Obesity among adults, BMI ≥ 30 kg/m2 (age-standardized estimate) (%)",https://www.who.int/data/gho/data/indicators/indicator-details/GHO/prevalence-of-obesity-among-adults-bmi--30-%28age-standardized-estimate%29-%28-%29,2014,2014,2014,EMR,Eastern Mediterranean,ARE,United Arab Emirates,SEX,SEX_BTSX,Both sexes,31.604528,31.6 [29.3-33.9],29.337144,33.888942
NCD_BMI_MINUS2C,"Thinness among children and adolescents, BMI-for-age < -2 standard deviations below the median (%)",https://www.who.int/data/gho/data/indicators/indicator-details/GHO/prevalence-of-thinness-among-children-and-adolescents-bmi--2-standard-deviations-below-the-median-%28crude-estimate%29-%28-%29,1992,1992,1992,EMR,Eastern Mediterranean,ARE,United Arab Emirates,SEX,SEX_FMLE,Female,4.2226344,4.2 [1.4-9.4],1.352647,9.4287962
NCD_BMI_PLUS1C,"Overweight among children and adolescents, BMI-for-age > +1 standard deviations above the median (crude estimate) (%)",https://www.who.int/data/gho/data/indicators/indicator-details/GHO/prevalence-of-overweight-among-children-and-adolescents-bmi-1-standard-deviations-above-the-median-%28crude-estimate%29-%28-%29,2000,2000,2000,EMR,Eastern Mediterranean,ARE,United Arab Emirates,SEX,SEX_FMLE,Female,29.876316,29.9 [24.9-35.1],24.88827,35.145089
NCD_BMI_PLUS2C,"Obesity among children and adolescents, BMI-for-age > +2 standard deviations above the median (crude estimate) (%)",https://www.who.int/data/gho/data/indicators/indicator-details/GHO/prevalence-of-obesity-among-children-and-adolescents-bmi-2-standard-deviations-above-the-median-%28crude-estimate%29-%28-%29,1999,1999,1999,EMR,Eastern Mediterranean,ARE,United Arab Emirates,SEX,SEX_BTSX,Both sexes,11.421227,11.4 [6.7-17.1],6.7191787,17.076807
NCD_BMI_25C,"Overweight among adults, BMI ≥ 25 kg/m2 (crude estimate) (%)",https://www.who.int/data/gho/data/indicators/indicator-details/GHO/prevalence-of-overweight-among-adults-bmi-greaterequal-25-%28crude-estimate%29-%28-%29,2018,2018,2018,EMR,Eastern Mediterranean,ARE,United Arab Emirates,SEX,SEX_MLE,Male,71.941274,71.9 [68.5-75.3],68.473768,75.322181
NUTRITION_ANAEMIA_CHILDREN_PREV,Prevalence of anaemia in children aged 6-59 months (%),https://www.who.int/data/gho/data/indicators/indicator-details/GHO/anaemia-in-non-pregnant-women-number-%28in-thousands%29,2013,2013,2013,EMR,Eastern Mediterranean,ARE,United Arab Emirates,SEVERITY,SEVERITY_TOTAL,Total,19.4,19.4 [8.9-34.8],8.9,34.8
NCD_BMI_18C,"Underweight among adults, BMI < 18.5 kg/m2 (crude estimate) (%)",https://www.who.int/data/gho/data/indicators/indicator-details/GHO/prevalence-of-underweight-among-adults-bmi-18-%28crude-estimate%29-%28-%29,2020,2020,2020,EMR,Eastern Mediterranean,ARE,United Arab Emirates,SEX,SEX_BTSX,Both sexes,2.627347,2.6 [1.8-3.7],1.7853452,3.690682
NCD_BMI_25A,"Overweight among adults, BMI ≥ 25 kg/m2 (age-standardized estimate) (%)",https://www.who.int/data/gho/data/indicators/indicator-details/GHO/prevalence-of-overweight-among-adults-bmi--25-%28age-standardized-estimate%29-%28-%29,1993,1993,1993,EMR,Eastern Mediterranean,ARE,United Arab Emirates,SEX,SEX_BTSX,Both sexes,58.829546,58.8 [55.2-62.4],55.155647,62.424082
NCD_BMI_MINUS2C,"Thinness among children and adolescents, BMI-for-age < -2 standard deviations below the median (%)",https://www.who.int/data/gho/data/indicators/indicator-details/GHO/prevalence-of-thinness-among-children-and-adolescents-bmi--2-standard-deviations-below-the-median-%28crude-estimate%29-%28-%29,1990,1990,1990,EMR,Eastern Mediterranean,ARE,United Arab Emirates,SEX,SEX_FMLE,Female,4.646112,4.6 [2.0-8.9],2.0417215,8.8845372
NCD_BMI_PLUS2C,"Obesity among children and adolescents, BMI-for-age > +2 standard deviations above the median (crude estimate) (%)",https://www.who.int/data/gho/data/indicators/indicator-details/GHO/prevalence-of-obesity-among-children-and-adolescents-bmi-2-standard-deviations-above-the-median-%28crude-estimate%29-%28-%29,2017,2017,2017,EMR,Eastern Mediterranean,ARE,United Arab Emirates,SEX,SEX_MLE,Male,22.033933,22.0 [17.0-27.5],17.02019,27.453351
NCD_BMI_PLUS1C,"Overweight among children and adolescents, BMI-for-age > +1 standard deviations above the median (crude estimate) (%)",https://www.who.int/data/gho/data/indicators/indicator-details/GHO/prevalence-of-overweight-among-children-and-adolescents-bmi-1-standard-deviations-above-the-median-%28crude-estimate%29-%28-%29,1994,1994,1994,EMR,Eastern Mediterranean,ARE,United Arab Emirates,SEX,SEX_FMLE,Female,26.532561,26.5 [20.2-33.3],20.176493,33.27359
NUTRITION_ANAEMIA_CHILDREN_PREV,Prevalence of anaemia in children aged 6-59 months (%),https://www.who.int/data/gho/data/indicators/indicator-details/GHO/anaemia-in-non-pregnant-women-number-%28in-thousands%29,2014,2014,2014,EMR,Eastern Mediterranean,ARE,United Arab Emirates,SEVERITY,SEVERITY_SEVERE,Severe,0.1,0.1 [0.0-0.3],0,0.3
NUTRITION_ANAEMIA_REPRODUCTIVEAGE_PREV,Prevalence of anaemia in women of reproductive age (aged 15-49) (%),https://www.who.int/data/gho/data/indicators/indicator-details/GHO/prevalence-of-anaemia-in-women-of-reproductive-age-%28-%29,2017,2017,2017,EMR,Eastern Mediterranean,ARE,United Arab Emirates,SEX,SEX_FMLE,Female,28.9,28.9 [15.3-40.8],15.3,40.8
NCD_BMI_25C,"Overweight among adults, BMI ≥ 25 kg/m2 (crude estimate) (%)",https://www.who.int/data/gho/data/indicators/indicator-details/GHO/prevalence-of-overweight-among-adults-bmi-greaterequal-25-%28crude-estimate%29-%28-%29,2001,2001,2001,EMR,Eastern Mediterranean,ARE,United Arab Emirates,SEX,SEX_MLE,Male,64.085799,64.1 [60.8-67.4],60.811281,67.368799
NCD_BMI_MINUS2C,"Thinness among children and adolescents, BMI-for-age < -2 standard deviations below the median (%)",https://www.who.int/data/gho/data/indicators/indicator-details/GHO/prevalence-of-thinness-among-children-and-adolescents-bmi--2-standard-deviations-below-the-median-%28crude-estimate%29-%28-%29,2022,2022,2022,EMR,Eastern Mediterranean,ARE,United Arab Emirates,SEX,SEX_MLE,Male,3.4489632,3.4 [1.0-7.8],1.0164695,7.7582054
NCD_BMI_PLUS2C,"Obesity among children and adolescents, BMI-for-age > +2 standard deviations above the median (crude estimate) (%)",https://www.who.int/data/gho/data/indicators/indicator-details/GHO/prevalence-of-obesity-among-children-and-adolescents-bmi-2-standard-deviations-above-the-median-%28crude-estimate%29-%28-%29,2007,2007,2007,EMR,Eastern Mediterranean,ARE,United Arab Emirates,SEX,SEX_MLE,Male,18.313792,18.3 [14.3-22.7],14.297694,22.651649
NCD_BMI_PLUS1C,"Overweight among children and adolescents, BMI-for-age > +1 standard deviations above the median (crude estimate) (%)",https://www.who.int/data/gho/data/indicators/indicator-details/GHO/prevalence-of-overweight-among-children-and-adolescents-bmi-1-standard-deviations-above-the-median-%28crude-estimate%29-%28-%29,2012,2012,2012,EMR,Eastern Mediterranean,ARE,United Arab Emirates,SEX,SEX_MLE,Male,44.011912,44.0 [40.9-47.1],40.901265,47.130975
NCD_BMI_30C,"Obesity among adults, BMI ≥ 30 kg/m2 (crude estimate) (%)",https://www.who.int/data/gho/data/indicators/indicator-details/GHO/prevalence-of-obesity-among-adults-bmi--30-%28crude-estimate%29-%28-%29,2008,2008,2008,EMR,Eastern Mediterranean,ARE,United Arab Emirates,SEX,SEX_BTSX,Both sexes,29.29408,29.3 [27.1-31.6],27.107266,31.599393
NCD_BMI_30A,"Obesity among adults, BMI ≥ 30 kg/m2 (age-standardized estimate) (%)",https://www.who.int/data/gho/data/indicators/indicator-details/GHO/prevalence-of-obesity-among-adults-bmi--30-%28age-standardized-estimate%29-%28-%29,2009,2009,2009,EMR,Eastern Mediterranean,ARE,United Arab Emirates,SEX,SEX_FMLE,Female,38.779426,38.8 [35.9-41.7],35.930765,41.705859
NCD_BMI_30C,"Obesity among adults, BMI ≥ 30 kg/m2 (crude estimate) (%)",https://www.who.int/data/gho/data/indicators/indicator-details/GHO/prevalence-of-obesity-among-adults-bmi--30-%28crude-estimate%29-%28-%29,2021,2021,2021,EMR,Eastern Mediterranean,ARE,United Arab Emirates,SEX,SEX_MLE,Male,28.136852,28.1 [23.4-33.1],23.389399,33.134305
NCD_BMI_PLUS1C,"Overweight among children and adolescents, BMI-for-age > +1 standard deviations above the median (crude estimate) (%)",https://www.who.int/data/gho/data/indicators/indicator-details/GHO/prevalence-of-overweight-among-children-and-adolescents-bmi-1-standard-deviations-above-the-median-%28crude-estimate%29-%28-%29,2019,2019,2019,EMR,Eastern Mediterranean,ARE,United Arab Emirates,SEX,SEX_FMLE,Female,39.078629,39.1 [33.1-45.2],33.122918,45.150056
NUTRITION_ANAEMIA_REPRODUCTIVEAGE_NUM,Number of women of reproductive age (aged 15-49 years) with anaemia (thousands),https://www.who.int/data/gho/data/indicators/indicator-details/GHO/anaemia-in-women-of-reproductive-age-number-%28in-thousands%29,2014,2014,2014,EMR,Eastern Mediterranean,ARE,United Arab Emirates,SEX,SEX_FMLE,Female,530.5,530.5 [266.9-937.8],266.9,937.8
NCD_BMI_18A,"Underweight among adults, BMI < 18.5 kg/m2 (age-standardized estimate) (%)",https://www.who.int/data/gho/data/indicators/indicator-details/GHO/prevalence-of-underweight-among-adults-bmi-18-%28age-standardized-estimate%29-%28-%29,2018,2018,2018,EMR,Eastern Mediterranean,ARE,United Arab Emirates,SEX,SEX_BTSX,Both sexes,2.7553003,2.8 [2.0-3.7],1.962759,3.7266254
NUTRITION_ANAEMIA_REPRODUCTIVEAGE_NUM,Number of women of reproductive age (aged 15-49 years) with anaemia (thousands),https://www.who.int/data/gho/data/indicators/indicator-details/GHO/anaemia-in-women-of-reproductive-age-number-%28in-thousands%29,2008,2008,2008,EMR,Eastern Mediterranean,ARE,United Arab Emirates,SEX,SEX_FMLE,Female,354.9,354.9 [175.9-638.5],175.9,638.5
NCD_BMI_PLUS1C,"Overweight among children and adolescents, BMI-for-age > +1 standard deviations above the median (crude estimate) (%)",https://www.who.int/data/gho/data/indicators/indicator-details/GHO/prevalence-of-overweight-among-children-and-adolescents-bmi-1-standard-deviations-above-the-median-%28crude-estimate%29-%28-%29,2015,2015,2015,EMR,Eastern Mediterranean,ARE,United Arab Emirates,SEX,SEX_BTSX,Both sexes,41.731349,41.7 [39.2-44.2],39.225981,44.208616
NCD_BMI_PLUS1C,"Overweight among children and adolescents, BMI-for-age > +1 standard deviations above the median (crude estimate) (%)",https://www.who.int/data/gho/data/indicators/indicator-details/GHO/prevalence-of-overweight-among-children-and-adolescents-bmi-1-standard-deviations-above-the-median-%28crude-estimate%29-%28-%29,1999,1999,1999,EMR,Eastern Mediterranean,ARE,United Arab Emirates,SEX,SEX_BTSX,Both sexes,31.790739,31.8 [27.9-35.6],27.8781,35.647991
NCD_BMI_30C,"Obesity among adults, BMI ≥ 30 kg/m2 (crude estimate) (%)",https://www.who.int/data/gho/data/indicators/indicator-details/GHO/prevalence-of-obesity-among-adults-bmi--30-%28crude-estimate%29-%28-%29,1998,1998,1998,EMR,Eastern Mediterranean,ARE,United Arab Emirates,SEX,SEX_FMLE,Female,31.757975,31.8 [28.6-35.0],28.589407,35.022682
NUTRITION_ANAEMIA_CHILDREN_NUM,Number of children aged 6-59 months with anaemia (thousands),https://www.who.int/data/gho/data/indicators/indicator-details/GHO/anaemia-in-children-under-5-years-number,2018,2018,2018,EMR,Eastern Mediterranean,ARE,United Arab Emirates,SEVERITY,SEVERITY_SEVERE,Severe,0.39,0.39 [0.02-1.79],0.02,1.79
NCD_BMI_PLUS1C,"Overweight among children and adolescents, BMI-for-age > +1 standard deviations above the median (crude estimate) (%)",https://www.who.int/data/gho/data/indicators/indicator-details/GHO/prevalence-of-overweight-among-children-and-adolescents-bmi-1-standard-deviations-above-the-median-%28crude-estimate%29-%28-%29,1990,1990,1990,EMR,Eastern Mediterranean,ARE,United Arab Emirates,SEX,SEX_FMLE,Female,24.739075,24.7 [15.5-35.1],15.545487,35.099509
NCD_BMI_MINUS2C,"Thinness among children and adolescents, BMI-for-age < -2 standard deviations below the median (%)",https://www.who.int/data/gho/data/indicators/indicator-details/GHO/prevalence-of-thinness-among-children-and-adolescents-bmi--2-standard-deviations-below-the-median-%28crude-estimate%29-%28-%29,2022,2022,2022,EMR,Eastern Mediterranean,ARE,United Arab Emirates,SEX,SEX_FMLE,Female,3.064182,3.1 [1.6-5.3],1.5650397,5.2517988
NCD_BMI_PLUS1C,"Overweight among children and adolescents, BMI-for-age > +1 standard deviations above the median (crude estimate) (%)",https://www.who.int/data/gho/data/indicators/indicator-details/GHO/prevalence-of-overweight-among-children-and-adolescents-bmi-1-standard-deviations-above-the-median-%28crude-estimate%29-%28-%29,2013,2013,2013,EMR,Eastern Mediterranean,ARE,United Arab Emirates,SEX,SEX_MLE,Male,39.637822,39.6 [30.8-48.8],30.801827,48.754019
NCD_BMI_PLUS1C,"Overweight among children and adolescents, BMI-for-age > +1 standard deviations above the median (crude estimate) (%)",https://www.who.int/data/gho/data/indicators/indicator-details/GHO/prevalence-of-overweight-among-children-and-adolescents-bmi-1-standard-deviations-above-the-median-%28crude-estimate%29-%28-%29,2011,2011,2011,EMR,Eastern Mediterranean,ARE,United Arab Emirates,SEX,SEX_BTSX,Both sexes,39.846838,39.8 [37.7-42.0],37.666115,42.036584
NCD_BMI_PLUS1C,"Overweight among children and adolescents, BMI-for-age > +1 standard deviations above the median (crude estimate) (%)",https://www.who.int/data/gho/data/indicators/indicator-details/GHO/prevalence-of-overweight-among-children-and-adolescents-bmi-1-standard-deviations-above-the-median-%28crude-estimate%29-%28-%29,2011,2011,2011,EMR,Eastern Mediterranean,ARE,United Arab Emirates,SEX,SEX_FMLE,Female,35.301724,35.3 [27.0-43.9],27.034768,43.886089
NUTRITION_ANAEMIA_REPRODUCTIVEAGE_PREV,Prevalence of anaemia in women of reproductive age (aged 15-49) (%),https://www.who.int/data/gho/data/indicators/indicator-details/GHO/prevalence-of-anaemia-in-women-of-reproductive-age-%28-%29,2023,2023,2023,EMR,Eastern Mediterranean,ARE,United Arab Emirates,SEX,SEX_FMLE,Female,28.2,28.2 [10.9-53.7],10.9,53.7
NCD_BMI_PLUS2C,"Obesity among children and adolescents, BMI-for-age > +2 standard deviations above the median (crude estimate) (%)",https://www.who.int/data/gho/data/indicators/indicator-details/GHO/prevalence-of-obesity-among-children-and-adolescents-bmi-2-standard-deviations-above-the-median-%28crude-estimate%29-%28-%29,2008,2008,2008,EMR,Eastern Mediterranean,ARE,United Arab Emirates,SEX,SEX_MLE,Male,18.770002,18.8 [14.7-23.1],14.74584,23.063971
NCD_BMI_25A,"Overweight among adults, BMI ≥ 25 kg/m2 (age-standardized estimate) (%)",https://www.who.int/data/gho/data/indicators/indicator-details/GHO/prevalence-of-overweight-among-adults-bmi--25-%28age-standardized-estimate%29-%28-%29,1999,1999,1999,EMR,Eastern Mediterranean,ARE,United Arab Emirates,SEX,SEX_MLE,Male,63.309819,63.3 [59.9-66.7],59.873557,66.719371
NCD_BMI_MINUS2C,"Thinness among children and adolescents, BMI-for-age < -2 standard deviations below the median (%)",https://www.who.int/data/gho/data/indicators/indicator-details/GHO/prevalence-of-thinness-among-children-and-adolescents-bmi--2-standard-deviations-below-the-median-%28crude-estimate%29-%28-%29,1994,1994,1994,EMR,Eastern Mediterranean,ARE,United Arab Emirates,SEX,SEX_FMLE,Female,3.97879,4.0 [1.3-8.8],1.3112393,8.8178426
NCD_BMI_PLUS1C,"Overweight among children and adolescents, BMI-for-age > +1 standard deviations above the median (crude estimate) (%)",https://www.who.int/data/gho/data/indicators/indicator-details/GHO/prevalence-of-overweight-among-children-and-adolescents-bmi-1-standard-deviations-above-the-median-%28crude-estimate%29-%28-%29,2022,2022,2022,EMR,Eastern Mediterranean,ARE,United Arab Emirates,SEX,SEX_BTSX,Both sexes,41.653848,41.7 [34.0-49.4],33.951727,49.410382
NCD_BMI_30C,"Obesity among adults, BMI ≥ 30 kg/m2 (crude estimate) (%)",https://www.who.int/data/gho/data/indicators/indicator-details/GHO/prevalence-of-obesity-among-adults-bmi--30-%28crude-estimate%29-%28-%29,2010,2010,2010,EMR,Eastern Mediterranean,ARE,United Arab Emirates,SEX,SEX_BTSX,Both sexes,29.999173,30.0 [27.8-32.2],27.767408,32.223904
NCD_BMI_MINUS2C,"Thinness among children and adolescents, BMI-for-age < -2 standard deviations below the median (%)",https://www.who.int/data/gho/data/indicators/indicator-details/GHO/prevalence-of-thinness-among-children-and-adolescents-bmi--2-standard-deviations-below-the-median-%28crude-estimate%29-%28-%29,1999,1999,1999,EMR,Eastern Mediterranean,ARE,United Arab Emirates,SEX,SEX_BTSX,Both sexes,4.4512812,4.5 [3.1-6.1],3.0859835,6.1439503
NCD_BMI_30A,"Obesity among adults, BMI ≥ 30 kg/m2 (age-standardized estimate) (%)",https://www.who.int/data/gho/data/indicators/indicator-details/GHO/prevalence-of-obesity-among-adults-bmi--30-%28age-standardized-estimate%29-%28-%29,2004,2004,2004,EMR,Eastern Mediterranean,ARE,United Arab Emirates,SEX,SEX_BTSX,Both sexes,27.984449,28.0 [25.8-30.3],25.7552,30.311364
NCD_BMI_18C,"Underweight among adults, BMI < 18.5 kg/m2 (crude estimate) (%)",https://www.who.int/data/gho/data/indicators/indicator-details/GHO/prevalence-of-underweight-among-adults-bmi-18-%28crude-estimate%29-%28-%29,2020,2020,2020,EMR,Eastern Mediterranean,ARE,United Arab Emirates,SEX,SEX_MLE,Male,2.5157457,2.5 [1.4-4.0],1.4055016,3.985434
NCD_BMI_MINUS2C,"Thinness among children and adolescents, BMI-for-age < -2 standard deviations below the median (%)",https://www.who.int/data/gho/data/indicators/indicator-details/GHO/prevalence-of-thinness-among-children-and-adolescents-bmi--2-standard-deviations-below-the-median-%28crude-estimate%29-%28-%29,1998,1998,1998,EMR,Eastern Mediterranean,ARE,United Arab Emirates,SEX,SEX_FMLE,Female,3.679112,3.7 [2.2-5.7],2.1814674,5.7048585
NCD_BMI_PLUS1C,"Overweight among children and adolescents, BMI-for-age > +1 standard deviations above the median (crude estimate) (%)",https://www.who.int/data/gho/data/indicators/indicator-details/GHO/prevalence-of-overweight-among-children-and-adolescents-bmi-1-standard-deviations-above-the-median-%28crude-estimate%29-%28-%29,2020,2020,2020,EMR,Eastern Mediterranean,ARE,United Arab Emirates,SEX,SEX_FMLE,Female,39.078021,39.1 [29.2-48.9],29.162082,48.895988
NCD_BMI_25C,"Overweight among adults, BMI ≥ 25 kg/m2 (crude estimate) (%)",https://www.who.int/data/gho/data/indicators/indicator-details/GHO/prevalence-of-overweight-among-adults-bmi-greaterequal-25-%28crude-estimate%29-%28-%29,2008,2008,2008,EMR,Eastern Mediterranean,ARE,United Arab Emirates,SEX,SEX_FMLE,Female,66.666168,66.7 [64.1-69.2],64.059681,69.216615
NCD_BMI_25C,"Overweight among adults, BMI ≥ 25 kg/m2 (crude estimate) (%)",https://www.who.int/data/gho/data/indicators/indicator-details/GHO/prevalence-of-overweight-among-adults-bmi-greaterequal-25-%28crude-estimate%29-%28-%29,2003,2003,2003,EMR,Eastern Mediterranean,ARE,United Arab Emirates,SEX,SEX_MLE,Male,65.939039,65.9 [62.8-69.0],62.789756,69.030517
NCD_BMI_MINUS2C,"Thinness among children and adolescents, BMI-for-age < -2 standard deviations below the median (%)",https://www.who.int/data/gho/data/indicators/indicator-details/GHO/prevalence-of-thinness-among-children-and-adolescents-bmi--2-standard-deviations-below-the-median-%28crude-estimate%29-%28-%29,2005,2005,2005,EMR,Eastern Mediterranean,ARE,United Arab Emirates,SEX,SEX_FMLE,Female,3.0861802,3.1 [1.8-4.9],1.831043,4.9384657
NCD_BMI_MINUS2C,"Thinness among children and adolescents, BMI-for-age < -2 standard deviations below the median (%)",https://www.who.int/data/gho/data/indicators/indicator-details/GHO/prevalence-of-thinness-among-children-and-adolescents-bmi--2-standard-deviations-below-the-median-%28crude-estimate%29-%28-%29,2014,2014,2014,EMR,Eastern Mediterranean,ARE,United Arab Emirates,SEX,SEX_BTSX,Both sexes,3.9106011,3.9 [3.1-4.8],3.1031279,4.8236214
NCD_BMI_PLUS1C,"Overweight among children and adolescents, BMI-for-age > +1 standard deviations above the median (crude estimate) (%)",https://www.who.int/data/gho/data/indicators/indicator-details/GHO/prevalence-of-overweight-among-children-and-adolescents-bmi-1-standard-deviations-above-the-median-%28crude-estimate%29-%28-%29,1991,1991,1991,EMR,Eastern Mediterranean,ARE,United Arab Emirates,SEX,SEX_BTSX,Both sexes,26.110065,26.1 [20.7-31.9],20.660371,31.884599
NCD_BMI_30C,"Obesity among adults, BMI ≥ 30 kg/m2 (crude estimate) (%)",https://www.who.int/data/gho/data/indicators/indicator-details/GHO/prevalence-of-obesity-among-adults-bmi--30-%28crude-estimate%29-%28-%29,1993,1993,1993,EMR,Eastern Mediterranean,ARE,United Arab Emirates,SEX,SEX_MLE,Male,16.666348,16.7 [13.3-20.4],13.343559,20.359874
NCD_BMI_MINUS2C,"Thinness among children and adolescents, BMI-for-age < -2 standard deviations below the median (%)",https://www.who.int/data/gho/data/indicators/indicator-details/GHO/prevalence-of-thinness-among-children-and-adolescents-bmi--2-standard-deviations-below-the-median-%28crude-estimate%29-%28-%29,2014,2014,2014,EMR,Eastern Mediterranean,ARE,United Arab Emirates,SEX,SEX_FMLE,Female,2.9626567,3.0 [1.8-4.6],1.8295569,4.6343163
NUTRITION_ANAEMIA_CHILDREN_PREV,Prevalence of anaemia in children aged 6-59 months (%),https://www.who.int/data/gho/data/indicators/indicator-details/GHO/anaemia-in-non-pregnant-women-number-%28in-thousands%29,2019,2019,2019,EMR,Eastern Mediterranean,ARE,United Arab Emirates,SEX,SEX_BTSX,Both sexes,20.4,20.4 [7.6-38.1],7.6,38.1
NUTRITION_ANAEMIA_CHILDREN_PREV,Prevalence of anaemia in children aged 6-59 months (%),https://www.who.int/data/gho/data/indicators/indicator-details/GHO/anaemia-in-non-pregnant-women-number-%28in-thousands%29,2006,2006,2006,EMR,Eastern Mediterranean,ARE,United Arab Emirates,SEX,SEX_BTSX,Both sexes,18.9,18.9 [8.6-35.3],8.6,35.3
NCD_BMI_18A,"Underweight among adults, BMI < 18.5 kg/m2 (age-standardized estimate) (%)",https://www.who.int/data/gho/data/indicators/indicator-details/GHO/prevalence-of-underweight-among-adults-bmi-18-%28age-standardized-estimate%29-%28-%29,2005,2005,2005,EMR,Eastern Mediterranean,ARE,United Arab Emirates,SEX,SEX_FMLE,Female,2.4126533,2.4 [1.7-3.3],1.7097946,3.2714576
NCD_BMI_MINUS2C,"Thinness among children and adolescents, BMI-for-age < -2 standard deviations below the median (%)",https://www.who.int/data/gho/data/indicators/indicator-details/GHO/prevalence-of-thinness-among-children-and-adolescents-bmi--2-standard-deviations-below-the-median-%28crude-estimate%29-%28-%29,1999,1999,1999,EMR,Eastern Mediterranean,ARE,United Arab Emirates,SEX,SEX_FMLE,Female,3.4999393,3.5 [2.0-5.7],1.9588595,5.6930892
NUTRITION_ANAEMIA_CHILDREN_PREV,Prevalence of anaemia in children aged 6-59 months (%),https://www.who.int/data/gho/data/indicators/indicator-details/GHO/anaemia-in-non-pregnant-women-number-%28in-thousands%29,2014,2014,2014,EMR,Eastern Mediterranean,ARE,United Arab Emirates,SEX,SEX_BTSX,Both sexes,19.3,19.3 [8.6-34.7],8.6,34.7
NCD_BMI_PLUS1C,"Overweight among children and adolescents, BMI-for-age > +1 standard deviations above the median (crude estimate) (%)",https://www.who.int/data/gho/data/indicators/indicator-details/GHO/prevalence-of-overweight-among-children-and-adolescents-bmi-1-standard-deviations-above-the-median-%28crude-estimate%29-%28-%29,2004,2004,2004,EMR,Eastern Mediterranean,ARE,United Arab Emirates,SEX,SEX_BTSX,Both sexes,34.856343,34.9 [31.5-38.3],31.491432,38.296026
NUTRITION_ANAEMIA_CHILDREN_PREV,Prevalence of anaemia in children aged 6-59 months (%),https://www.who.int/data/gho/data/indicators/indicator-details/GHO/anaemia-in-non-pregnant-women-number-%28in-thousands%29,2008,2008,2008,EMR,Eastern Mediterranean,ARE,United Arab Emirates,SEVERITY,SEVERITY_MILD,Mild,14.3,14.3 [6.9-25.0],6.9,25
NCD_BMI_30C,"Obesity among adults, BMI ≥ 30 kg/m2 (crude estimate) (%)",https://www.who.int/data/gho/data/indicators/indicator-details/GHO/prevalence-of-obesity-among-adults-bmi--30-%28crude-estimate%29-%28-%29,2005,2005,2005,EMR,Eastern Mediterranean,ARE,United Arab Emirates,SEX,SEX_FMLE,Female,35.617781,35.6 [32.8-38.5],32.786047,38.4859
NCD_BMI_18C,"Underweight among adults, BMI < 18.5 kg/m2 (crude estimate) (%)",https://www.who.int/data/gho/data/indicators/indicator-details/GHO/prevalence-of-underweight-among-adults-bmi-18-%28crude-estimate%29-%28-%29,1993,1993,1993,EMR,Eastern Mediterranean,ARE,United Arab Emirates,SEX,SEX_FMLE,Female,3.5898402,3.6 [2.1-5.5],2.138428,5.5387948
NCD_BMI_PLUS2C,"Obesity among children and adolescents, BMI-for-age > +2 standard deviations above the median (crude estimate) (%)",https://www.who.int/data/gho/data/indicators/indicator-details/GHO/prevalence-of-obesity-among-children-and-adolescents-bmi-2-standard-deviations-above-the-median-%28crude-estimate%29-%28-%29,1992,1992,1992,EMR,Eastern Mediterranean,ARE,United Arab Emirates,SEX,SEX_FMLE,Female,7.9461344,7.9 [3.8-13.9],3.7549928,13.856485
NCD_BMI_PLUS1C,"Overweight among children and adolescents, BMI-for-age > +1 standard deviations above the median (crude estimate) (%)",https://www.who.int/data/gho/data/indicators/indicator-details/GHO/prevalence-of-overweight-among-children-and-adolescents-bmi-1-standard-deviations-above-the-median-%28crude-estimate%29-%28-%29,2000,2000,2000,EMR,Eastern Mediterranean,ARE,United Arab Emirates,SEX,SEX_MLE,Male,33.307499,33.3 [27.9-38.8],27.92441,38.782215
NCD_BMI_MINUS2C,"Thinness among children and adolescents, BMI-for-age < -2 standard deviations below the median (%)",https://www.who.int/data/gho/data/indicators/indicator-details/GHO/prevalence-of-thinness-among-children-and-adolescents-bmi--2-standard-deviations-below-the-median-%28crude-estimate%29-%28-%29,2006,2006,2006,EMR,Eastern Mediterranean,ARE,United Arab Emirates,SEX,SEX_BTSX,Both sexes,3.1137977,3.1 [1.6-5.4],1.6202642,5.3561099
NCD_BMI_PLUS1C,"Overweight among children and adolescents, BMI-for-age > +1 standard deviations above the median (crude estimate) (%)",https://www.who.int/data/gho/data/indicators/indicator-details/GHO/prevalence-of-overweight-among-children-and-adolescents-bmi-1-standard-deviations-above-the-median-%28crude-estimate%29-%28-%29,2005,2005,2005,EMR,Eastern Mediterranean,ARE,United Arab Emirates,SEX,SEX_BTSX,Both sexes,35.578564,35.6 [32.3-38.9],32.284439,38.941795
NCD_BMI_25A,"Overweight among adults, BMI ≥ 25 kg/m2 (age-standardized estimate) (%)",https://www.who.int/data/gho/data/indicators/indicator-details/GHO/prevalence-of-overweight-among-adults-bmi--25-%28age-standardized-estimate%29-%28-%29,2018,2018,2018,EMR,Eastern Mediterranean,ARE,United Arab Emirates,SEX,SEX_BTSX,Both sexes,70.723593,70.7 [68.2-73.2],68.230408,73.212302
NCD_BMI_25C,"Overweight among adults, BMI ≥ 25 kg/m2 (crude estimate) (%)",https://www.who.int/data/gho/data/indicators/indicator-details/GHO/prevalence-of-overweight-among-adults-bmi-greaterequal-25-%28crude-estimate%29-%28-%29,2016,2016,2016,EMR,Eastern Mediterranean,ARE,United Arab Emirates,SEX,SEX_FMLE,Female,67.053711,67.1 [64.1-70.0],64.111871,70.029181
NCD_BMI_30C,"Obesity among adults, BMI ≥ 30 kg/m2 (crude estimate) (%)",https://www.who.int/data/gho/data/indicators/indicator-details/GHO/prevalence-of-obesity-among-adults-bmi--30-%28crude-estimate%29-%28-%29,1999,1999,1999,EMR,Eastern Mediterranean,ARE,United Arab Emirates,SEX,SEX_FMLE,Female,32.236868,32.2 [29.2-35.4],29.163474,35.378367
NCD_BMI_PLUS1C,"Overweight among children and adolescents, BMI-for-age > +1 standard deviations above the median (crude estimate) (%)",https://www.who.int/data/gho/data/indicators/indicator-details/GHO/prevalence-of-overweight-among-children-and-adolescents-bmi-1-standard-deviations-above-the-median-%28crude-estimate%29-%28-%29,2018,2018,2018,EMR,Eastern Mediterranean,ARE,United Arab Emirates,SEX,SEX_FMLE,Female,38.908327,38.9 [34.5-43.4],34.487855,43.359593
NUTRITION_ANAEMIA_CHILDREN_NUM,Number of children aged 6-59 months with anaemia (thousands),https://www.who.int/data/gho/data/indicators/indicator-details/GHO/anaemia-in-children-under-5-years-number,2005,2005,2005,EMR,Eastern Mediterranean,ARE,United Arab Emirates,SEVERITY,SEVERITY_MODERATE,Moderate,14.9,14.9 [4.34-41.4],4.34,41.4
NCD_BMI_MINUS2C,"Thinness among children and adolescents, BMI-for-age < -2 standard deviations below the median (%)",https://www.who.int/data/gho/data/indicators/indicator-details/GHO/prevalence-of-thinness-among-children-and-adolescents-bmi--2-standard-deviations-below-the-median-%28crude-estimate%29-%28-%29,2018,2018,2018,EMR,Eastern Mediterranean,ARE,United Arab Emirates,SEX,SEX_BTSX,Both sexes,3.0516859,3.1 [1.5-5.4],1.5268776,5.3745788
NCD_BMI_PLUS1C,"Overweight among children and adolescents, BMI-for-age > +1 standard deviations above the median (crude estimate) (%)",https://www.who.int/data/gho/data/indicators/indicator-details/GHO/prevalence-of-overweight-among-children-and-adolescents-bmi-1-standard-deviations-above-the-median-%28crude-estimate%29-%28-%29,2018,2018,2018,EMR,Eastern Mediterranean,ARE,United Arab Emirates,SEX,SEX_FMLE,Female,38.697594,38.7 [33.1-44.3],33.136949,44.303676
NCD_BMI_30C,"Obesity among adults, BMI ≥ 30 kg/m2 (crude estimate) (%)",https://www.who.int/data/gho/data/indicators/indicator-details/GHO/prevalence-of-obesity-among-adults-bmi--30-%28crude-estimate%29-%28-%29,1994,1994,1994,EMR,Eastern Mediterranean,ARE,United Arab Emirates,SEX,SEX_BTSX,Both sexes,20.4574,20.5 [17.8-23.4],17.846525,23.38313
NCD_BMI_MINUS2C,"Thinness among children and adolescents, BMI-for-age < -2 standard deviations below the median (%)",https://www.who.int/data/gho/data/indicators/indicator-details/GHO/prevalence-of-thinness-among-children-and-adolescents-bmi--2-standard-deviations-below-the-median-%28crude-estimate%29-%28-%29,2015,2015,2015,EMR,Eastern Mediterranean,ARE,United Arab Emirates,SEX,SEX_MLE,Male,3.1796966,3.2 [1.2-6.5],1.1948876,6.5495603
NCD_BMI_PLUS2C,"Obesity among children and adolescents, BMI-for-age > +2 standard deviations above the median (crude estimate) (%)",https://www.who.int/data/gho/data/indicators/indicator-details/GHO/prevalence-of-obesity-among-children-and-adolescents-bmi-2-standard-deviations-above-the-median-%28crude-estimate%29-%28-%29,2017,2017,2017,EMR,Eastern Mediterranean,ARE,United Arab Emirates,SEX,SEX_MLE,Male,23.006509,23.0 [19.1-27.0],19.087228,27.037013
NUTRITION_ANAEMIA_CHILDREN_PREV,Prevalence of anaemia in children aged 6-59 months (%),https://www.who.int/data/gho/data/indicators/indicator-details/GHO/anaemia-in-non-pregnant-women-number-%28in-thousands%29,2014,2014,2014,EMR,Eastern Mediterranean,ARE,United Arab Emirates,SEVERITY,SEVERITY_MILD,Mild,14.6,14.6 [6.9-25.2],6.9,25.2
NUTRITION_ANAEMIA_CHILDREN_NUM,Number of children aged 6-59 months with anaemia (thousands),https://www.who.int/data/gho/data/indicators/indicator-details/GHO/anaemia-in-children-under-5-years-number,2002,2002,2002,EMR,Eastern Mediterranean,ARE,United Arab Emirates,SEVERITY,SEVERITY_MILD,Mild,34.5,34.5 [16.5-62.5],16.5,62.5
NCD_BMI_30A,"Obesity among adults, BMI ≥ 30 kg/m2 (age-standardized estimate) (%)",https://www.who.int/data/gho/data/indicators/indicator-details/GHO/prevalence-of-obesity-among-adults-bmi--30-%28age-standardized-estimate%29-%28-%29,1992,1992,1992,EMR,Eastern Mediterranean,ARE,United Arab Emirates,SEX,SEX_MLE,Male,15.824114,15.8 [12.5-19.5],12.531006,19.530627
NCD_BMI_MINUS2C,"Thinness among children and adolescents, BMI-for-age < -2 standard deviations below the median (%)",https://www.who.int/data/gho/data/indicators/indicator-details/GHO/prevalence-of-thinness-among-children-and-adolescents-bmi--2-standard-deviations-below-the-median-%28crude-estimate%29-%28-%29,2022,2022,2022,EMR,Eastern Mediterranean,ARE,United Arab Emirates,SEX,SEX_MLE,Male,5.059883,5.1 [2.6-8.4],2.634326,8.3672315
NCD_BMI_18A,"Underweight among adults, BMI < 18.5 kg/m2 (age-standardized estimate) (%)",https://www.who.int/data/gho/data/indicators/indicator-details/GHO/prevalence-of-underweight-among-adults-bmi-18-%28age-standardized-estimate%29-%28-%29,2009,2009,2009,EMR,Eastern Mediterranean,ARE,United Arab Emirates,SEX,SEX_MLE,Male,3.0031666,3.0 [2.0-4.2],2.014558,4.1932371
NUTRITION_ANAEMIA_CHILDREN_PREV,Prevalence of anaemia in children aged 6-59 months (%),https://www.who.int/data/gho/data/indicators/indicator-details/GHO/anaemia-in-non-pregnant-women-number-%28in-thousands%29,2018,2018,2018,EMR,Eastern Mediterranean,ARE,United Arab Emirates,SEVERITY,SEVERITY_SEVERE,Severe,0.1,0.1 [0.0-0.4],0,0.4
NCD_BMI_PLUS2C,"Obesity among children and adolescents, BMI-for-age > +2 standard deviations above the median (crude estimate) (%)",https://www.who.int/data/gho/data/indicators/indicator-details/GHO/prevalence-of-obesity-among-children-and-adolescents-bmi-2-standard-deviations-above-the-median-%28crude-estimate%29-%28-%29,2002,2002,2002,EMR,Eastern Mediterranean,ARE,United Arab Emirates,SEX,SEX_BTSX,Both sexes,14.448096,14.4 [11.8-17.3],11.781726,17.341961
NCD_CCS_TransFat,Existence of national policies on trans-fatty acid elimination,https://www.who.int/data/gho/data/indicators/indicator-details/GHO/uhctransfats-policy-best-practice-industrially-produced-tfa,2021,2021,2021,EMR,Eastern Mediterranean,ARE,United Arab Emirates,,,,,Yes,,
NCD_BMI_25A,"Overweight among adults, BMI ≥ 25 kg/m2 (age-standardized estimate) (%)",https://www.who.int/data/gho/data/indicators/indicator-details/GHO/prevalence-of-overweight-among-adults-bmi--25-%28age-standardized-estimate%29-%28-%29,1997,1997,1997,EMR,Eastern Mediterranean,ARE,United Arab Emirates,SEX,SEX_FMLE,Female,64.500952,64.5 [61.1-67.9],61.090177,67.882359
